scope,variant,cohort,n_days,albedo,storage_fraction,delivered_water_l_m2,mean_daily_max_surface_c,mean_surface_c,mean_air_excess_k_h,mean_watering_effect_k_h,min_daily_watering_effect_k_h,max_daily_watering_effect_k_h,mean_daily_max_reduction_by_watering_k,mean_daily_mean_reduction_by_watering_k,mean_reflected_shortwave_mj_m2,mean_initial_surface_water_kg_m2,mean_initial_base_water_kg_m2,mean_final_surface_water_kg_m2,mean_final_base_water_kg_m2,mean_extra_evaporation_vs_no_water_kg_m2,mean_interaction_k_h,mean_absorbed_shortwave_j_m2,mean_downward_kg_m2,mean_drained_kg_m2,mean_evaporated_kg_m2,mean_ground_out_j_m2,mean_irrigation_kg_m2,mean_latent_out_j_m2,mean_net_longwave_j_m2,mean_rain_kg_m2,mean_runoff_kg_m2,mean_sensible_out_j_m2,mean_upward_kg_m2,mean_water_enthalpy_net_j_m2
baseline_all,baseline,winter_zero_recorded_amount,1,0.1,0.0,0.0,26.95429725021186,8.894339205489759,87.28742310149374,0.0,0.0,0.0,0.0,0.0,1.294,0.0,0.0,0.0,0.0,0.0,0.0,11646000.0,0.0,0.0,0.0,1784214.2831132084,0.0,0.0,-5485244.088727424,0.0,0.0,3974628.5427415096,0.0,0.0
baseline_all,baseline,winter_zero_recorded_amount,1,0.1,0.05,0.29750000000000004,26.93124825591093,8.889666000129553,87.14305230486495,0.1443707966287917,0.1443707966287917,0.1443707966287917,0.023048994300928882,0.004673205360205657,1.294,0.0,0.0,0.00554046004971847,2.5876800872642642e-06,0.0031446420321901594,0.0,11646000.0,0.28881489791809073,0.2888123102380035,0.0031446420321901594,1786261.4372023414,0.2974999999999989,7704.37297886589,-5482618.946487004,0.0,0.0,3967352.2219870114,0.0,490.41888457087276
baseline_all,baseline,winter_zero_recorded_amount,1,0.1,0.1,0.5950000000000001,26.908160742530647,8.884989334205954,86.998730113742,0.28869298775174457,0.28869298775174457,0.28869298775174457,0.04613650768121147,0.00934987128380449,1.294,0.0,0.0,0.011081485389642121,5.175624194157647e-06,0.006277779023727336,0.0,11646000.0,0.5776407355866303,0.5776355599624361,0.006277779023727336,1788299.6587887844,0.5949999999999978,15380.55860813197,-5480003.897580873,0.0,0.0,3960102.2291790447,0.0,977.5150855355811
baseline_all,baseline,winter_zero_recorded_amount,1,0.1,0.15,0.8925,26.884786427006315,8.880250659576655,86.85297543812844,0.4344476633653045,0.4344476633653045,0.4344476633653045,0.06951082320554391,0.014088545913104156,1.294,0.0,0.0,0.016673079501981696,7.787186521242824e-06,0.009424077048960705,0.0,11646000.0,0.8664028434490589,0.866395056262539,0.009424077048960705,1790289.762258676,0.8925000000000031,23088.988769953732,-5477368.809386457,0.0,0.0,3952795.939296981,0.0,1365.9711553849918
baseline_all,baseline,winter_zero_recorded_amount,1,0.1,0.2,1.1900000000000002,26.859219864627008,8.874987991060001,86.69652567512983,0.5908974263639095,0.5908974263639095,0.5908974263639095,0.09507738558485102,0.019351214429757846,1.294,0.0,0.0,0.02271308997900956,1.0608182376824659e-05,0.01271626487105131,0.0,11646000.0,1.1545706451499385,1.1545600369675784,0.01271626487105131,1791251.8206153228,1.1899999999999955,31154.848934075704,-5474502.007374815,0.0,0.0,3944847.3776876386,0.0,-21.627776047761344
baseline_all,baseline,winter_zero_recorded_amount,1,0.1,0.25,1.4875,26.832943012009203,8.869305939898844,86.53333350397084,0.7540895975229063,0.7540895975229063,0.7540895975229063,0.121354238202656,0.02503326559091512,1.294,0.0,0.0,0.029865724020765032,1.3948830719245186e-05,0.016105379249089592,0.0,11646000.0,1.4415288967301476,1.4415149478994713,0.016105379249089592,1790721.5565892851,1.4875000000000071,39458.179160269516,-5471482.758887449,0.0,0.0,3936465.5979317483,0.0,-3731.8467596735013
baseline_all,baseline,winter_zero_recorded_amount,1,0.1,0.3,1.785,26.806601815303456,8.863872357103508,86.37146803244273,0.9159550690510088,0.9159550690510088,0.9159550690510088,0.1476954349084032,0.03046684838625069,1.294,0.0,0.0,0.039130825123168095,1.8276109936861216e-05,0.019494183054788755,0.0,11646000.0,1.7263749918220515,1.7263567157121784,0.019494183054788755,1790533.7888648126,1.7850000000000061,47760.74848423246,-5468578.105042647,0.0,0.0,3928412.6763129723,0.0,-6370.742529955634
baseline_all,baseline,winter_zero_recorded_amount,1,0.1,0.35,2.0825,26.780213737624145,8.858698479775247,86.21270257338468,1.0747205281090686,1.0747205281090686,1.0747205281090686,0.17408351258771404,0.03564072571451149,1.294,0.0,0.0,0.05209774828935639,2.4332330642204286e-05,0.022873476686517038,0.0,11646000.0,2.007528775024136,2.007504442693397,0.022873476686517038,1790967.7688503538,2.08250000000001,56040.01788196674,-5465785.537904661,0.0,0.0,3920670.787875525,0.0,-7261.300526587627
baseline_all,baseline,winter_zero_recorded_amount,1,0.1,0.4,2.3800000000000003,26.753787905940296,8.853644651895912,86.05611140818117,1.231311693312577,1.231311693312577,1.231311693312577,0.20050934427156264,0.04069455359384655,1.294,0.0,0.0,0.07134306882610716,3.332088615547768e-05,0.026242647673818287,0.0,11646000.0,2.2824142835000725,2.2823809626137375,0.026242647673818287,1791713.2633429843,2.379999999999991,64294.4868008548,-5463049.335895819,0.0,0.0,3913076.530944067,0.0,-6866.238622690239
baseline_all,baseline,winter_zero_recorded_amount,1,0.1,0.45,2.6775,26.727329765300922,8.848616356699944,85.89992084191353,1.3875022595802164,1.3875022595802164,1.3875022595802164,0.22696748491093643,0.04572284878981492,1.294,0.0,0.0,0.09850016802098766,0.16106699302071883,0.029600268558073035,0.0,11646000.0,2.5493995634209363,2.388332570399978,0.029600268558073035,1792530.8295231038,2.6774999999999958,72520.65796727898,-5460331.782459051,0.0,0.0,3905530.0635389932,0.0,-3185.205725879623
baseline_all,baseline,winter_zero_recorded_amount,1,0.1,0.5,2.975,26.70084297584075,8.843590439403142,85.74386201220743,1.5435610892863139,1.5435610892863139,1.5435610892863139,0.25345427437110857,0.050748766086616826,1.294,0.0,0.0,0.12657790758786758,0.426005490489476,0.0329459646649886,0.0,11646000.0,2.815476127747159,2.3894706372573666,0.0329459646649886,1793338.2583973897,2.9750000000000143,80717.61342922208,-5457623.930488123,0.0,0.0,3898008.663563784,0.0,2175.0989280821227
baseline_all,baseline,winter_zero_recorded_amount,1,0.1,0.55,3.2725000000000004,26.67433017041144,8.83856740090763,85.58795069959723,1.6994724018965144,1.6994724018965144,1.6994724018965144,0.2799670798004179,0.05577180458212894,1.294,0.0,0.0,0.15467438701269573,0.6911465971329834,0.03627966336008908,0.0,11646000.0,3.0815459496272046,2.3903993524939,0.03627966336008908,1794134.479260949,3.2724999999999853,88885.17523221823,-5454925.7762464415,0.0,0.0,3890512.3223329205,0.0,7539.428702092098
baseline_all,baseline,winter_zero_recorded_amount,1,0.1,0.6,3.57,26.647793429979075,8.833547920616727,85.43219982904945,1.8552232724442916,1.8552232724442916,1.8552232724442916,0.3065038202327841,0.06079128487303187,1.294,0.0,0.0,0.18278518708821104,0.9564412996861494,0.03960134396154197,0.0,11646000.0,3.3476134689502466,2.391172169263761,0.03960134396154197,1794919.9739422475,3.5700000000000123,97023.2927057778,-5452237.344835054,0.0,0.0,3883041.118779077,0.0,12907.196279115817
baseline_all,baseline,winter_zero_recorded_amount,1,0.1,0.65,3.8675,26.621234448990855,8.828532583630507,85.27662020971853,2.0108028917752137,2.0108028917752137,2.0108028917752137,0.3330628012210042,0.06580662185925235,1.294,0.0,0.0,0.21090734204506945,1.2218567208141085,0.042911021725329,0.0,11646000.0,3.6136816362296056,2.3918249154151554,0.042911021725329,1795695.0923543852,3.867499999999988,105132.00322705608,-5449558.630223139,0.0,0.0,3875595.04597548,0.0,18278.0033236175
baseline_all,baseline,winter_zero_recorded_amount,1,0.1,0.7,4.165,26.594654703251578,8.823521912526905,85.12122134890703,2.1662017525867157,2.1662017525867157,2.1662017525867157,0.35964254696028064,0.07081729296285388,1.294,0.0,0.0,0.23903868791126157,1.4873688784922092,0.046208730870849216,0.0,11646000.0,3.8797525812179217,2.3923837027253754,0.046208730870849216,1796460.111334097,4.16500000000002,113211.39063358064,-5446889.609522801,0.0,0.0,3868174.0505460734,0.0,23651.55574901201
baseline_all,baseline,winter_zero_recorded_amount,1,0.1,0.75,4.4625,26.568055488873803,8.818516375567812,84.96601164933803,2.321411452155715,2.321411452155715,2.321411452155715,0.38624176133805577,0.07582282992194678,1.294,0.0,0.0,0.2671777128897832,1.752961027409972,0.04949452098613437,0.0,11646000.0,4.145827766124061,2.3928667387137685,0.04949452098613437,1797215.2480836143,4.462499999999989,121261.57641602916,-5444230.2463132385,0.0,0.0,3860778.0418195077,0.0,29027.644406935757
baseline_all,baseline,winter_zero_recorded_amount,1,0.1,0.8,4.760000000000001,26.54143803023037,8.813516407043934,84.8109989357965,2.4764241656972388,2.4764241656972388,2.4764241656972388,0.4128592199814882,0.08082279844582452,1.294,0.0,0.0,0.29532313685260986,2.0186189935795174,0.05276844681338978,0.0,11646000.0,4.411908416333997,2.3932894227541293,0.05276844681338978,1797960.6980557078,4.759999999999982,129282.69469280493,-5441580.499739609,0.0,0.0,3853406.91695583,0.0,34406.090332129555
baseline_all,baseline,winter_zero_recorded_amount,1,0.1,0.85,5.0575,26.523674512642685,8.808522401297866,84.65619025899834,2.6312328424954075,2.6312328424954075,2.6312328424954075,0.43062273756917335,0.08581680419189297,1.294,0.0,0.0,0.32347408253190446,2.284333072351914,0.05603057198869671,0.0,11646000.0,4.677995345479442,2.3936622731271835,0.05603057198869671,1798696.6195681447,5.057500000000014,137274.90137230698,-5438940.320991994,0.0,0.0,3846060.5512747345,0.0,39786.76713506464
baseline_all,baseline,winter_zero_recorded_amount,1,0.1,0.9,5.355,26.507518794662,8.803534721659629,84.50159212022473,2.785830981269015,2.785830981269015,2.785830981269015,0.4467784555498575,0.09080448383013007,1.294,0.0,0.0,0.35162990092881513,2.5500960917164113,0.059280965028001543,0.0,11646000.0,4.944089134043161,2.3939930423264006,0.059280965028001543,1799423.1494586996,5.3549999999999915,145238.36431860374,-5436309.656971101,0.0,0.0,3838738.8083046274,0.0,45169.578271914965
baseline_all,baseline,winter_zero_recorded_amount,1,0.1,0.95,5.6525,26.491338324764328,8.798553710745688,84.34721072647068,2.9402123750230658,2.9402123750230658,2.9402123750230658,0.4629589254475306,0.09578549474407083,1.294,0.0,0.0,0.37978997054890073,2.8159011849427027,0.06251969437039823,0.0,11646000.0,5.210190335080733,2.3942891501376953,0.06251969437039823,1800140.4212339288,5.652500000000034,153173.25120747567,-5433688.454659876,0.0,0.0,3831441.5519136805,0.0,50554.4308530694
baseline_all,baseline,winter_zero_recorded_amount,1,0.1,1.0,5.95,26.475133407019296,8.793579682317196,84.19305174844143,3.09437135305231,3.09437135305231,3.09437135305231,0.47916384319256267,0.10075952317256309,1.294,0.0,0.0,0.40795390499381967,3.081744093209585,0.06574683333249463,0.0,11646000.0,5.476299261673705,2.3945551684637683,0.06574683333249463,1800848.546315881,5.950000000000029,161079.74166461197,-5431076.656669062,0.0,0.0,3824168.633966908,0.0,55941.26276835169
baseline_all,baseline,winter_zero_recorded_amount,1,0.3,0.0,0.0,22.611969331704127,7.675064149754913,60.34943037374303,0.0,0.0,0.0,0.0,0.0,3.882,0.0,0.0,0.0,0.0,0.0,0.0,9058000.000000004,0.0,0.0,0.0,1449472.913789054,0.0,0.0,-4911035.901129498,0.0,0.0,2401467.489853736,0.0,0.0
baseline_all,baseline,winter_zero_recorded_amount,1,0.3,0.05,0.29750000000000004,22.594198862701173,7.671640494885558,60.236168521236436,0.11326185250659648,0.11326185250659648,0.11326185250659648,0.017770469002954314,0.0034236548693549196,3.882,0.0,0.0,0.005591320756147478,2.6114346556700464e-06,0.0024057336595486125,0.031108944122195226,9058000.000000004,0.28950294558430417,0.2895003341496483,0.0024057336595486125,1451290.1448152447,0.2974999999999989,5894.047465894099,-4909145.907276911,0.0,0.0,2396000.8600634085,0.0,914.5978214331357
baseline_all,baseline,winter_zero_recorded_amount,1,0.3,0.1,0.5950000000000001,22.576383152476755,7.6682104617375835,60.12290284053111,0.22652753321192165,0.22652753321192165,0.22652753321192165,0.03558617922737284,0.006853688017329773,3.882,0.0,0.0,0.011183008483871278,5.223040705959334e-06,0.004803814489316898,0.06216545453982292,9058000.000000004,0.57901317702681,0.5790079539861042,0.004803814489316898,1453099.7596614219,0.5949999999999978,11769.345498826402,-4907262.662006061,0.0,0.0,2390552.5686888094,0.0,1825.6707227900215
baseline_all,baseline,winter_zero_recorded_amount,1,0.3,0.15,0.8925,22.558329029185053,7.664728781895754,60.00847077234743,0.34095960139560333,0.34095960139560333,0.34095960139560333,0.05364030251907437,0.010335367859159561,3.882,0.0,0.0,0.016825533590973517,7.858390429720817e-06,0.007212444729504808,0.09348806196970827,9058000.000000004,0.8684620216795237,0.8684541632890955,0.007212444729504808,1454871.930402608,0.8925000000000031,17670.489587286782,-4905363.512676028,0.0,0.0,2385058.376345231,0.0,2658.46044975227
baseline_all,baseline,winter_zero_recorded_amount,1,0.3,0.2,1.1900000000000002,22.53853054093088,7.660831603990921,59.88556761132725,0.4638627624157863,0.4638627624157863,0.4638627624157863,0.073438790773249,0.014232545763992022,3.882,0.0,0.0,0.02292084771031234,1.0705215933504616e-05,0.009726588729583322,0.12703466394812324,9058000.000000004,1.157352563560106,1.157341858344189,0.009726588729583322,1455807.0300186588,1.1899999999999955,23830.142387479154,-4903287.134552162,0.0,0.0,2379057.439538147,0.0,2040.4683297490192
baseline_all,baseline,winter_zero_recorded_amount,1,0.3,0.25,1.4875,22.51815614521077,7.6566001668191985,59.75730707389137,0.5921232998516643,0.5921232998516643,0.5921232998516643,0.09381318649335668,0.018463982935714718,3.882,0.0,0.0,0.03014099750706338,1.4077397609477025e-05,0.01231067588033407,0.16196629767124193,9058000.000000004,1.445048326612604,1.4450342492150383,0.01231067588033407,1455511.9267397344,1.4875000000000071,30161.155906818454,-4901092.867581547,0.0,0.0,2372714.8306688163,0.0,-494.31237025521267
baseline_all,baseline,winter_zero_recorded_amount,1,0.3,0.3,1.785,22.4977144400503,7.652574001892419,59.63009315360314,0.7193372201398915,0.7193372201398915,0.7193372201398915,0.11425489165382885,0.022490147862494148,3.882,0.0,0.0,0.03949893148397528,1.8448034558879637e-05,0.014895192385920505,0.19661784891111722,9058000.000000004,1.730605876130107,1.73058742809561,0.014895192385920505,1455495.7771115226,1.7850000000000061,36493.22134550523,-4898992.9575927295,0.0,0.0,2366644.8903230513,0.0,-2147.0547403338946
baseline_all,baseline,winter_zero_recorded_amount,1,0.3,0.35,2.0825,22.477219283263715,7.648763225213712,59.50544404936713,0.8439863243759049,0.8439863243759049,0.8439863243759049,0.13475004844041294,0.02630092454120092,3.882,0.0,0.0,0.052608370476902394,2.457081749256886e-05,0.01747369213060508,0.23073420373316367,9058000.000000004,2.0124179373925064,2.012393366574913,0.01747369213060508,1456000.6702746896,2.08250000000001,42810.545719982474,-4896985.499698762,0.0,0.0,2360832.5372193065,0.0,-2325.9370376176416
baseline_all,baseline,winter_zero_recorded_amount,1,0.3,0.4,2.3800000000000003,22.456678000568086,7.64504986834692,59.38257602283151,0.9668543509115253,0.9668543509115253,0.9668543509115253,0.15529133113604132,0.030014281407993337,3.882,0.0,0.0,0.07208909818747959,3.366932027567968e-05,0.02004572269973636,0.26445734240104457,9058000.000000004,2.2878651791127806,2.2878315097923285,0.02004572269973636,1456767.6696355408,2.379999999999991,49112.020614354115,-4895023.44867422,0.0,0.0,2355139.809644627,0.0,-1411.5745597898824
baseline_all,baseline,winter_zero_recorded_amount,1,0.3,0.45,2.6775,22.436095032830192,7.641353913652019,59.25998610442435,1.0894442693186832,1.0894442693186832,1.0894442693186832,0.17587429887393569,0.03371023610289381,3.882,0.0,0.0,0.09944115447382976,0.16711610698125287,0.02261016814469629,0.29805799026152613,9058000.000000004,2.5554486773814697,2.388332570399978,0.02261016814469629,1457593.6215710347,2.6774999999999958,55394.911954505886,-4893074.901701392,0.0,0.0,2349482.379162346,0.0,2577.425297267325
baseline_all,baseline,winter_zero_recorded_amount,1,0.3,0.5,2.975,22.415473422570503,7.637656665852151,59.137457556303524,1.2119728174395092,1.2119728174395092,1.2119728174395092,0.19649590913362402,0.03740748390276227,3.882,0.0,0.0,0.1276260662204565,0.4327365414354563,0.025166755086403408,0.3315882718468117,9058000.000000004,2.82220717869314,2.3894706372573666,0.025166755086403408,1458410.6768065835,2.9750000000000143,61658.549961688375,-4891132.687800568,0.0,0.0,2343842.049733517,0.0,8039.270707763516
baseline_all,baseline,winter_zero_recorded_amount,1,0.3,0.55,3.2725000000000004,22.394815407232134,7.633958614716281,59.01500363096257,1.3344267427804652,1.3344267427804652,1.3344267427804652,0.21715392447199378,0.04110553503863201,3.882,0.0,0.0,0.15582922761461354,0.6985559979868474,0.027715421904302297,0.36504565911604914,9058000.000000004,3.088955350481087,2.3903993524939,0.027715421904302297,1459218.121908296,3.2724999999999853,67902.78366554061,-4889196.815888956,0.0,0.0,2338218.854508301,0.0,13504.416341851427
baseline_all,baseline,winter_zero_recorded_amount,1,0.3,0.6,3.57,22.37412279178595,7.6302603624246155,58.89263531393147,1.4567950598115615,1.4567950598115615,1.4567950598115615,0.23784653991817706,0.04480378733029777,3.882,0.0,0.0,0.18404621898529425,0.9645254670878441,0.030256144662777137,0.398428212632723,9058000.000000004,3.355697636351937,2.391172169263761,0.030256144662777137,1460016.3462421608,3.5700000000000123,74127.55442380403,-4887267.310820596,0.0,0.0,2332612.871641335,0.0,18972.278284499294
baseline_all,baseline,winter_zero_recorded_amount,1,0.3,0.65,3.8675,22.35339707798004,7.626562436108901,58.77036192557412,1.5790684481689112,1.5790684481689112,1.5790684481689112,0.2585722537240862,0.04850171364601241,3.882,0.0,0.0,0.2122740758689692,1.2306120832639507,0.03278892545156553,0.4317344436063024,9058000.000000004,3.6224369986794493,2.3918249154151554,0.03278892545156553,1460805.6333372921,3.867499999999988,80332.86735633554,-4885344.175027482,0.0,0.0,2327024.1143848374,0.0,24442.462494913
baseline_all,baseline,winter_zero_recorded_amount,1,0.3,0.7,4.165,22.33263959597791,7.622865311791926,58.648191752488685,1.7012386212543475,1.7012386212543475,1.7012386212543475,0.27932973572621833,0.05219883796298763,3.882,0.0,0.0,0.24051063613547025,1.4967918810677974,0.03531378007105412,0.4649631313323681,9058000.000000004,3.8891755837935014,2.3923837027253754,0.03531378007105412,1461586.2082154101,4.16500000000002,86518.7611740826,-4883427.398983581,0.0,0.0,2321452.5614902074,0.0,29914.67965245066
baseline_all,baseline,winter_zero_recorded_amount,1,0.3,0.75,4.4625,22.31185153462834,7.61916942054861,58.526132199494846,1.8232981742481869,1.8232981742481869,1.8232981742481869,0.3001177970757887,0.05589472920630367,3.882,0.0,0.0,0.26875439030675696,1.7630481350094884,0.037830735969622005,0.498113277907521,9058000.000000004,4.155914873723595,2.3928667387137685,0.037830735969622005,1462358.247974803,4.462499999999989,92685.30312557395,-4881516.963242958,0.0,0.0,2315898.162935558,0.0,35388.725730856706
baseline_all,baseline,winter_zero_recorded_amount,1,0.3,0.8,4.760000000000001,22.291034026335726,7.615475164420519,58.40419019951743,1.945240174225603,1.945240174225603,1.945240174225603,0.3209353053684012,0.05958898533439427,3.882,0.0,0.0,0.2970040608350894,2.029366692265578,0.040339824144857046,0.5311839914716359,9058000.000000004,4.422656115020048,2.3932894227541293,0.040339824144857046,1463121.912359499,4.759999999999982,98832.56915489977,-4879612.84526843,0.0,0.0,2310360.859838385,0.0,40864.42699053409
baseline_all,baseline,winter_zero_recorded_amount,1,0.3,0.85,5.0575,22.270188112721293,7.611782911887144,58.28237206081813,2.0670583129248996,2.0670583129248996,2.0670583129248996,0.34178121898283464,0.06328123786776896,3.882,0.0,0.0,0.3252587733496148,2.2957378713119514,0.04284108221094016,0.5641745295705078,9058000.000000004,4.68940014443948,2.3936622731271835,0.04284108221094016,1463877.331298217,5.057500000000014,104960.65141680335,-4877715.016732967,0.0,0.0,2304840.576618466,0.0,46341.662460088104
baseline_all,baseline,winter_zero_recorded_amount,1,0.3,0.9,5.355,22.250264896450364,7.6080930046353386,58.1606836415314,2.1887467322116336,2.1887467322116336,2.1887467322116336,0.3617044352537633,0.0669711451195747,3.882,0.0,0.0,0.3535178818304843,2.5621545239905803,0.04533455185219668,0.5970842490573887,9058000.000000004,4.956147566317316,2.3939930423264006,0.04533455185219668,1464624.6173786765,5.3549999999999915,111069.65203788185,-4875823.44598265,0.0,0.0,2299337.227998791,0.0,51820.341092494855
baseline_all,baseline,winter_zero_recorded_amount,1,0.3,0.95,5.6525,22.23826829648553,7.6044057660851765,58.039130549638145,2.310299824104888,2.310299824104888,2.310299824104888,0.3737010352185983,0.07065838366973676,3.882,0.0,0.0,0.3817807679074477,2.8286098078279167,0.04782027412665983,0.6299125509181778,9058000.000000004,5.222898957965933,2.3942891501376953,0.04782027412665983,1465363.880687391,5.652500000000034,117159.67161031661,-4873938.101670051,0.0,0.0,2293850.7298069675,0.0,57300.37546822007
baseline_all,baseline,winter_zero_recorded_amount,1,0.3,1.0,5.95,22.226240965409897,7.600721494764567,57.91771795392764,2.4317124198153905,2.4317124198153905,2.4317124198153905,0.3857283662942308,0.07434265499034609,3.882,0.0,0.0,0.41004704838056066,3.095099488949236,0.05029829420613033,0.6626589332369122,9058000.000000004,5.489654657413331,2.3945551684637683,0.05029829420613033,1466095.2134560582,5.950000000000029,123230.82080501925,-4872058.949029698,0.0,0.0,2288380.987927871,0.0,62781.70902306052
baseline_all,baseline,winter_zero_recorded_amount,1,0.5,0.0,0.0,18.23518619736443,6.4472036808240425,33.49381142658554,0.0,0.0,0.0,0.0,0.0,6.47,0.0,0.0,0.0,0.0,0.0,0.0,6470000.0,0.0,0.0,0.0,1112421.0795016855,0.0,0.0,-4351088.280546734,0.0,0.0,817185.3000647738,0.0,0.0
baseline_all,baseline,winter_zero_recorded_amount,1,0.5,0.05,0.29750000000000004,18.22213077702813,6.444904845424115,33.404754942923944,0.08905648366159369,0.08905648366159369,0.08905648366159369,0.013055420336300472,0.00229883539992759,6.47,0.0,0.0,0.005633641214560679,2.6312004885678576e-06,0.0017886701563724348,0.05531431296719802,6470000.0,0.2900776886290663,0.29007505742857775,0.0017886701563724348,1113966.4972774908,0.2974999999999989,4382.241883112466,-4349834.099594266,0.0,0.0,813364.7520578073,0.0,1317.8283486365622
baseline_all,baseline,winter_zero_recorded_amount,1,0.5,0.1,0.5950000000000001,18.20903156888153,6.442597857701972,33.315679672246425,0.17813175433911255,0.17813175433911255,0.17813175433911255,0.02615462848289951,0.004605823122070696,6.47,0.0,0.0,0.011267507180248182,5.262505947482989e-06,0.003572576543184806,0.11056123341262492,6470000.0,0.5801599162765662,0.5801546537706189,0.003572576543184806,1115505.8872344415,0.5949999999999978,8752.812530802774,-4348584.068244011,0.0,0.0,809556.1020683425,0.0,2632.2105873968103
baseline_all,baseline,winter_zero_recorded_amount,1,0.5,0.15,0.8925,18.1957457327933,6.440249666385276,33.22569914970686,0.268112276878675,0.268112276878675,0.268112276878675,0.039440464571132594,0.006954014438766087,6.47,0.0,0.0,0.0169524587223876,7.91767100068177e-06,0.005364533894273289,0.16633538648662238,6470000.0,0.8701830073833425,0.8701750897123426,0.005364533894273289,1117018.4437424808,0.8925000000000031,13143.10804096956,-4347322.088588462,0.0,0.0,805712.1022034262,0.0,3888.80780978797
baseline_all,baseline,winter_zero_recorded_amount,1,0.5,0.2,1.1900000000000002,18.18113911124129,6.4375885330186895,33.12958607160608,0.3642253549794603,0.3642253549794603,0.3642253549794603,0.05404708612314124,0.009615147805352997,6.47,0.0,0.0,0.023093912125185106,1.0786045925267315e-05,0.007228335361652092,0.22667207138445633,6470000.0,1.1596777525131665,1.1596669664672579,0.007228335361652092,1117884.9442063163,1.1899999999999955,17709.421636047624,-4345931.604070953,0.0,0.0,801489.0435273077,0.0,4022.5644386553786
baseline_all,baseline,winter_zero_recorded_amount,1,0.5,0.25,1.4875,18.166089071191344,6.434673650210826,33.02994033013967,0.463871096445871,0.463871096445871,0.463871096445871,0.06909712617308728,0.01253003061321678,6.47,0.0,0.0,0.03037056061651693,1.4184615400377545e-05,0.009139295674251587,0.2902185010770353,6470000.0,1.4479901437092324,1.447975959093874,0.009139295674251587,1117784.590133384,1.4875000000000071,22391.274401916395,-4344454.464717145,0.0,0.0,797010.0765954535,0.0,2648.0433392259188
baseline_all,baseline,winter_zero_recorded_amount,1,0.5,0.3,1.785,18.150977550879844,6.431919612214583,32.93073701065721,0.5630744159283267,0.5630744159283267,0.5630744159283267,0.08420864648458704,0.015284068609459744,6.47,0.0,0.0,0.03980644600036638,1.859165967005618e-05,0.011050912112592997,0.352880653122682,6470000.0,1.734142641887044,1.7341240502274382,0.011050912112592997,1117894.8460934025,1.7850000000000061,27074.73467585284,-4343051.368143565,0.0,0.0,792746.484219173,0.0,1955.125901489384
baseline_all,baseline,winter_zero_recorded_amount,1,0.5,0.35,2.0825,18.135814987953196,6.429337642566506,32.83284548620826,0.660965940377281,0.660965940377281,0.660965940377281,0.09937120941123467,0.01786603825753641,6.47,0.0,0.0,0.05303594955280559,2.4770518934419668e-05,0.012958992119968238,0.41375458773178764,6470000.0,2.0165050583272315,2.016480287808196,0.012958992119968238,1118425.0560912485,2.08250000000001,31749.530693922177,-4341721.839578157,0.0,0.0,788688.5417508939,0.0,2457.6328754513434
baseline_all,baseline,winter_zero_recorded_amount,1,0.5,0.4,2.3800000000000003,18.120606945619073,6.426832100655346,32.735852224706576,0.7579592018789612,0.7579592018789612,0.7579592018789612,0.11457925174535788,0.020371580168696113,6.47,0.0,0.0,0.07271552839044647,3.3961895431484774e-05,0.014863219553634587,0.4733524914336158,6470000.0,2.292421252055908,2.292387290160298,0.014863219553634587,1119169.1987138484,2.379999999999991,36414.88790640475,-4340427.738054134,0.0,0.0,784724.3770298271,0.0,3859.8499509919934
baseline_all,baseline,winter_zero_recorded_amount,1,0.5,0.45,2.6775,18.105356834922127,6.424337480627714,32.63894080464966,0.8548706219358806,0.8548706219358806,0.8548706219358806,0.12982936244230459,0.022866200196328457,6.47,0.0,0.0,0.10022762745175239,0.17217701868016888,0.01676278346785123,0.5326316376443287,6470000.0,2.5605095890803877,2.388332570399978,0.01676278346785123,1119960.6408743053,2.6774999999999958,41068.819496235505,-4339142.971244773,0.0,0.0,780785.1089196377,0.0,8100.929202607076
baseline_all,baseline,winter_zero_recorded_amount,1,0.5,0.5,2.975,18.090067024152916,6.421839173653627,32.5420654315526,0.9517459950329368,0.9517459950329368,0.9517459950329368,0.14511917321151557,0.025364507170415607,6.47,0.0,0.0,0.12850240476865926,0.438369454726467,0.01865750324720946,0.5918150942533771,6470000.0,2.8278400919841435,2.3894706372573666,0.01865750324720946,1120744.9273764684,2.9750000000000143,45710.882955663175,-4337861.99350257,0.0,0.0,776856.6958996205,0.0,13634.008116966434
baseline_all,baseline,winter_zero_recorded_amount,1,0.5,0.55,3.2725000000000004,18.074739281330853,6.419337630587251,32.44523693864815,1.0485744879373868,1.0485744879373868,1.0485744879373868,0.1604469160335782,0.027866050236791118,6.47,0.0,0.0,0.15679507463484998,0.7047582417385114,0.020547331132395232,0.6508979139591275,6470000.0,3.0951575942327456,2.3903993524939,0.020547331132395232,1121521.5793537437,3.2724999999999853,50340.96127436833,-4336584.816876988,0.0,0.0,772939.1836517251,0.0,19169.91872402752
baseline_all,baseline,winter_zero_recorded_amount,1,0.5,0.6,3.57,18.059375052315637,6.416833368878308,32.358751316399456,1.1350601101860818,1.1350601101860818,1.1350601101860818,0.1758111450487938,0.030370311945734585,6.47,0.0,0.0,0.18510121633725035,0.9712943692347772,0.02243224516388332,0.720163162258217,6470000.0,3.3624665384988623,2.391172169263761,0.02243224516388332,1122290.8918425238,3.5700000000000123,54959.000651514114,-4335311.462092128,0.0,0.0,769032.6388381318,0.0,24708.079104201188
baseline_all,baseline,winter_zero_recorded_amount,1,0.5,0.65,3.8675,18.043975557038056,6.414326848694038,32.272457384622435,1.221354041963103,1.221354041963103,1.221354041963103,0.19121064032637491,0.03287683213000481,6.47,0.0,0.0,0.21341786562750162,1.2379449779937568,0.024312240963231643,0.7894488498121177,6470000.0,3.6297698934092493,2.3918249154151554,0.024312240963231643,1123053.0798968226,3.867499999999988,59564.990359917516,-4334041.935074528,0.0,0.0,765137.0828793264,0.0,30248.09773053065
baseline_all,baseline,winter_zero_recorded_amount,1,0.5,0.7,4.165,18.02854188778443,6.4118184890713765,32.186155747448225,1.3076556791373122,1.3076556791373122,1.3076556791373122,0.20664430957999969,0.03538519175266597,6.47,0.0,0.0,0.24174286106044143,1.5046861119674575,0.026187324246399454,0.8585460734494035,6470000.0,3.897069814693174,2.3923837027253754,0.026187324246399454,1123808.3141515579,4.16500000000002,64158.94440367866,-4332776.233477,0.0,0.0,761252.5118796094,0.0,35789.688057817555
baseline_all,baseline,winter_zero_recorded_amount,1,0.5,0.75,4.4625,18.013075031613287,6.409308673950151,32.09985235782773,1.393959068757809,1.393959068757809,1.393959068757809,0.2221111657511443,0.03789500687389147,6.47,0.0,0.0,0.27007469455916,1.771501058748642,0.028057507978065218,0.927452383397906,6470000.0,4.16436779746276,2.3928667387137685,0.028057507978065218,1124556.729213354,4.462499999999989,68740.89454625979,-4331514.348701261,0.0,0.0,757378.9028083718,0.0,41332.64905822778
baseline_all,baseline,winter_zero_recorded_amount,1,0.5,0.8,4.760000000000001,17.997575933861594,6.406797762239989,32.013552851016165,1.4802585755693727,1.4802585755693727,1.4802585755693727,0.23761026350283743,0.04040591858405307,6.47,0.0,0.0,0.29841209001258573,2.0383756790863,0.029922808146620575,0.9961655901278732,6470000.0,4.431665101840777,2.3932894227541293,0.029922808146620575,1125298.4464414632,4.759999999999982,73310.8799592204,-4330256.269825479,0.0,0.0,753516.2255081232,0.0,46876.81004335871
baseline_all,baseline,winter_zero_recorded_amount,1,0.5,0.85,5.0575,17.982045472210974,6.404286085661249,31.92726242739692,1.566548999188619,1.566548999188619,1.566548999188619,0.2531407251534574,0.04291759516279381,6.47,0.0,0.0,0.3267541748092593,2.305300306843856,0.031783245219377226,1.0646838433067956,6470000.0,4.698962579971382,2.3936622731271835,0.031783245219377226,1126033.56467408,5.057500000000014,77868.95078747418,-4329001.982105487,0.0,0.0,749664.4381345422,0.0,52422.05320865856
baseline_all,baseline,winter_zero_recorded_amount,1,0.5,0.9,5.355,17.96648448306908,6.401773953886743,31.840985981376463,1.652825445209075,1.652825445209075,1.652825445209075,0.26870171429535006,0.045429726937299186,6.47,0.0,0.0,0.3551003049903747,2.5722678106241883,0.033638842058694315,1.1330055360599403,6470000.0,4.966260852950918,2.3939930423264006,0.033638842058694315,1126762.1697607373,5.3549999999999915,82415.16304380105,-4327751.468760162,0.0,0.0,745823.4926202488,0.0,57968.29073390777
baseline_all,baseline,winter_zero_recorded_amount,1,0.5,0.95,5.6525,17.950893791913387,6.3992616596351,31.75472824817879,1.739083178406748,1.739083178406748,1.739083178406748,0.28429240545104406,0.047942021188942086,6.47,0.0,0.0,0.383449864004679,2.8392713638441176,0.03548962201320918,1.2011291966163213,6470000.0,5.233560513982146,2.3942891501376953,0.03548962201320918,1127484.3454472565,5.652500000000034,86949.57393236252,-4326504.7127976455,0.0,0.0,741993.3402617633,0.0,63515.43839519314
baseline_all,baseline,winter_zero_recorded_amount,1,0.5,1.0,5.95,17.935274181905744,6.396749476040348,31.6684936608162,1.8253177657693378,1.8253177657693378,1.8253177657693378,0.2999120154586876,0.05045420478369422,6.47,0.0,0.0,0.4118024708881614,3.1063067503095563,0.03733561033817743,1.2690535872829685,6470000.0,5.500861918773679,2.3945551684637683,0.03733561033817743,1128200.1622307093,5.950000000000029,91472.24532853467,-4325261.695371953,0.0,0.0,738173.9267166327,0.0,69063.44288953206
baseline_all,baseline,summer_zero_recorded_amount,37,0.1,0.0,0.0,54.1026186781638,35.69838771480364,181.46573286903165,0.0,0.0,0.0,0.0,0.0,2.2541891891891894,0.34139570553849113,2.0471162917957804,0.159326872596479,1.6713649879648342,0.0,0.0,20287702.7027027,0.13956370570311635,0.5143558072103888,0.04346432956209998,2561528.872762594,0.0,106487.60742714493,-6954850.318748234,0.0,0.0,10412240.912187409,0.0009592023232031122,-73033.86455564179
baseline_all,baseline,summer_zero_recorded_amount,37,0.1,0.05,0.29750000000000004,54.03197199065917,35.67319149062026,180.86535917133608,0.6003736976955762,0.1949101540634075,0.9395130884329319,0.07064668750462783,0.025196224183371255,2.2541891891891894,0.34139570553849113,2.0471162917957804,0.1691853225868053,1.7178381193580103,0.019945374954015403,0.0,20287702.7027027,0.4067802162705066,0.7355788508728768,0.06340970451611538,2558605.4142121477,0.2974999999999989,155353.77606448272,-6938501.191671561,0.0,0.0,10376885.18451051,0.00047953783493371547,-72633.16122227091
baseline_all,baseline,summer_zero_recorded_amount,37,0.1,0.1,0.5950000000000001,53.96183954628469,35.64820724307347,180.27014836894287,1.1955845000887932,0.388600740198882,1.8705272084954743,0.14077913187910812,0.050180471730164884,2.2541891891891894,0.34139570553849113,2.0471162917957804,0.17867641765182393,1.7648178995431196,0.03968816577006048,0.0,20287702.7027027,0.6747417268561934,0.9568651848067258,0.08315249533216046,2555716.591150824,0.5949999999999978,203723.61356379307,-6922309.724196418,0.0,0.0,10341848.668635074,0.00017493430168691342,-72181.90727231838
baseline_all,baseline,summer_zero_recorded_amount,37,0.1,0.15,0.8925,53.89167522576845,35.623274118046204,179.67615084396863,1.789582025063028,0.5823146539456303,2.7998721220149037,0.2109434523953472,0.07511359675742953,2.2541891891891894,0.34139570553849113,2.0471162917957804,0.18782681615027463,1.812340974525887,0.059360272726164585,0.0,20287702.7027027,0.9432719999339862,1.17801960436943,0.10282460228826457,2552757.7170648673,0.8925000000000031,251920.27560624818,-6906172.261798808,0.0,0.0,10306904.913743097,2.7712834035235422e-05,-71796.17318290107
baseline_all,baseline,summer_zero_recorded_amount,37,0.1,0.2,1.1900000000000002,53.818894251968345,35.5977106880416,179.06850144665768,2.3972314223739755,0.7821115785709623,3.7472343214060686,0.2837244261954568,0.10067702676203241,2.2541891891891894,0.34139570553849113,2.0471162917957804,0.19712528352158862,1.8589010963280512,0.07940775939692399,0.0,20287702.7027027,1.2099972215176535,1.3982124169849997,0.12287208895902395,2548786.8099334384,1.1899999999999955,301036.6179496087,-6889671.578657131,0.0,0.00140111154021586,10271161.000589948,0.0,-72961.0238900733
baseline_all,baseline,summer_zero_recorded_amount,37,0.1,0.25,1.4875,53.74655478987387,35.57204285145202,178.46010771113293,3.005625157898717,0.9859237483818504,4.715152073791899,0.3560638882899283,0.12634486335161382,2.2541891891891894,0.34139570553849113,2.0471162917957804,0.20681099135673156,1.9001527051662004,0.09942714931898454,0.0,20287702.7027027,1.4701260033797312,1.617089590008967,0.14289147888108453,2543881.4815861383,1.4875000000000071,350084.12325865705,-6873174.1671732655,0.0,0.00906723192095476,10235518.790403567,0.0,-75884.57783091145
baseline_all,baseline,summer_zero_recorded_amount,37,0.1,0.3,1.785,53.67469017194328,35.546577948396354,177.856067458591,3.6096654104406505,1.1886454087310057,5.678096013012436,0.42792850622051565,0.15180976640727953,2.2541891891891894,0.34139570553849113,2.0471162917957804,0.21809902634567765,1.9484339363462204,0.11941778075341773,0.0,20287702.7027027,1.72850705918665,1.8271894146359002,0.16288211031551772,2539119.499461071,1.7850000000000061,399061.1702730184,-6856832.5156894615,0.0,0.016907509690649636,10200181.259857014,0.0,-77134.28760078312
baseline_all,baseline,summer_zero_recorded_amount,37,0.1,0.35,2.0825,53.603946588432976,35.52148309685483,177.25869991101536,4.207032958016306,1.3902352277272172,6.626756148983134,0.498672089730824,0.17690461794880152,2.2541891891891894,0.34139570553849113,2.0471162917957804,0.2316388854076717,2.003111797851324,0.13928800619780837,0.0,20287702.7027027,1.9846810944207869,2.0286855883648567,0.18275233575990832,2534917.6190323397,2.08250000000001,447743.22261177545,-6840726.891744462,0.0,0.02482338995013179,10165315.604294376,0.0,-75883.14769846313
baseline_all,baseline,summer_zero_recorded_amount,37,0.1,0.4,2.3800000000000003,53.534752247760316,35.49668557665988,176.6669898026634,4.798743066368243,1.5610696896293916,7.563219096858575,0.5678664304034878,0.2017021381437583,2.2541891891891894,0.34139570553849113,2.0471162917957804,0.2486685633639029,2.0625903374122108,0.15901748837873,0.0,20287702.7027027,2.237466469207956,2.2219924235911037,0.20248181794083,2531085.3486446696,2.379999999999991,496080.45395503344,-6824818.235498847,0.0,0.03277885502579151,10130840.69803039,0.0,-72528.81080224796
baseline_all,baseline,summer_zero_recorded_amount,37,0.1,0.45,2.6775,53.466696720576564,35.472117205980744,176.0801940269088,5.385538842122849,1.5621925113696875,8.490008818871047,0.635921957587234,0.22627050882289,2.2541891891891894,0.34139570553849113,2.0471162917957804,0.27089855959358833,2.147852465720931,0.17859272757549088,0.0,20287702.7027027,2.4851824413775456,2.3844462674519336,0.22205705713759089,2527425.6780212237,2.6774999999999958,544039.7899870976,-6809070.4860574305,0.0,0.04075764742975983,10096682.987221135,0.0,-64726.40180082743
baseline_all,baseline,summer_zero_recorded_amount,37,0.1,0.5,2.975,53.39910564003792,35.44774109348403,175.49793288620148,5.967799982830164,1.5631438143497292,9.408860294163588,0.7035130381258831,0.2506466213196099,2.2541891891891894,0.34139570553849113,2.0471162917957804,0.29606408163708264,2.384904591960308,0.1980031141900849,0.0,20287702.7027027,2.730112866690388,2.392324566525362,0.24146744375218487,2523809.0295125116,2.9750000000000143,591595.237192853,-6793463.679309624,0.0,0.04875131345885356,10062803.308931282,0.0,-37908.43680679288
baseline_all,baseline,summer_zero_recorded_amount,37,0.1,0.55,3.2725000000000004,53.3319752408788,35.42355080025869,174.92011589183554,6.54561697719613,1.563979042606718,10.320199447354412,0.7706434372850007,0.27483691454494613,2.2541891891891894,0.34139570553849113,2.0471162917957804,0.32128586517222124,2.6292571643812495,0.21724799530079325,0.0,20287702.7027027,2.975142440276015,2.3930015676900025,0.26071232486289325,2520211.4963703495,3.2724999999999853,638745.1959140885,-6777993.782223177,0.0,0.05675507522735197,10029194.0457766,0.0,-10159.496520128789
baseline_all,baseline,summer_zero_recorded_amount,37,0.1,0.6,3.57,53.26559502637745,35.399544099645816,174.34668642687504,7.119046442156624,1.5647324043671347,11.224125522799085,0.8370236517863571,0.2988436151578213,2.2541891891891894,0.34139570553849113,2.0471162917957804,0.34653548345840407,2.8738516244845465,0.2363296552200849,0.0,20287702.7027027,3.2203002605094,2.3935649278201536,0.27979398478218487,2516632.99678464,3.5700000000000123,685495.2627163529,-6762658.774067221,0.0,0.06476597678850665,9995851.522393698,0.0,17644.32276004384
baseline_all,baseline,summer_zero_recorded_amount,37,0.1,0.65,3.8675,53.1996900343925,35.37571864824427,173.77774871468682,7.687984154344839,1.5654258964558778,12.120742736187026,0.902928643771294,0.322669066559361,2.2541891891891894,0.34139570553849113,2.0471162917957804,0.3718106848587008,3.1186636503924987,0.2552504821598767,0.0,20287702.7027027,3.465588095536406,2.3940407369392442,0.29871481172197667,2513073.37585181,3.867499999999988,731851.2887188429,-6747456.5813303925,0.0,0.07278211342139322,9962771.927085856,0.0,45499.39622964729
baseline_all,baseline,summer_zero_recorded_amount,37,0.1,0.7,4.165,53.13522235120893,35.352429359668,173.22168383685064,8.244049032181008,1.5660739091630944,13.010157396675737,0.9673963269548675,0.3459583551356319,2.2541891891891894,0.34139570553849113,2.0471162917957804,0.39664187168442483,3.359229900898251,0.2737138152993298,0.0,20287702.7027027,3.7065616718275938,2.394448062724711,0.31717814486142976,2509564.005992546,4.16500000000002,777086.454910503,-6732609.273925409,0.0,0.08601401716506421,9930500.747405732,0.0,72883.71654832769
baseline_all,baseline,summer_zero_recorded_amount,37,0.1,0.75,4.4625,53.07161234625855,35.32946794257375,172.6735460593124,8.792186809719228,1.5666871843535262,13.892477086566572,1.0310063319052527,0.3689197722298861,2.2541891891891894,0.34139570553849113,2.0471162917957804,0.4212895825866721,3.598014873378181,0.2918954343143062,0.0,20287702.7027027,3.9456987731773365,2.394800191594562,0.33535976387640615,2506087.3469260796,4.462499999999989,821631.421497195,-6717985.068911474,0.0,0.1015475858980652,9898716.588140082,0.0,100085.28068621579
baseline_all,baseline,summer_zero_recorded_amount,37,0.1,0.8,4.760000000000001,53.00842840172834,35.30667885874857,172.1297583090107,9.335974560020949,1.5672727692517583,14.76780815910007,1.0941902764354616,0.3917088560550706,2.2541891891891894,0.34139570553849113,2.0471162917957804,0.4459526385938997,3.836906825655716,0.309925927789915,0.0,20287702.7027027,4.184898839206058,2.3951083053457474,0.353390257352015,2502629.5890902476,4.759999999999982,865806.1305124369,-6703485.856531079,0.0,0.11715397038650034,9867180.259383779,0.0,127324.06220839014
baseline_all,baseline,summer_zero_recorded_amount,37,0.1,0.85,5.0575,52.94632834357819,35.284292581523076,171.5956305659552,9.870102303076457,1.5678362325227795,15.636256720709667,1.156290334585613,0.4140951332805532,2.2541891891891894,0.34139570553849113,2.0471162917957804,0.4703983432641968,4.073679976876903,0.32762527376896344,0.0,20287702.7027027,4.421943771604564,2.395380086523069,0.37108960333106344,2499226.670727557,5.057500000000014,909169.5281611052,-6689259.66084771,0.0,0.13546398733868464,9836213.024287151,0.0,154360.52952144813
baseline_all,baseline,summer_zero_recorded_amount,37,0.1,0.9,5.355,52.885834841598516,35.26249241531206,171.07557211873154,10.390160750300101,1.568381754694684,16.497927704034083,1.2167838365652794,0.4358952994915767,2.2541891891891894,0.34139570553849113,2.0471162917957804,0.49443484524360826,4.306493066695255,0.34485115126390026,0.0,20287702.7027027,4.6549979776230375,2.3956212027231794,0.3883154808260002,2495908.199961434,5.3549999999999915,951372.9280237006,-6675423.610818943,0.0,0.15864740184583703,9806069.681786077,0.0,180996.37832178632
baseline_all,baseline,summer_zero_recorded_amount,37,0.1,0.95,5.6525,52.826222492586275,35.24101615048441,170.56327557085194,10.90245729817971,1.5689125429672686,17.352923703241686,1.2763961855775219,0.457371564319221,2.2541891891891894,0.34139570553849113,2.0471162917957804,0.5182916237551013,4.537549458456987,0.36180784277606404,0.0,20287702.7027027,4.886270204538657,2.395837037877076,0.40527217233816404,2492629.252994865,5.652500000000034,992916.8222285018,-6661806.547462473,0.0,0.1840617049066048,9776387.300364459,0.0,207455.48092913715
baseline_all,baseline,summer_zero_recorded_amount,37,0.1,1.0,5.95,52.77101042247043,35.2210207106605,170.08652224735133,11.37921062168033,1.5694306818365362,18.201346265187368,1.331608255693363,0.4773670041431337,2.2541891891891894,0.34139570553849113,2.0471162917957804,0.5406135116523899,4.753921416900724,0.3775503446493042,0.0,20287702.7027027,5.102836082003353,2.396030956898037,0.4210146742114042,2489536.5353552992,5.950000000000029,1031485.9518179402,-6649140.833033349,0.0,0.2269314376713758,9748864.613826972,0.0,232249.86062639524
baseline_all,baseline,summer_zero_recorded_amount,37,0.3,0.0,0.0,48.60581450753167,33.79507460543727,136.78887145840272,0.0,0.0,0.0,0.0,0.0,6.762567567567568,0.34139570553849113,2.0471162917957804,0.16245605070491104,1.6795273783929023,0.0,0.0,15779324.324324321,0.14745105191649707,0.514676894102086,0.031851674133902594,2035770.9140998556,0.0,78036.60162806135,-5788750.145066471,0.0,0.0,7784538.139472394,0.0003630712168189329,-68730.20250060172
baseline_all,baseline,summer_zero_recorded_amount,37,0.3,0.05,0.29750000000000004,48.554363807577346,33.775963193395334,136.3348972918743,0.45397416652839,0.15901861392479333,0.7079147338014593,0.05145069995432275,0.01911141204194038,6.762567567567568,0.34139570553849113,2.0471162917957804,0.17201429144352887,1.72753380536221,0.014766121629579292,0.146399531167187,15779324.324324321,0.420336210663852,0.7398461047645807,0.046617795763481885,2033662.272000538,0.2974999999999989,114213.59962053061,-5776820.355119592,0.0,0.0,7757735.391654988,7.259233237158333e-05,-67015.66272268064
baseline_all,baseline,summer_zero_recorded_amount,37,0.3,0.1,0.5950000000000001,48.50403219372453,33.75698255234888,135.88400178513723,0.9048696732654633,0.31708856065342417,1.4106811234931342,0.10178231380713748,0.0380920530883925,6.762567567567568,0.34139570553849113,2.0471162917957804,0.1812147418066362,1.7760097420080596,0.02940805492859278,0.29071482682333205,15779324.324324321,0.6939212346693597,0.9650277844566393,0.06125972906249537,2031566.5464403122,0.5949999999999978,150086.33620311366,-5764986.798827777,0.0,0.0,7731134.337647109,0.0,-65267.096032865054
baseline_all,baseline,summer_zero_recorded_amount,37,0.3,0.15,0.8925,48.453666669206456,33.73801566477214,135.43351749039977,1.3553539680029523,0.47518267450723073,2.1137402651178547,0.15214783832521173,0.057058940665131605,6.762567567567568,0.34139570553849113,2.0471162917957804,0.19049245406780238,1.824596720213423,0.04402176434400966,0.4342280570600751,15779324.324324321,0.9675298129927752,1.1900493845747198,0.07587343847791225,2029413.0260056837,0.8925000000000031,185889.92427088507,-5753177.399846672,0.0,0.0,7704571.120670665,0.0,-63558.21928802163
baseline_all,baseline,summer_zero_recorded_amount,37,0.3,0.2,1.1900000000000002,48.40117888303397,33.71854050476957,134.97203980598997,1.8168316524127244,0.6380810105329005,2.8424530922067675,0.20463562449769077,0.07653410066769425,6.762567567567568,0.34139570553849113,2.0471162917957804,0.20014599603244906,1.8719826776194144,0.058942228533735784,0.5803997699612485,15779324.324324321,1.2390511725082578,1.4141847866842372,0.09079390266763837,2026449.5144903841,1.1899999999999955,222445.06153571405,-5741086.458651185,0.0,0.0014046343301381667,7677366.337429526,0.0,-63093.62549035563
baseline_all,baseline,summer_zero_recorded_amount,37,0.3,0.25,1.4875,48.348915525829334,33.698959007555324,134.50990290622508,2.2789685521776355,0.8041200986216026,3.587812107104213,0.2568989817023306,0.09611559788194547,6.762567567567568,0.34139570553849113,2.0471162917957804,0.2102846347278337,1.9139429193506858,0.07387147203297043,0.7266566057210818,15779324.324324321,1.5038170295442534,1.6369904019890043,0.10572314616687302,2022730.4767420723,1.4875000000000071,259021.7081088389,-5728981.708769631,0.0,0.00907089509954146,7650212.639966918,0.0,-64126.09166735302
baseline_all,baseline,summer_zero_recorded_amount,37,0.3,0.3,1.785,48.29691326825727,33.679529294926745,134.05086215638696,2.7380093020157625,0.9693065262210823,4.32980522698233,0.3089012392743924,0.11554531051052298,6.762567567567568,0.34139570553849113,2.0471162917957804,0.222120448772145,1.9646217614990942,0.0888058718200962,0.8716561084248882,15779324.324324321,1.7667065019656107,1.8492010322619903,0.12065754595399879,2019164.4493530868,1.7850000000000061,295610.98758729704,-5716987.929592368,0.0,0.01691120884674017,7623283.577788276,0.0,-63314.80057841971
baseline_all,baseline,summer_zero_recorded_amount,37,0.3,0.35,2.0825,48.24539121419264,33.66036889706703,133.59609978559808,3.192771672804633,1.133614793349068,5.0623196615921415,0.36042329333903,0.1347057083702384,6.762567567567568,0.34139570553849113,2.0471162917957804,0.23637334494667828,2.020217491068159,0.10367554652252911,1.0142612852116741,15779324.324324321,2.0271680442830404,2.054066845010275,0.1355272206564317,2016054.7700804225,2.08250000000001,332041.6906082576,-5705160.171923034,0.0,0.024827095652344842,7596694.25900747,0.0,-60411.21084592032
baseline_all,baseline,summer_zero_recorded_amount,37,0.3,0.4,2.3800000000000003,48.194196383178294,33.641415743896104,133.14500196754219,3.643869490860543,1.1747190136055394,5.786854714279002,0.4116181243533665,0.1536588615411664,6.762567567567568,0.34139570553849113,2.0471162917957804,0.254456036949575,2.0807564871749253,0.11846130810710295,1.1548735755076998,15779324.324324321,2.2838441295573224,2.250203934177747,0.15031298224100553,2013229.5622475601,2.379999999999991,368266.8064904636,-5693465.470786031,0.0,0.03278255679057482,7570376.197810283,0.0,-55566.76672024408
baseline_all,baseline,summer_zero_recorded_amount,37,0.3,0.45,2.6775,48.14343364488119,33.622615235167196,132.69711907520585,4.091752383196867,1.1751222613629153,6.505059603353715,0.4623808626504759,0.17245937027007757,6.762567567567568,0.34139570553849113,2.0471162917957804,0.2781327931998173,2.1906780332683944,0.13314892537967424,1.293786458925981,15779324.324324321,2.535000972370363,2.391439230897275,0.16500059951357687,2010522.8945430303,2.6774999999999958,404251.46880826325,-5681875.08803785,0.0,0.0407613404547297,7544271.042589041,0.0,-43613.227628309345
baseline_all,baseline,summer_zero_recorded_amount,37,0.3,0.5,2.975,48.09335997943001,33.60394182116341,132.25225291993462,4.536618538468084,1.1754085233517628,7.217378012274452,0.5124545281016571,0.19113278427385766,6.762567567567568,0.34139570553849113,2.0471162917957804,0.30393585251817423,2.4389167544163377,0.14772814189163216,1.4311814443620812,15779324.324324321,2.784125041435702,2.3923245788146223,0.17957981602553477,2007835.1375859939,2.9750000000000143,439970.54926256015,-5670375.310853184,0.0,0.04875499555909785,7518352.056165602,0.0,-14722.476586880515
baseline_all,baseline,summer_zero_recorded_amount,37,0.3,0.55,3.2725000000000004,48.04356144022879,33.58539263260523,131.81035302622956,4.9785184321731695,1.1756164531289812,7.924452799775793,0.562253067302873,0.20968197283204174,6.762567567567568,0.34139570553849113,2.0471162917957804,0.3297633553239143,2.6874381106615215,0.1621985350550791,1.56709854502296,15779324.324324321,3.0333233956587002,2.393001576792432,0.19405020918898172,2005154.907260573,3.2724999999999853,475423.01251300523,-5658964.242381196,0.0,0.05675874536688427,7492615.647068198,0.0,14217.084510595925
baseline_all,baseline,summer_zero_recorded_amount,37,0.3,0.6,3.57,47.99403639621817,33.56696653714417,131.3713822936222,5.417489164780502,1.1757699192824873,8.626638861920043,0.6117781113134921,0.2281080682931002,6.762567567567568,0.34139570553849113,2.0471162917957804,0.35561219481109735,2.93615220860084,0.17656135079763727,1.7015572773761212,15779324.324324321,3.2826008514529663,2.3935649346474355,0.20841302493153985,2002482.3409287361,3.5700000000000123,510611.9110822726,-5647640.776082826,0.0,0.06476963434289329,7467059.740946001,0.0,43194.15102307906
baseline_all,baseline,summer_zero_recorded_amount,37,0.3,0.65,3.8675,47.94478279985754,33.54866229052156,130.93531889283094,5.853552565571767,1.1758842730015573,9.32398710441339,0.6610317076741233,0.24641231491570997,6.762567567567568,0.34139570553849113,2.0471162917957804,0.3814802358098076,3.1850356632019734,0.19081792359466687,1.8344315887730722,15779324.324324321,3.5319601139806247,2.394040742574006,0.22266959772856945,1999817.482949095,3.867499999999988,545540.5144349952,-5636403.754441558,0.0,0.0727857580194767,7441682.136180573,0.0,72205.46693387842
baseline_all,baseline,summer_zero_recorded_amount,37,0.3,0.7,4.165,47.896544619725695,33.53075036148724,130.50866068278083,6.280210775621884,1.175969550260433,10.01655115341319,0.7092698878059693,0.2643242439500272,6.762567567567568,0.34139570553849113,2.0471162917957804,0.4068875310389513,3.429552677433277,0.20474719279352646,1.9638382565591244,15779324.324324321,3.7768844528929013,2.3944480672549955,0.23659886692742904,1997182.127187901,4.16500000000002,579667.2239722011,-5625416.791311152,0.0,0.08602485467922988,7416898.780726022,0.0,100716.80599548857
baseline_all,baseline,summer_zero_recorded_amount,37,0.3,0.75,4.4625,47.84888827743153,33.51307255001914,130.08760424800454,6.701267210398167,1.1760332476304853,10.704386690181877,0.7569262301001372,0.2820020554181331,6.762567567567568,0.34139570553849113,2.0471162917957804,0.432101732092489,3.672220047654426,0.21847971368603405,2.0909195993210608,15779324.324324321,4.019903950992928,2.394800195133906,0.25033138781993663,1994564.464763668,4.462499999999989,613311.9001588448,-5614583.189459464,0.0,0.1015586346331211,7392465.200448069,0.0,129024.733467265
baseline_all,baseline,summer_zero_recorded_amount,37,0.3,0.8,4.760000000000001,47.80149331061717,33.4955115927322,129.6693317586793,7.119539699723421,1.1760802702507647,11.387549506918475,0.8043211969144998,0.2995630127050712,6.762567567567568,0.34139570553849113,2.0471162917957804,0.45732534281390136,3.914949739627455,0.23211175656811053,2.216434860297528,15779324.324324321,4.262941756102848,2.3951083082708036,0.2639634307020131,1991955.1484183543,4.759999999999982,646710.4052199322,-5603831.492270926,0.0,0.11716517591970939,7368200.792536049,0.0,157353.94168447878
baseline_all,baseline,summer_zero_recorded_amount,37,0.3,0.85,5.0575,47.7548509881222,33.47824481044014,129.2581155443277,7.530755914075036,1.1761144944291857,12.06609621021687,0.8509635194094667,0.31682979499713193,6.762567567567568,0.34139570553849113,2.0471162917957804,0.48231931662035693,4.155471639238167,0.24550912623617327,2.3393463890014226,15779324.324324321,4.503735436346991,2.3953800889042336,0.2773608003700759,1989381.937604665,5.057500000000014,679533.9609066859,-5593270.998682591,0.0,0.13548015220108212,7344352.445149314,0.0,185454.8268400828
baseline_all,baseline,summer_zero_recorded_amount,37,0.3,0.9,5.355,47.70935060431841,33.46141279961872,128.8573431677826,7.931528290620131,1.1761388255960128,12.740083472374238,0.8964639032132584,0.3336618058185488,6.762567567567568,0.34139570553849113,2.0471162917957804,0.5068880199706082,4.39192121234134,0.2585660606621048,2.458632459679971,15779324.324324321,4.740426125333387,2.395621204787447,0.2904177347960074,1986867.8120271547,5.3549999999999915,711523.4502502182,-5582987.944631725,0.0,0.15866382543847896,7321115.331736141,0.0,213122.47838282058
baseline_all,baseline,summer_zero_recorded_amount,37,0.3,0.95,5.6525,47.66446210047996,33.44481600222942,128.4622034657714,8.326667992631311,1.1761554877513447,13.409567101833943,0.9413524070517012,0.35025860320784724,6.762567567567568,0.34139570553849113,2.0471162917957804,0.531266685314841,4.626538022599251,0.2714322750358909,2.5757893055483962,15779324.324324321,4.9752587704588445,2.3958370396550097,0.3032839491697935,1984378.1795946695,5.652500000000034,743045.675465994,-5572857.599587515,0.0,0.18408630059504935,7298213.789864531,0.0,240591.42608525726
baseline_all,baseline,summer_zero_recorded_amount,37,0.3,1.0,5.95,47.622826251702804,33.42933755148429,128.09391230929674,8.69495914910598,1.1761659140780267,14.074602985939691,0.9829882558288556,0.36573705395298006,6.762567567567568,0.34139570553849113,2.0471162917957804,0.5540703874481164,4.8461933527931,0.2834021895786048,2.684251472574352,15779324.324324321,5.195108019406045,2.3960309584083763,0.3152538637125074,1982020.719660046,5.950000000000029,772371.9660956431,-5563418.363851844,0.0,0.2269634349718555,7276944.852349847,0.0,266328.3622349677
baseline_all,baseline,summer_zero_recorded_amount,37,0.5,0.0,0.0,43.04403033218995,31.87065562631092,91.97022008731406,0.0,0.0,0.0,0.0,0.0,11.270945945945945,0.34139570553849113,2.0471162917957804,0.16436514970114163,1.6873194181054678,0.0,0.0,11270945.945945943,0.15520211384230362,0.5149533821473111,0.021874047379887317,1504197.2530000943,0.0,53591.41608072391,-4655414.846177372,0.0,0.0,5127376.747911053,4.5605384839980136e-05,-65082.166363576565
baseline_all,baseline,summer_zero_recorded_amount,37,0.5,0.05,0.29750000000000004,43.00884401617679,31.85690161428184,91.64469624867183,0.3255238386422382,0.12485157046246798,0.5151818542007334,0.03518631601316387,0.013754012029079818,11.270945945945945,0.34139570553849113,2.0471162917957804,0.1737575209204043,1.7365408901824317,0.010380792061512803,0.27484985905333686,11270945.945945943,0.4328833451766874,0.7434587467895707,0.03225483944140012,1502632.8663723934,0.2974999999999989,79024.35663143029,-4647153.717594113,0.0,0.0,5108092.431910088,0.0,-62265.83070264237
baseline_all,baseline,summer_zero_recorded_amount,37,0.5,0.1,0.5950000000000001,42.97378850156709,31.84322010140065,91.32090102544461,0.6493190618694431,0.24899972513250646,1.0274000468129287,0.07024183062285334,0.02743552491027161,11.270945945945945,0.34139570553849113,2.0471162917957804,0.18317738218833174,1.7858238158066297,0.020696828669607415,0.5462654382193514,11270945.945945943,0.7106474473006629,0.9719399232893698,0.04257087604949473,1501066.104593902,0.5949999999999978,104298.64632126209,-4638947.180185756,0.0,0.0,5088926.417078398,0.0,-59426.306051315485
baseline_all,baseline,summer_zero_recorded_amount,37,0.5,0.15,0.8925,42.93862941875725,31.82953697313025,90.99705749459395,0.9731625927201112,0.3731586697607341,1.5404381844081172,0.10540091343269523,0.04111865318066786,11.270945945945945,0.34139570553849113,2.0471162917957804,0.1927687444367847,1.8351176712132227,0.031008379932668296,0.8164194323429154,11270945.945945943,0.9882445337891494,1.200243154371297,0.05288242731255561,1499459.079461562,0.8925000000000031,129561.94691576125,-4630750.854870213,0.0,0.0,5069773.635406461,0.0,-56595.76026535127
baseline_all,baseline,summer_zero_recorded_amount,37,0.5,0.2,1.1900000000000002,42.90212843097456,31.815473446547347,90.6652157660261,1.3050043212879687,0.5009015069258922,2.07204103065898,0.14190190121539006,0.055182179763575506,11.270945945945945,0.34139570553849113,2.0471162917957804,0.20276161796028755,1.8831849490288668,0.04155261482547731,1.0922271010860058,11270945.945945943,1.2637992780507452,1.4277306208172753,0.06342666220536462,1497263.99288665,1.1899999999999955,155395.3224031433,-4622352.041444115,0.0,0.00140814732208687,5050142.654102913,0.0,-54680.10135111041
baseline_all,baseline,summer_zero_recorded_amount,37,0.5,0.25,1.4875,42.865916718289434,31.80130780667808,90.33273250921124,1.6374875781028155,0.6309808604800438,2.6158446007953415,0.17811361390051675,0.06934781963283969,11.270945945945945,0.34139570553849113,2.0471162917957804,0.21329813276595003,1.9261900172053608,0.052131713546622584,1.3681375797959041,11270945.945945943,1.5325172641197993,1.6534435387098794,0.0740057609265099,1494500.6535768064,1.4875000000000071,181314.1142699493,-4613928.773902878,0.0,0.009074547726243798,5030520.142515412,0.0,-53946.207290694256
baseline_all,baseline,summer_zero_recorded_amount,37,0.5,0.3,1.785,42.82983774425869,31.787242696255202,90.00196032563763,1.9682597616764403,0.7604261398424086,3.1582041724976335,0.21419258793125268,0.08341293005571679,11.270945945945945,0.34139570553849113,2.0471162917957804,0.2256145222854712,1.978507902518475,0.06273852762554334,1.64140564876421,11270945.945945943,1.7992537107995943,1.8678621000765994,0.08461257500543065,1491872.4343918322,1.7850000000000061,207300.80876330507,-4605577.6161618335,0.0,0.016914897447999153,5011046.996802018,0.0,-51395.65888091572
baseline_all,baseline,summer_zero_recorded_amount,37,0.5,0.35,2.0825,42.79390316786828,31.773360237143724,89.67364433745446,2.296575749859609,0.8240859368227831,3.6954045485238964,0.25012716432167026,0.09729538916719734,11.270945945945945,0.34139570553849113,2.0471162917957804,0.24050849407672675,2.0348985348073314,0.07332021611699951,1.9104572081566968,11270945.945945943,2.063362157100475,2.0755799140885287,0.09519426349688682,1489592.3722411671,2.08250000000001,233225.94556737272,-4597336.34878902,0.0,0.024830790864408002,4991802.516944681,0.0,-47110.4112068942
baseline_all,baseline,summer_zero_recorded_amount,37,0.5,0.4,2.3800000000000003,42.75811836871473,31.759613675397475,89.34751529076644,2.6227047965476187,0.824317116123197,4.227832989404618,0.2859119634752084,0.11104195091344353,11.270945945945945,0.34139570553849113,2.0471162917957804,0.25955250986003,2.096368343947207,0.08385882607303638,2.176038269820625,11270945.945945943,2.3233240740783643,2.2740720219265134,0.1057328734529237,1487522.471853074,2.379999999999991,259045.53995966306,-4589180.220233594,0.0,0.03278624814716057,4972735.43193828,0.0,-41049.50932663306
baseline_all,baseline,summer_zero_recorded_amount,37,0.5,0.45,2.6775,42.72248580793951,31.745962463053257,89.02349485202308,2.9467252352909883,0.824428704555416,4.756448085726532,0.32154452425043223,0.12469316325766601,11.270945945945945,0.34139570553849113,2.0471162917957804,0.2843881388865625,2.2331498207008496,0.094339987663373,2.438813606831862,11270945.945945943,2.5775285084502992,2.3914949795447615,0.11621403504326033,1485530.8679832467,2.6774999999999958,284724.38585598784,-4581087.8955199905,0.0,0.04076502315836642,4953802.879952187,0.0,-25034.83438458283
baseline_all,baseline,summer_zero_recorded_amount,37,0.5,0.5,2.975,42.687006503660626,31.732390110571856,88.70137822368046,3.268841863633589,0.8244650246393519,5.2820244608197555,0.3570238285293188,0.13826551573906434,11.270945945945945,0.34139570553849113,2.0471162917957804,0.3107228858375132,2.485077361302252,0.10475444434879255,2.6989581191965772,11270945.945945943,2.8302856605469104,2.39232459103992,0.12662849172867988,1483545.4415935988,2.9750000000000143,310239.8047352657,-4573050.549774475,0.0,0.04875866742540488,4934987.914589848,0.0,4789.145311054566
baseline_all,baseline,summer_zero_recorded_amount,37,0.5,0.55,3.2725000000000004,42.65181587721705,31.718895495239014,88.38121213997445,3.5890079473396077,0.8244511164022157,5.804623691017525,0.39221445497289964,0.15176013107190914,11.270945945945945,0.34139570553849113,2.0471162917957804,0.3370771990756052,2.7371948856112547,0.11510187405650268,2.9566090298565215,11270945.945945943,3.0830801796674967,2.3930015858515064,0.13697592143639,1481561.067216747,3.2724999999999853,335591.0075191555,-4565067.345970802,0.0,0.05676240535899178,4916288.964990537,0.0,34643.72711237049
baseline_all,baseline,summer_zero_recorded_amount,37,0.5,0.6,3.57,42.616965216605344,31.705478138010374,88.06289346425807,3.9073266230559835,0.8244024630951827,6.324257571797702,0.42706511558460375,0.16517748830054294,11.270945945945945,0.34139570553849113,2.0471162917957804,0.3634480488872462,2.9894687916556784,0.1253828861310125,3.2117198191006393,11270945.945945943,3.3359174413051633,2.3935649414448026,0.14725693351089983,1479577.9189987388,3.5700000000000123,360779.48710170464,-4557137.719469598,0.0,0.06477328183518871,4897704.953504352,0.0,64524.453195567556
baseline_all,baseline,summer_zero_recorded_amount,37,0.5,0.65,3.8675,42.582327541344284,31.692137469707756,87.74639703104786,4.223823056266196,0.8243290311460783,6.840942885633325,0.46170279084566057,0.17851815660316797,11.270945945945945,0.34139570553849113,2.0471162917957804,0.38983337112465605,3.241876275243451,0.13559816276079276,3.464161098078645,11270945.945945943,3.5888007316336186,2.3940407481855313,0.15747221014068008,1477596.1091324852,3.867499999999988,385806.9148446662,-4549261.065398525,0.0,0.07278939263952229,4879234.700619638,0.0,94428.27099487749
baseline_all,baseline,summer_zero_recorded_amount,37,0.5,0.7,4.165,42.54835956788935,31.679065512109,87.4363637666603,4.533856320653757,0.8242373372741412,7.354699135967948,0.49567076430060025,0.19159011420192132,11.270945945945945,0.34139570553849113,2.0471162917957804,0.41574377587499445,3.489815726004801,0.14559479155912577,3.7101927115272515,11270945.945945943,3.83714750597717,2.3944480717677634,0.1674688389390131,1475630.2214736207,4.16500000000002,410298.6554005821,-4541549.5897286795,0.0,0.08603558474733548,4861173.844389602,0.0,123811.91734633595
baseline_all,baseline,summer_zero_recorded_amount,37,0.5,0.75,4.4625,42.5147588622623,31.66615022577278,87.13009149912816,4.840128588185908,0.8241322566714331,7.865548038308205,0.5292714699276488,0.20450540053814284,11.270945945945945,0.34139570553849113,2.0471162917957804,0.4414534405985709,3.7358518567408034,0.15546287984832963,3.9520582215333206,11270945.945945943,4.083535763605858,2.3948001986604677,0.17733692722821695,1473672.5949269233,4.462499999999989,434475.4717091315,-4533937.153478148,0.0,0.101569574105829,4843348.878819373,0.0,152978.40353970145
baseline_all,baseline,summer_zero_recorded_amount,37,0.5,0.8,4.760000000000001,42.48130348844179,31.653309160629433,86.82573598881277,5.144484098501304,0.8240169757649056,8.37351209286912,0.5627268437481567,0.21734646568148516,11.270945945945945,0.34139570553849113,2.0471162917957804,0.4671680791821936,3.9819168938545433,0.16526839467618762,4.191490461519644,11270945.945945943,4.329908913244999,2.3951083111858553,0.18714244205607491,1471717.1210294352,4.759999999999982,458498.9830373836,-4526375.23118374,0.0,0.11717627105520839,4825632.547315334,0.0,182155.53203506273
baseline_all,baseline,summer_zero_recorded_amount,37,0.5,0.85,5.0575,42.448338595171364,31.640671369963894,86.52621252455322,5.444007562760849,0.8238940159401977,8.878615060600097,0.5956917370185775,0.22998425634702627,11.270945945945945,0.34139570553849113,2.0471162917957804,0.49264299889567525,4.225701448793706,0.17491723658638247,4.426094740315608,11270945.945945943,4.57396524827597,2.395380091277664,0.19679128396626977,1469785.3504235959,5.057500000000014,482138.645717361,-4518940.094421036,0.0,0.1354961744005909,4808204.430497179,0.0,211086.12893163567
baseline_all,baseline,summer_zero_recorded_amount,37,0.5,0.9,5.355,42.416136930452986,31.62833887897335,86.23393162570113,5.736288461612935,0.8237652675981479,9.380881394856885,0.6278934017369645,0.2423167473375698,11.270945945945945,0.34139570553849113,2.0471162917957804,0.5176793610945517,4.465321810260425,0.18433546658691166,4.653872288687167,11270945.945945943,4.8138267253103235,2.3956212068452998,0.20620951396679896,1467895.1824112148,5.3549999999999915,505213.3092186575,-4511691.74824104,0.0,0.15868010516680953,4791206.041728223,0.0,239560.63423355386
baseline_all,baseline,summer_zero_recorded_amount,37,0.5,0.95,5.6525,42.38435842337302,31.616167599591783,85.94581425753042,6.024405829783651,0.8236321777603024,9.868980795933822,0.6596719088169205,0.2544880267191392,11.270945945945945,0.34139570553849113,2.0471162917957804,0.5425171712876083,4.703046714754189,0.19362631235824773,4.878051468396058,11270945.945945943,5.051767464386364,2.395837041427637,0.21550035973813506,1466019.7036828955,5.652500000000034,527975.881358431,-4504544.012361404,0.0,0.18411071012642125,4774438.465035749,0.0,267820.8307297377
baseline_all,baseline,summer_zero_recorded_amount,37,0.5,1.0,5.95,42.355045617813246,31.604791674747656,85.6770198170843,6.293200270229757,0.8234956756296299,10.345766226836759,0.6889847143767068,0.2658639515632631,11.270945945945945,0.34139570553849113,2.0471162917957804,0.5657452236376379,4.925571558280393,0.20229503300235258,5.086010351450571,11270945.945945943,5.274486226399318,2.3960309599143885,0.2241690803822399,1464237.1196511912,5.950000000000029,549214.2469364877,-4497868.872225129,0.0,0.22699517511932515,4758832.8227424035,0.0,294300.02921720495
baseline_all,baseline,summer_reported_rain,18,0.1,0.0,0.0,42.880426289908044,29.95592433688611,103.41542869187911,0.0,0.0,0.0,0.0,0.0,1.2608333333333333,2.4311219080693136,9.063300769974658,3.581002349353842,13.409748110459338,0.0,0.0,11347500.0,6.033157855275367,1.6864469410499068,0.11551802768581071,1208442.361506482,0.0,283019.16783023626,-3790538.776794771,31.905555555555534,24.607262805049487,5946792.121227265,0.0002635737395759566,469427.6982527427
baseline_all,baseline,summer_reported_rain,18,0.1,0.05,0.29750000000000004,42.843159369549774,29.944767296473337,103.14859415634459,0.2668345355345198,0.0002901572383535722,0.7665792149899744,0.037266920358264365,0.011157040412771164,1.2608333333333333,2.4311219080693136,9.063300769974658,3.585587797392303,13.458856251610191,0.008340906890637927,0.0,11347500.0,6.197735083592582,1.8021572658566387,0.12385893457644863,1206983.4315231105,0.2974999999999989,303454.3897122991,-3783560.864244081,31.905555555555534,24.72701798416285,5931427.240801115,2.2336099201203995e-05,472018.7665559961
baseline_all,baseline,summer_reported_rain,18,0.1,0.1,0.5950000000000001,42.80611978783272,29.93366165904231,102.88292205127377,0.5325066406053449,0.0005780512047337538,1.527156323715758,0.07430650207532115,0.022262677843797637,1.2608333333333333,2.4311219080693136,9.063300769974658,3.5899002788920646,13.508263900470894,0.016620631241421248,0.0,11347500.0,6.362469192874541,1.9175060623770754,0.13213865892723195,1205485.3794076308,0.5949999999999978,323739.7143717183,-3776624.6431433284,31.905555555555534,24.84716933293114,5916136.761789624,0.0,474548.60813707527
baseline_all,baseline,summer_reported_rain,18,0.1,0.15,0.8925,42.76905209830745,29.92258928680524,102.61798476543989,0.797443926439228,0.0008637038724756962,2.288362748177917,0.11137419160059044,0.03333505008086727,1.2608333333333333,2.4311219080693136,9.063300769974658,3.59454202148052,13.558337777312364,0.02487950920990139,0.0,11347500.0,6.523957631311271,2.0289206239723097,0.1403975368957121,1203948.4307004118,0.8925000000000031,343973.96539449465,-3769717.558415937,31.905555555555534,24.970280273937405,5900903.587599306,0.0,477223.55275265034
baseline_all,baseline,summer_reported_rain,18,0.1,0.2,1.1900000000000002,42.73205625069552,29.91134126168687,102.34876505956255,1.0666636323165646,0.0011471369753408567,3.080640512963413,0.14837003921252329,0.04458307519923702,1.2608333333333333,2.4311219080693136,9.063300769974658,3.599983517605181,13.619982005595485,0.033269032792967244,0.0,11347500.0,6.682073305856835,2.125392070234808,0.14878706047877793,1202138.989891645,1.1899999999999955,364528.298173006,-3762713.991325144,31.905555555555534,25.09583357968414,5885456.19871183,0.0,481013.5174566021
baseline_all,baseline,summer_reported_rain,18,0.1,0.25,1.4875,42.69515603268344,29.900007053390638,102.07758029522343,1.337848396655681,0.0014283720091725627,3.89290329405452,0.18527025722459753,0.05591728349547173,1.2608333333333333,2.4311219080693136,9.063300769974658,3.6058236352569253,13.686698671245937,0.04174043158752117,0.0,11347500.0,6.838431118626321,2.21503321735381,0.15725845927333187,1200129.300560384,1.4875000000000071,385283.22521966306,-3755675.81244679,31.905555555555534,25.222664250468384,5869912.0166047765,0.0,485230.3763592867
baseline_all,baseline,summer_reported_rain,18,0.1,0.3,1.785,42.658477017481594,29.888755181752035,101.80830115694906,1.6071275349300584,0.0017074302372748207,4.701239179198836,0.22194927242644585,0.06716915513407232,1.2608333333333333,2.4311219080693136,9.063300769974658,3.612360647437767,13.754247148380287,0.05019986975904162,0.0,11347500.0,6.993727706544263,2.302781328137386,0.16571789744485232,1198211.190440205,1.7850000000000061,406008.84873988817,-3748698.4916396206,31.905555555555534,25.349871212198103,5854493.34175742,0.0,489963.6502041053
baseline_all,baseline,summer_reported_rain,18,0.1,0.35,2.0825,42.62202719900887,29.877641908609277,101.54191994081432,1.8735087510647912,0.0019843326888562274,5.49892438077265,0.2583990908991702,0.07828242827683123,1.2608333333333333,2.4311219080693136,9.063300769974658,3.6213828906354433,13.85584650611381,0.058617878356620454,0.0,11347500.0,7.146008446958463,2.353462710818031,0.17413590604243115,1196521.2298342655,2.08250000000001,426632.96980395634,-3741809.5434922036,31.905555555555534,25.477650219988565,5839258.7267565355,0.0,499827.9412341214
baseline_all,baseline,summer_reported_rain,18,0.1,0.4,2.3800000000000003,42.585809091558666,29.866624115550287,101.27770544667405,2.1377232452050583,0.0022591001686365075,6.287940424736405,0.2946171983493764,0.08930022133582444,1.2608333333333333,2.4311219080693136,9.063300769974658,3.631100176281711,13.969880636860113,0.06697364594116066,0.0,11347500.0,7.296711244024721,2.3901313771379717,0.18249167362697136,1194900.1628191636,2.379999999999991,447104.6003860798,-3734986.082442392,31.905555555555534,25.606374369691498,5824157.445135023,0.0,511528.55670727324
baseline_all,baseline,summer_reported_rain,18,0.1,0.45,2.6775,42.54982476831812,29.855692633188497,101.01554691129199,2.399881780587126,0.0025317532479931515,7.070151173019212,0.33060152158992256,0.10023170369761125,1.2608333333333333,2.4311219080693136,9.063300769974658,3.641174825352146,14.113852406754,0.07526083218640121,0.0,11347500.0,7.4458677470138905,2.395316110233236,0.1907788598722119,1193304.208959646,2.6774999999999958,467408.20668691926,-3728222.466457585,31.905555555555534,25.736356031386702,5809177.112268468,0.0,526862.2913938612
baseline_all,baseline,summer_reported_rain,18,0.1,0.5,2.975,42.51408491212177,29.844859828967508,100.75575219800412,2.659676493875001,0.002802312279925445,7.846460406396886,0.36634137778627873,0.11106450791860173,1.2608333333333333,2.4311219080693136,9.063300769974658,3.6512534762069047,14.260980062851441,0.0834698556119825,0.0,11347500.0,7.593451887456254,2.3957725945781183,0.1989878832977932,1191721.2591287899,2.9750000000000143,487520.31407959334,-3721525.596622573,31.905555555555534,25.86798421666404,5794335.670152171,0.0,542642.4272606327
baseline_all,baseline,summer_reported_rain,18,0.1,0.55,3.2725000000000004,42.47857707937265,29.834108982698567,100.49792022794439,2.9175084639347215,0.0030707973958996604,8.61698654977539,0.40184921053539413,0.12181535418753972,1.2608333333333333,2.4311219080693136,9.063300769974658,3.661334599219309,14.407770729111895,0.09160963528915075,0.0,11347500.0,7.740615027856886,2.3961450687183112,0.20712766297496146,1190145.3721358713,3.2724999999999853,507462.77428865567,-3714886.55929733,31.905555555555534,26.000100173573852,5779611.586824885,0.0,558403.3244409539
baseline_all,baseline,summer_reported_rain,18,0.1,0.6,3.57,42.44329703111445,29.823436099343674,100.24195559329841,3.1734730985807005,0.003337228506403278,9.381787280946867,0.43712925879359216,0.13248823754243588,1.2608333333333333,2.4311219080693136,9.063300769974658,3.671417109732758,14.554450166740615,0.09968266754316685,0.0,11347500.0,7.887604359546176,2.396454962778902,0.21520069522897753,1188575.1375766112,3.5700000000000123,527241.703310995,-3708302.4855549373,31.905555555555534,26.132455299116998,5764997.963319583,0.0,574161.8405331756
baseline_all,baseline,summer_reported_rain,18,0.1,0.65,3.8675,42.40989488673785,29.813292151309568,99.99878583249209,3.4166428593870233,0.003601625309151757,10.140927370869008,0.4705314031701917,0.14263218557654056,1.2608333333333333,2.4311219080693136,9.063300769974658,3.6812813677441065,14.694890655796014,0.10722778806180994,0.0,11347500.0,8.028306596897497,2.396716711074846,0.22274581574762062,1187055.4512756173,3.8674999999999877,545727.2485816706,-3702051.0757871536,31.905555555555534,26.271843683235698,5751351.176810972,0.0,589178.8583163789
baseline_all,baseline,summer_reported_rain,18,0.1,0.7,4.165,42.37761203728272,29.80349361121035,99.76408919073351,3.6513395011455887,0.003864007285358184,10.894474775003971,0.5028142526253239,0.15243072567576238,1.2608333333333333,2.4311219080693136,9.063300769974658,3.6905105808231067,14.828677642274208,0.1144249755376403,0.0,11347500.0,8.162317605274191,2.396940732973322,0.229943003223451,1185570.7814609823,4.16500000000002,563360.3578974549,-3696014.9921278027,31.905555555555534,26.418906274304213,5738303.84016566,0.0,603327.4295430285
baseline_all,baseline,summer_reported_rain,18,0.1,0.75,4.4625,42.34677230525214,29.794334614475,99.54463506946213,3.8707936224169717,0.004124393708060836,11.642499443952602,0.533653984655903,0.16158972241110645,1.2608333333333333,2.4311219080693136,9.063300769974658,3.6987434048559575,14.951638213041289,0.12117071460854421,0.0,11347500.0,8.285471827766507,2.3971343846985733,0.23668874229435494,1184184.7243833796,4.462499999999989,579887.4186211696,-3690369.337414784,31.905555555555534,26.578273488708152,5726164.245626484,0.0,616397.7630943047
baseline_all,baseline,summer_reported_rain,18,0.1,0.8,4.760000000000001,42.31817242178358,29.785916565656958,99.34291435137874,4.072514340500372,0.004382803640403665,12.385071477078299,0.5622538681244621,0.1700077712291501,1.2608333333333333,2.4311219080693136,9.063300769974658,3.705998151513858,15.064721392753471,0.1272689878030342,0.0,11347500.0,8.39872446347764,2.3973038406975453,0.24278701548884488,1182885.6339971733,4.759999999999982,594828.18794767,-3685192.988677895,31.905555555555534,26.749167833144543,5715225.679574685,0.0,628344.6966739013
baseline_all,baseline,summer_reported_rain,18,0.1,0.85,5.0575,42.28977714133552,29.77757209607193,99.14294481217598,4.27248387970313,0.004639255941583542,13.122261941942668,0.590649148572522,0.17835224081417975,1.2608333333333333,2.4311219080693136,9.063300769974658,3.71322115689774,15.177094134249947,0.13330753653637242,0.0,11347500.0,8.511246696572298,2.397453332295817,0.24882556422218313,1181599.3467341028,5.057500000000014,609622.6323443487,-3680065.6748808906,31.905555555555534,26.92088404593272,5704386.400307503,0.0,640217.2101698294
baseline_all,baseline,summer_reported_rain,18,0.1,0.9,5.355,42.26157922489458,29.769299375797218,98.94468366200329,4.470745029875823,0.004893769262658054,13.854141408844413,0.6188470650134563,0.18662496108889196,1.2608333333333333,2.4311219080693136,9.063300769974658,3.7204191716193824,15.288923914519845,0.13928962613018497,0.0,11347500.0,8.623209052443693,2.397585907897311,0.2548076538159957,1180324.0375198466,5.3549999999999915,624278.7518491893,-3674985.389181806,31.905555555555534,27.093241585745872,5693641.492619005,0.0,652035.7217959437
baseline_all,baseline,summer_reported_rain,18,0.1,0.95,5.6525,42.2335760918621,29.76109607088295,98.74807587457784,4.667352817301276,0.005146362058354725,14.580779479513609,0.6468501980459386,0.1948282660031584,1.2608333333333333,2.4311219080693136,9.063300769974658,3.7275945234061303,15.400230506495213,0.14521601499821715,0.0,11347500.0,8.734634322910992,2.3977045863892616,0.2607340426840279,1179059.3263262073,5.652500000000034,638798.4045758683,-3669951.2374535557,31.905555555555534,27.266214574623845,5682989.3358554095,0.0,663801.4488113825
baseline_all,baseline,summer_reported_rain,18,0.1,1.0,5.95,42.2057655462513,29.752960169633564,98.55307403481027,4.862354657068849,0.005397052581308515,15.302245909330765,0.6746607436567421,0.2029641672525489,1.2608333333333333,2.4311219080693136,9.063300769974658,3.734748846660586,15.511021022171722,0.15108727669202568,0.0,11347500.0,8.84553148494594,2.397811232747747,0.26660530437783636,1177804.9616952788,5.950000000000029,653182.9957256992,-3664962.435738326,31.905555555555534,27.43979182764066,5672428.576756619,0.0,675514.0973732794
baseline_all,baseline,summer_reported_rain,18,0.3,0.0,0.0,39.30561124011044,28.910653217816098,78.696882034566,0.0,0.0,0.0,0.0,0.0,3.7824999999999998,2.4311219080693136,9.063300769974658,3.5836643414860276,13.428889981717191,0.0,0.0,8825833.333333336,6.052267941976057,1.6866787302323334,0.08878707343891823,920562.5939806952,0.0,217528.32992534965,-3181866.0259126103,31.905555555555534,24.61195810672393,4499889.285800503,0.0,487099.15691832895
baseline_all,baseline,summer_reported_rain,18,0.3,0.05,0.29750000000000004,39.277971263056514,28.902027930646568,78.49133355705322,0.20554847751277963,0.00023529210015027502,0.5807094713613026,0.027639977053927782,0.008625287169529964,3.7824999999999998,2.4311219080693136,9.063300769974658,3.588002482642893,13.47887790785971,0.006280155442910257,0.061286058021740156,8825833.333333336,6.21929458920196,1.8037174513156868,0.09506722888182847,919423.3990151428,0.2974999999999989,232914.71076047976,-3176658.623420581,31.905555555555534,24.7318131628983,4488016.528036017,0.0,490299.00738387863
baseline_all,baseline,summer_reported_rain,18,0.3,0.1,0.5950000000000001,39.250429243479545,28.89343039871697,78.28645731662309,0.4104247179429142,0.00046872101479067396,1.1571715857618585,0.05518199663088809,0.01722281909912699,3.7824999999999998,2.4311219080693136,9.063300769974658,3.592386263011738,13.52882782589233,0.012533196266065003,0.12208192266243066,8825833.333333336,6.385907595440274,1.9203805395214006,0.10132026970498323,918238.3079023566,0.5949999999999978,248234.66077720886,-3171476.0071396767,31.905555555555534,24.852063335467996,4476187.807920324,0.0,493447.3417127888
baseline_all,baseline,summer_reported_rain,18,0.3,0.15,0.8925,39.2229812761485,28.88485298375189,78.08201036676404,0.6148716678019643,0.0007003050879248462,1.7345666662328085,0.08262996396193382,0.025800234064200782,3.7824999999999998,2.4311219080693136,9.063300769974658,3.5971375104404615,13.579494640530342,0.01877896863536101,0.18257225863726292,8825833.333333336,6.54920135780301,2.0330074872461465,0.10756604207427924,917027.8719228011,0.8925000000000031,263536.80308198417,-3166311.6071164613,31.905555555555534,24.975272553307175,4464396.558167362,0.0,496766.66139817395
baseline_all,baseline,summer_reported_rain,18,0.3,0.2,1.1900000000000002,39.19531848652317,28.876131087172528,77.87406280837163,0.8228192261943718,0.0009300624579040573,2.3363401599154656,0.11029275358726823,0.034522130643565935,3.7824999999999998,2.4311219080693136,9.063300769974658,3.6026955158518277,13.641761346070172,0.025135173877669705,0.24384440612219332,8825833.333333336,6.709116465772899,2.130655889676162,0.11392224731658793,915608.2694736519,1.1899999999999955,279109.50592564046,-3161070.283996775,31.905555555555534,25.100943234683612,4452429.024605814,0.0,501273.22028245527
baseline_all,baseline,summer_reported_rain,18,0.3,0.25,1.4875,39.16759415159768,28.86733091667599,77.66437828307964,1.0325037514863675,0.0011580110652147368,2.9540721019825185,0.1380170885127517,0.04332230114010807,3.7824999999999998,2.4311219080693136,9.063300769974658,3.6086786717264983,13.709046982591232,0.031567191337338464,0.30534464516931276,8825833.333333336,6.867258529839162,2.221512317221385,0.1203542647762567,914026.0734085336,1.4875000000000071,294867.94870182895,-3155796.246123384,31.905555555555534,25.227885997283057,4440372.44612957,0.0,506238.3173535877
baseline_all,baseline,summer_reported_rain,18,0.3,0.3,1.785,39.14000018755804,28.858587617239394,77.45595453953256,1.2409274950334552,0.0013841686491460337,3.569512631437817,0.16561105255240033,0.05206560057670176,3.7824999999999998,2.4311219080693136,9.063300769974658,3.61544861076871,13.777559164861074,0.03800318713164926,0.36620003989660355,8825833.333333336,7.024216188352835,2.3099577934651916,0.12679026057056747,912526.167949763,1.7850000000000061,310636.1383978904,-3150563.4709886354,31.905555555555534,25.355222403932878,4428403.675641505,0.0,511739.19505463884
baseline_all,baseline,summer_reported_rain,18,0.3,0.35,2.0825,39.11254382822546,28.849944930920874,77.24952160378415,1.4473604307818515,0.0016085527578297842,4.17792430962723,0.1930674118849765,0.06070828689521868,3.7824999999999998,2.4311219080693136,9.063300769974658,3.624767024192406,13.883970723239392,0.04441831184948667,0.42614832028293986,8825833.333333336,7.178040253292376,2.357370300026357,0.1332053852884049,911210.6623612464,2.08250000000001,326353.193956592,-3145393.0788150313,31.905555555555534,25.483164800851718,4416567.917749602,0.0,522680.07400657755
baseline_all,baseline,summer_reported_rain,18,0.3,0.4,2.3800000000000003,39.08522805074986,28.841367117786945,77.04454731753533,1.652334717030663,0.0018311807412558778,4.780706146557492,0.22038318936058035,0.06928610002915114,3.7824999999999998,2.4311219080693136,9.063300769974658,3.6346756736960355,14.00110160163828,0.05079291135490999,0.48538852817439526,8825833.333333336,7.330298989145896,2.392498157480967,0.13957998479382824,909942.8124072802,2.379999999999991,341970.9627448792,-3140266.146189492,31.905555555555534,25.61212281598914,4404824.255070793,0.0,535140.5165762925
baseline_all,baseline,summer_reported_rain,18,0.3,0.45,2.6775,39.05886921926103,28.83284866242023,76.84097428486108,1.855907749704927,0.0020520697622643524,5.3791610881860095,0.24674202084941005,0.07780455539586839,3.7824999999999998,2.4311219080693136,9.063300769974658,3.6449050574146873,14.149019421219666,0.05712109688560902,0.5439740308821988,8825833.333333336,7.481034769779324,2.3953161185330205,0.14590817032452724,908690.5713846947,2.6774999999999958,357475.01729509176,-3135179.1257389705,31.905555555555534,25.742329466106398,4393164.3844108125,0.0,551265.4768059398
baseline_all,baseline,summer_reported_rain,18,0.3,0.5,2.975,39.032774601881385,28.82439978323083,76.63905733629514,2.0578246982708532,0.002271236791408171,5.973829217282201,0.2728366382290523,0.08625343458526598,3.7824999999999998,2.4311219080693136,9.063300769974658,3.6551368041202457,14.297790315482299,0.06339401170942444,0.6018517956041478,8825833.333333336,7.630262146062825,2.395772600553872,0.15218108514834264,907445.6266395306,2.9750000000000143,372843.65861343953,-3130137.6692049596,31.905555555555534,25.874097428293574,4381602.878112118,0.0,567536.8974578641
baseline_all,baseline,summer_reported_rain,18,0.3,0.55,3.2725000000000004,39.006816696351585,28.816007843326854,76.43849357560237,2.2583884589636383,0.0024886986149894597,6.564744145232197,0.29879454375885534,0.09464537448924008,3.7824999999999998,2.4311219080693136,9.063300769974658,3.6653694144962876,14.446206327846388,0.06961950214209942,0.6591200049710834,8825833.333333336,7.779050630948739,2.3961450730756813,0.15840657558101764,906203.7013240834,3.2724999999999853,388096.1101734933,-3125135.1368283452,31.905555555555534,26.00635084259894,4370123.505244874,0.0,583781.4361574532
baseline_all,baseline,summer_reported_rain,18,0.3,0.6,3.57,38.98099320483726,28.807669988714427,76.23921523279495,2.4576668017710492,0.0027044718334323647,7.15192798886784,0.32461803527317773,0.10298322910166845,3.7824999999999998,2.4311219080693136,9.063300769974658,3.6756018302189384,14.594492466856142,0.07579959173428202,0.7158062968096517,8825833.333333336,7.927646662862451,2.396454965979645,0.16458666517320025,904963.7352558741,3.5700000000000123,403237.3296743406,-3120169.519645672,31.905555555555534,26.138842305370318,4358721.310698193,0.0,600017.9152239928
baseline_all,baseline,summer_reported_rain,18,0.3,0.65,3.8675,38.95659267722851,28.799745711455085,76.04982043254942,2.647061602016576,0.002918572865041824,7.735409110630599,0.34901856288193184,0.11090750636101375,3.7824999999999998,2.4311219080693136,9.063300769974658,3.6855182574846523,14.735833511881058,0.08157049297200253,0.7695812573704486,8825833.333333336,8.069249455548553,2.396716713640848,0.17035756641092079,903760.7158538374,3.8674999999999877,417376.0377067559,-3115455.3337598937,31.905555555555534,26.2790521841808,4348076.564095482,0.0,615416.0570994314
baseline_all,baseline,summer_reported_rain,18,0.3,0.7,4.165,38.93299580133414,28.79207800035796,75.86654208308131,2.830339951484689,0.0031310179501318203,8.315218796353577,0.37261543877629816,0.11857521745813454,3.7824999999999998,2.4311219080693136,9.063300769974658,3.6948808807821885,14.870972114222273,0.0870863987500545,0.8209995496608992,8825833.333333336,8.204612079275059,2.3969407350261354,0.17587347218897273,902582.8586787779,4.16500000000002,430890.00686298317,-3110896.035806938,31.905555555555534,26.426311031378763,4337879.164758611,0.0,630019.3563679695
baseline_all,baseline,summer_reported_rain,18,0.3,0.75,4.4625,38.910442992339156,28.78490058119515,75.69495004822113,3.001931986344868,0.0033418231475650373,8.891390809774606,0.3951682477712798,0.1257526366209457,3.7824999999999998,2.4311219080693136,9.063300769974658,3.703233913110561,14.995188988377508,0.09226821390425238,0.8688616360721032,8825833.333333336,8.329022604703422,2.3971343862992724,0.1810552873431706,901481.1001269822,4.462499999999989,443585.453990768,-3106627.0339876805,31.905555555555534,26.58586565846782,4328376.00154245,0.0,643501.632179065
baseline_all,baseline,summer_reported_rain,18,0.3,0.8,4.760000000000001,38.88951920865263,28.77828244236285,75.53675631961428,3.1601257149517203,0.003551004343421482,9.463959804911127,0.4160920314578031,0.1323707754532458,3.7824999999999998,2.4311219080693136,9.063300769974658,3.710592501306471,15.10943091120627,0.09697020029921183,0.9123886255486515,8825833.333333336,8.443433983247726,2.3973038420148054,0.18575727373813006,900440.0691662735,4.759999999999982,455105.32065841864,-3102699.7142460565,31.905555555555534,26.756893705332544,4319780.560103933,0.0,655829.9426405537
baseline_all,baseline,summer_reported_rain,18,0.3,0.85,5.0575,38.86872111485164,28.771717212351454,75.37980767165375,3.317074362912241,0.0037585772483836877,10.032961554148557,0.4368901252587961,0.13893600546464174,3.7824999999999998,2.4311219080693136,9.063300769974658,3.7179181828097225,15.222949237128628,0.10162980251578241,0.9554095167908883,8825833.333333336,8.557101800521103,2.3974533333659593,0.1904168759547006,899407.5984700049,5.057500000000014,466521.3460890164,-3098806.2172819716,31.905555555555534,26.928740604339414,4311256.557152232,0.0,668078.0630419134
baseline_all,baseline,summer_reported_rain,18,0.3,0.9,5.355,38.84804401118566,28.76520392416308,75.22408416969913,3.472797864866869,0.003964557400657043,10.598432370359006,0.45756722892477836,0.14544929365301484,3.7824999999999998,2.4311219080693136,9.063300769974658,3.7252177127242416,15.335910518628314,0.10624956768963806,0.997947165008953,8825833.333333336,8.670195657478503,2.397585908823685,0.1950366411285563,898382.3312460594,5.3549999999999915,477839.7707649629,-3094945.312460532,31.905555555555534,27.101227452293635,4302800.83592178,0.0,680267.2750320944
baseline_all,baseline,summer_reported_rain,18,0.3,0.95,5.6525,38.82748669987157,28.7587407978293,75.0695454416699,3.6273365928961,0.004168960171398339,11.160408523044282,0.4781245402388701,0.15191241998679653,3.7824999999999998,2.4311219080693136,9.063300769974658,3.7324934471646265,15.448334374736485,0.11082993930927047,1.0400162244051765,8825833.333333336,8.782738191949393,2.3977045871864484,0.1996170127481887,897364.0018214493,5.652500000000034,489061.6812330623,-3091116.4186025388,31.905555555555534,27.274328811762786,4294412.311798636,0.0,692398.9527790664
baseline_all,baseline,summer_reported_rain,18,0.3,1.0,5.95,38.80704824814173,28.75232631170873,74.91615685932858,3.780725175237419,0.00437180075994803,11.718926659279475,0.49856299196870363,0.15832690610736322,3.7824999999999998,2.4311219080693136,9.063300769974658,3.7397470460469666,15.560228954596605,0.11537121742202354,1.0816294818314292,8825833.333333336,8.89473941805292,2.397811233429844,0.20415829086094175,896352.4454140196,5.950000000000029,500187.81260930724,-3087319.0329375505,31.905555555555534,27.448032708664197,4286090.095475597,0.0,704473.0868286269
baseline_all,baseline,summer_reported_rain,18,0.5,0.0,0.0,35.70516558018822,27.8546341811515,53.85937684282443,0.0,0.0,0.0,0.0,0.0,6.304166666666666,2.4311219080693136,9.063300769974658,3.5857104360303182,13.44634390646586,0.0,0.0,6304166.666666668,6.069920905062771,1.6868777685703735,0.06462901595983554,629691.1427215557,0.0,158341.08910159708,-2585756.447315943,31.905555555555534,24.61641710657202,3037711.967436754,0.0,503921.16459943424
baseline_all,baseline,summer_reported_rain,18,0.5,0.05,0.29750000000000004,35.68635989281551,27.84828172731898,53.70805808289711,0.15131875992731952,0.0001803696989384207,0.4187742778854471,0.018805687372712043,0.006352453832519898,6.304166666666666,2.4311219080693136,9.063300769974658,3.5901339233717144,13.496792462297812,0.004516608534880096,0.11551577560719847,6304166.666666668,6.238535571731431,1.805043879407056,0.06914562449471563,628762.7568924178,0.2974999999999989,169406.78001205332,-2582052.423704585,31.905555555555534,24.736362344027114,3028964.680726627,0.0,507654.1563006453
baseline_all,baseline,summer_reported_rain,18,0.5,0.1,0.5950000000000001,35.667597325636514,27.841944111111466,53.55804111852784,0.3013357242965924,0.00035927670212743124,0.8183168497730549,0.03756825455171153,0.012690070040035195,6.304166666666666,2.4311219080693136,9.063300769974658,3.59460415741826,13.547200490231972,0.009018233518340532,0.23117091630875425,6304166.666666668,6.406724198702562,1.922824478444034,0.07364724947817608,627799.0316764647,0.5949999999999978,180435.7612215314,-2578362.684826204,31.905555555555534,24.856701858026003,3020243.067863038,0.0,511350.03470022127
baseline_all,baseline,summer_reported_rain,18,0.5,0.15,0.8925,35.64877258884486,27.83561783917039,53.40836665960311,0.45101018322131836,0.0005367357187466837,1.2169713891073002,0.056392991343365,0.01901634198111108,6.304166666666666,2.4311219080693136,9.063300769974658,3.599452380264829,13.598399036882597,0.013520267706120541,0.3464337432179114,6304166.666666668,6.571575701225429,2.036477434316273,0.07814928366595608,626825.5655005039,0.8925000000000031,191465.7449815924,-2574683.9317112137,31.905555555555534,24.980000098468707,3011544.8574171085,0.0,515241.0995398148
baseline_all,baseline,summer_reported_rain,18,0.5,0.2,1.1900000000000002,35.62950001015033,27.829180279448483,53.256047064515656,0.6033297783087762,0.0007127612906998593,1.6339582761935674,0.07566557003789616,0.025453901703017853,6.304166666666666,2.4311219080693136,9.063300769974658,3.6051137420659836,13.661226176393,0.018111684882916503,0.4633338540077866,6304166.666666668,6.733045453001524,2.1351200465819993,0.08274070084275204,625709.0967837333,1.1899999999999955,202714.71706474252,-2570947.9784365254,31.905555555555534,25.10577756771468,3002710.817882126,0.0,520394.48581784527
baseline_all,baseline,summer_reported_rain,18,0.5,0.25,1.4875,35.61015039902785,27.8226741284425,53.102320947123715,0.7570558957007195,0.0008873677953431525,2.0635858068351354,0.09501518116036935,0.031960052709003345,6.304166666666666,2.4311219080693136,9.063300769974658,3.611224658296931,13.729022801626323,0.022770649786722847,0.5807925009549615,6304166.666666668,6.89273111960073,2.2270090879478643,0.08739966574655839,624468.5718208496,1.4875000000000071,214129.18107906805,-2567182.634237414,31.905555555555534,25.23282201998075,2993797.4085183935,0.0,526036.2622753324
baseline_all,baseline,summer_reported_rain,18,0.5,0.3,1.785,35.59086961447867,27.81620191715662,52.949309800452596,0.9100670423718358,0.0010605694529317589,2.492762292943567,0.11429596570955367,0.03843226399488407,6.304166666666666,2.4311219080693136,9.063300769974658,3.6182607240333065,13.799498249299651,0.027444924727455123,0.697060492558223,6304166.666666668,7.051066823689265,2.314869344363076,0.09207394068729066,623295.0943328462,1.7850000000000061,225581.15468386214,-2563442.4010511655,31.905555555555534,25.360275975215117,2984937.911914748,0.0,532351.362930642
baseline_all,baseline,summer_reported_rain,18,0.5,0.35,2.0825,35.571663399754485,27.80979708265881,52.797529632336975,1.061847210487457,0.0012323803168641234,2.9182346405151804,0.1335021804337373,0.04483709849269148,6.304166666666666,2.4311219080693136,9.063300769974658,3.627767762815097,13.908891106661763,0.032112960349808754,0.8116615405773326,6304166.666666668,7.206300475105418,2.3607101384170157,0.09674197630964429,622260.4374439777,2.08250000000001,237017.84195862856,-2559743.2811771715,31.905555555555534,25.48836724939474,2976168.050992017,0.0,544024.4616680585
baseline_all,baseline,summer_reported_rain,18,0.5,0.4,2.3800000000000003,35.55253441677588,27.80343420875663,52.64666892456839,1.2127079182560476,0.0014028142875943672,3.34069228965987,0.15263116341234373,0.05119997239486867,6.304166666666666,2.4311219080693136,9.063300769974658,3.6378448314265395,14.0287655895945,0.036756857545662255,0.9250153269490122,6304166.666666668,7.3599119826170885,2.3944471629959634,0.1013858735054978,621259.5469240869,2.379999999999991,248395.3900884696,-2556071.7540333327,31.905555555555534,25.617534776075797,2967458.8579659,0.0,557118.191432941
baseline_all,baseline,summer_reported_rain,18,0.5,0.45,2.6775,35.533485453573064,27.79710984136962,52.49670716872077,1.3626696741036604,0.0015718851086532482,3.7608540736550964,0.17168012661515675,0.057524339781882636,6.304166666666666,2.4311219080693136,9.063300769974658,3.6482106083184473,14.18002424136008,0.04137103822905056,1.0372121064834652,6304166.666666668,7.512039597541626,2.3953161261548943,0.1060000541888861,620267.9659419932,2.6774999999999958,259700.13276277095,-2552425.4840445984,31.905555555555534,25.747927203575983,2958804.6841935385,0.0,573876.9898521309
baseline_all,baseline,summer_reported_rain,18,0.5,0.5,2.975,35.51452498548098,27.79083159600891,52.34813941647463,1.5112374263497992,0.0017396063694974373,4.178993857263578,0.19064059470724024,0.06380258514259157,6.304166666666666,2.4311219080693136,9.063300769974658,3.658577511627794,14.330231132348777,0.04594745370162995,1.1484390675252025,6304166.666666668,7.662702968466773,2.3957726060913362,0.11057646966146549,619280.3086442457,2.9750000000000143,270912.3506705904,-2548808.603113957,31.905555555555534,25.87982051386896,2950216.160389434,0.0,590543.2257472272
baseline_all,baseline,summer_reported_rain,18,0.5,0.55,3.2725000000000004,35.495646161250406,27.78459068567847,52.200609870576024,1.658766972248402,0.0019059915069306044,4.595104356448971,0.20951941893781406,0.07004349547303078,6.304166666666666,2.4311219080693136,9.063300769974658,3.6689440657276133,14.480069954971091,0.0504929883527983,1.2587414916863207,6304166.666666668,7.812914262183513,2.396145077185756,0.11512200431263385,618293.4113851464,3.2724999999999853,282048.91056595295,-2545216.5662671225,31.905555555555534,26.012197131401248,2941682.0549406693,0.0,607177.0534786484
baseline_all,baseline,summer_reported_rain,18,0.5,0.6,3.57,35.4768476575806,27.77838523930539,52.053907796449366,1.805469046375062,0.0020710538063823947,5.009183953430437,0.22831792260761988,0.07624894184611127,6.304166666666666,2.4311219080693136,9.063300769974658,3.6793092239789007,14.629764827508037,0.055009335922145436,1.368004052205639,6304166.666666668,7.962919026596939,2.396454969062242,0.11963835188198096,617306.5170818212,3.5700000000000123,293113.96211085346,-2541648.089568947,31.905555555555534,26.144810861167088,2933199.142646126,0.0,623799.1903732388
baseline_all,baseline,summer_reported_rain,18,0.5,0.65,3.8675,35.459079037420985,27.772486228734337,51.914516041682845,1.944860801141587,0.0022348064079835694,5.42083694995695,0.2460865427672384,0.08214795241716348,6.304166666666666,2.4311219080693136,9.063300769974658,3.689265326489616,14.771840090808318,0.05922523429787051,1.4717820582454348,6304166.666666668,8.105256036981157,2.3967167161462197,0.12385425025770605,616347.6750560864,3.8674999999999877,303442.9131313798,-2538259.8062458294,31.905555555555534,26.285801849896444,2925279.1081034103,0.0,639498.5844811685
baseline_all,baseline,summer_reported_rain,18,0.5,0.7,4.165,35.44186463308304,27.76676748168284,51.779406335375995,2.0799705074484383,0.002397262300284808,5.829947002431993,0.2633009471051838,0.08786669946866096,6.304166666666666,2.4311219080693136,9.063300769974658,3.6987457431655093,14.908157543818403,0.06326423635925271,1.57136899369715,6304166.666666668,8.241797510898323,2.396940737053276,0.12789325231908824,615407.337951311,4.16500000000002,313338.4681817663,-2534977.0716689294,31.905555555555534,26.43324095724206,2917675.5845331643,0.0,654474.9247665472
baseline_all,baseline,summer_reported_rain,18,0.5,0.75,4.4625,35.42536238452058,27.76140164708157,51.652780402173384,2.206596440651047,0.0025584343325490977,6.237041164017285,0.27980319566764245,0.09323253406992886,6.304166666666666,2.4311219080693136,9.063300769974658,3.7072052652856393,15.03347519358609,0.06707270074457676,1.6641971817659236,6304166.666666668,8.367308811503898,2.397134387891177,0.1317017167044123,614524.7266832725,4.462499999999989,322669.20592581015,-2531897.1804555133,31.905555555555534,26.592961670131032,2910570.3882512776,0.0,668292.815106441
baseline_all,baseline,summer_reported_rain,18,0.5,0.8,4.760000000000001,35.409969299695234,27.75643080417329,51.535627687726844,2.323749155097587,0.0027183352048538723,6.642128906413333,0.2951962804929885,0.09820337697821262,6.304166666666666,2.4311219080693136,9.063300769974658,3.714655554317532,15.148729727065472,0.07054872711236984,1.7487651854027846,6304166.666666668,8.48273280041992,2.3973038433278164,0.13517774307220537,613682.8404230654,4.759999999999982,331185.47052690317,-2529049.9694004455,31.905555555555534,26.764111365815225,2904106.980255034,0.0,680933.8545414126
baseline_all,baseline,summer_reported_rain,18,0.5,0.85,5.0575,35.39465519349616,27.751496162058086,51.4192950415183,2.440081801306129,0.0028769774805113,7.045220635842242,0.31051038669205727,0.10313801909341495,6.304166666666666,2.4311219080693136,9.063300769974658,3.7220720442446873,15.263250793191727,0.07399586766357541,1.832402078396998,6304166.666666668,8.597403357651437,2.3974533344331785,0.13862488362341094,612846.5850475198,5.057500000000014,339630.96487735683,-2526224.9703229466,31.905555555555534,26.936077178105393,2897692.5075042252,0.0,693490.4659414549
baseline_all,baseline,summer_reported_rain,18,0.5,0.9,5.355,35.3794170584498,27.746597483817723,51.3038294901835,2.5555473526409314,0.0030343735783446846,7.445489123461314,0.3257485217384184,0.10803669733377773,6.304166666666666,2.4311219080693136,9.063300769974658,3.729461492080605,15.377204118626045,0.07741608936223845,1.9151976772348915,6304166.666666668,8.711489258400182,2.397585909747634,0.142045105322074,612015.0314139619,5.3549999999999915,348010.5080390813,-2523421.601653205,31.905555555555534,27.108681607822074,2891325.3725291598,0.0,705984.7655152372
baseline_all,baseline,summer_reported_rain,18,0.5,0.95,5.6525,35.364254353664755,27.7417334306004,51.18915717405904,2.6702196687653856,0.0031905357835881887,7.843770484597712,0.34091122652346606,0.11290075055110095,6.304166666666666,2.4311219080693136,9.063300769974658,3.7368262661923177,15.490608976455304,0.08080962256476495,1.99713314853589,6304166.666666668,8.825012794463415,2.397704587981648,0.1454386385246005,611187.9944967933,5.652500000000034,356324.66438527126,-2520639.498862399,31.905555555555534,27.281899764444663,2885004.8810281954,0.0,718418.2287226919
baseline_all,baseline,summer_reported_rain,18,0.5,1.0,5.95,35.34916671555379,27.7369032175392,51.07526178538315,2.784115057441284,0.003345476241769063,8.240088857643912,0.35599886463442665,0.11773096361230076,6.304166666666666,2.4311219080693136,9.063300769974658,3.7441680428144886,15.603358221828923,0.08417594084340302,2.078239599627564,6304166.666666668,8.937868685965718,2.3978112341103306,0.14880495680323857,610365.7332433147,5.950000000000029,364572.1441679345,-2517878.5065821167,31.905555555555534,27.455835778041582,2878730.8899283777,0.0,730778.5683712107
sensitivity_common,baseline,summer_zero_recorded_amount,33,0.1,0.0,0.0,54.42746529113331,36.03984781319906,184.23936685697998,0.0,0.0,0.0,0.0,0.0,2.283969696969697,0.38277116080265877,2.2952515971635457,0.17863913307490095,1.8739546834347558,0.0,0.0,20555727.272727273,0.15647499683176466,0.5766964412885565,0.048732500167464554,2601285.9649262666,0.0,119394.62541028815,-7158099.332039434,0.0,0.0,10421935.872672208,0.0010754692714701562,-81885.77920749245
sensitivity_common,baseline,summer_zero_recorded_amount,33,0.1,0.05,0.29750000000000004,54.35528506642638,36.013804738816795,183.61912322674996,0.6202436302300326,0.20466913579973323,0.9395130884329319,0.07218022470692373,0.026043074382260323,2.283969696969697,0.38277116080265877,2.2952515971635457,0.18911492462784713,1.9260606518837593,0.02042003994505017,0.0,20555727.272727273,0.4225413596954072,0.7911946413415631,0.06915254011251473,2598175.1379138012,0.2974999999999989,169423.7232756611,-7141179.645958048,0.0,0.0,10385966.758046119,0.0005376636331074992,-80963.46088972483
sensitivity_common,baseline,summer_zero_recorded_amount,33,0.1,0.1,0.5950000000000001,54.28363691433786,35.987983359287604,183.00428489576134,1.2350819612186519,0.4123148915301016,1.8705272084954743,0.14382837679544735,0.051864453911450836,2.283969696969697,0.38277116080265877,2.2952515971635457,0.1991780781921157,1.9787346807467612,0.04062937461992509,0.0,20555727.272727273,0.6894273462826206,1.0057481242394428,0.08936187478738966,2595101.854022556,0.5949999999999978,218936.5932291046,-7124424.704312048,0.0,0.0,10350326.3546638,0.00019613845946714535,-79987.05268883653
sensitivity_common,baseline,summer_zero_recorded_amount,33,0.1,0.15,0.8925,54.21197623328506,35.96222197796974,182.39086799636198,1.848498860618044,0.6248400514476202,2.7998721220149037,0.21548905784825653,0.07762583522932234,2.283969696969697,0.38277116080265877,2.2952515971635457,0.20885338787721805,2.032017855589679,0.06076067056881,0.0,20555727.272727273,0.9569556741545984,1.2201583437625667,0.10949317073627456,2591960.518554275,0.8925000000000031,268258.26830387267,-7107730.108507124,0.0,0.0,10314790.847407257,3.1071965433445774e-05,-79068.84280463099
sensitivity_common,baseline,summer_zero_recorded_amount,33,0.1,0.2,1.1900000000000002,54.13784158898778,35.935856395526976,181.76454922743406,2.4748176295459237,0.8390153719381033,3.7472343214060686,0.28962370214552335,0.10399141767208248,2.283969696969697,0.38277116080265877,2.2952515971635457,0.21864918322286142,2.0842213343890084,0.08124308254737346,0.0,20555727.272727273,1.2225754516228888,1.4336057143969947,0.129975582714838,2587825.071786386,1.1899999999999955,318440.1776513531,-7090687.835370993,0.0,0.0015709432420602067,10278510.88515783,0.0,-79680.6942532276
sensitivity_common,baseline,summer_zero_recorded_amount,33,0.1,0.25,1.4875,54.06436477316826,35.90944770283164,181.13903978569755,3.1003270712824453,1.0517323094224196,4.715152073791899,0.3631005179650483,0.13040011036742052,2.283969696969697,0.38277116080265877,2.2952515971635457,0.2287683580585928,2.1304727923584483,0.10164580114361012,0.0,20555727.272727273,1.4809582110973865,1.6457370159020928,0.15037830131107466,2582799.130441076,1.4875000000000071,368426.8382121329,-7073686.136336673,0.0,0.010166290335615944,10242442.077888558,0.0,-82052.6136284149
sensitivity_common,baseline,summer_zero_recorded_amount,33,0.1,0.3,1.785,53.991377364512516,35.883244784394805,180.51796188123924,3.721404975740762,1.2633199033483464,5.678096013012436,0.4360879266207905,0.15660302880425386,2.283969696969697,0.38277116080265877,2.2952515971635457,0.24047585057685616,2.1846058508504,0.12201621007846115,0.0,20555727.272727273,1.7375896951752128,1.8482354414880042,0.1707487102459257,2577909.5955820996,1.7850000000000061,418334.340102518,-7056843.33601063,0.0,0.018956904804667774,10206675.820361556,0.0,-82666.15973497991
sensitivity_common,baseline,summer_zero_recorded_amount,33,0.1,0.35,2.0825,53.91960025482452,35.85741653102869,179.90352720601382,4.335839650966183,1.4738871630025159,6.626756148983134,0.5078650363087867,0.18243128217036406,2.283969696969697,0.38277116080265877,2.2952515971635457,0.25434979475982716,2.245910721443208,0.1422628212754421,0.0,20555727.272727273,1.992093758898269,2.041434634618183,0.19099532144290662,2573568.5683010914,2.08250000000001,467938.53753512126,-7040241.050620523,0.0,0.027832285701662917,10171378.589186896,0.0,-80721.57619793936
sensitivity_common,baseline,summer_zero_recorded_amount,33,0.1,0.4,2.3800000000000003,53.84951213366998,35.83189325551217,179.29481203460853,4.944554822371493,1.5610696896293916,7.563219096858575,0.5779531574633265,0.20795455768688717,2.283969696969697,0.38277116080265877,2.2952515971635457,0.2715406947847235,2.3125978921590966,0.1623646684226282,0.0,20555727.272727273,2.243381247853458,2.226034952857454,0.21109716859009275,2569594.7138540647,2.379999999999991,517188.06304572726,-7023841.59404999,0.0,0.0367520495743723,10136474.827778488,0.0,-76639.49731007361
sensitivity_common,baseline,summer_zero_recorded_amount,33,0.1,0.45,2.6775,53.78065236139011,35.80660720143162,178.69113937971406,5.548227477265956,1.5621925113696875,8.490008818871047,0.6468129297431986,0.23324061176743666,2.283969696969697,0.38277116080265877,2.2952515971635457,0.2936528084672645,2.401156371089865,0.18230811693939353,0.0,20555727.272727273,2.4898797668981927,2.3839749929713823,0.23104061710685805,2565795.5960317776,2.6774999999999958,566049.5119118022,-7007608.979356014,0.0,0.045697968330336784,10101893.532023309,0.0,-68546.13495932076
sensitivity_common,baseline,summer_zero_recorded_amount,33,0.1,0.5,2.975,53.71226482595137,35.78152069238986,178.09216546418884,6.147201392791168,1.5631438143497292,9.408860294163588,0.7152004651819357,0.25832712080919795,2.283969696969697,0.38277116080265877,2.2952515971635457,0.31867631340483765,2.636200585030236,0.20208248840258067,0.0,20555727.272727273,2.733619295252716,2.3926703073855013,0.2508149885700452,2562041.51780579,2.9750000000000143,614496.7219966109,-6991522.7352371365,0.0,0.05466056357507823,10067595.647605771,0.0,-41880.70643025024
sensitivity_common,baseline,summer_zero_recorded_amount,33,0.1,0.55,3.2725000000000004,53.64434555664734,35.756626934535355,177.49779904724477,6.741567809735252,1.563979042606718,10.320199447354412,0.7831197344859687,0.2832208786636993,2.283969696969697,0.38277116080265877,2.2952515971635457,0.3437589449984369,2.879392934038205,0.22168708691592548,0.0,20555727.272727273,2.9774581504356097,2.393316813560381,0.27041958708339003,2558307.56566852,3.2724999999999853,662527.9883543055,-6975578.604960978,0.0,0.06363447828521282,10033573.278371545,0.0,-14178.060370348441
sensitivity_common,baseline,summer_zero_recorded_amount,33,0.1,0.6,3.57,53.57721952822229,35.73192357226228,176.9079800344514,7.331386822528585,1.5647324043671347,11.224125522799085,0.8502457629110193,0.3079242409367713,2.283969696969697,0.38277116080265877,2.2952515971635457,0.36886938443214695,3.1228253821191077,0.24112429408655495,0.0,20555727.272727273,3.2214285838990793,2.3938547989430194,0.2898567942540195,2554593.621579413,3.5700000000000123,710149.1459223478,-6959774.461330336,0.0,0.07261639821741656,9999822.614561578,0.0,13580.279484694676
sensitivity_common,baseline,summer_zero_recorded_amount,33,0.1,0.65,3.8675,53.51057891458814,35.70740813903486,176.3228291480399,7.916537708940116,1.5654258964558778,12.120742736187026,0.9168863765451649,0.3324396741641971,2.283969696969697,0.38277116080265877,2.2952515971635457,0.394005487035244,3.3664748212677256,0.2603965909888803,0.0,20555727.272727273,3.4655323948355523,2.3943091707309163,0.3091290911563449,2550899.504002315,3.867499999999988,757366.273333045,-6944108.128392421,0.0,0.08160418777550149,9966339.721473517,0.0,41390.783440115934
sensitivity_common,baseline,summer_zero_recorded_amount,33,0.1,0.7,4.165,53.4455029248021,35.68347873854524,175.75174744887272,8.487619408107259,1.5660739091630944,13.010157396675737,0.9819623663312081,0.35636907465381285,2.283969696969697,0.38277116080265877,2.2952515971635457,0.4186410174025917,3.60533998038297,0.27917115417320165,0.0,20555727.272727273,3.7047865304198053,2.39469814719996,0.32790365434066626,2547260.390097922,4.16500000000002,803363.9531346323,-6928828.746544883,0.0,0.09643995863961743,9933736.5569224,0.0,68668.57577702355
sensitivity_common,baseline,summer_zero_recorded_amount,33,0.1,0.75,4.4625,53.38134220652375,35.65990200894085,175.18919397154033,9.050172885439649,1.5666871843535262,13.892477086566572,1.0461230846095624,0.37994580425820923,2.283969696969697,0.38277116080265877,2.2952515971635457,0.44306829988596336,3.842186293909701,0.29764486151818287,0.0,20555727.272727273,3.9419691150422986,2.395034418295765,0.3463773616856474,2543656.623262666,4.462499999999989,848624.5361298362,-6913788.714535284,0.0,0.11385638418873978,9901653.126781961,0.0,95736.86305975037
sensitivity_common,baseline,summer_zero_recorded_amount,33,0.1,0.8,4.760000000000001,53.31761336437042,35.63650373581815,174.63116231029773,9.608204546682272,1.5672727692517583,14.76780815910007,1.1098519267628868,0.4033440773809047,2.283969696969697,0.38277116080265877,2.2952515971635457,0.4675104323245607,4.0791327980427585,0.31596392360799325,0.0,20555727.272727273,4.1792098530571495,2.3953286521775574,0.3646964237754578,2540072.7321194564,4.759999999999982,893506.2382498716,-6898878.184369281,0.0,0.13135445164547008,9869821.603797343,0.0,122842.54528189103
sensitivity_common,baseline,summer_zero_recorded_amount,33,0.1,0.85,5.0575,53.25505451453449,35.613542508338895,174.08361039723968,10.155756459740308,1.5678362325227795,15.636256720709667,1.1724107765988134,0.4263053048601622,2.283969696969697,0.38277116080265877,2.2952515971635457,0.49170664097450706,4.313685272573235,0.333926289627189,0.0,20555727.272727273,4.414021865441656,2.39558819003159,0.38265878979465356,2536549.0276475856,5.057500000000014,937514.0349969012,-6884263.276443781,0.0,0.15188386459185854,9838602.549074696,0.0,149717.2538649315
sensitivity_common,baseline,summer_zero_recorded_amount,33,0.1,0.9,5.355,53.19425223684678,35.59122402920835,173.55148567342582,10.68788118355418,1.568381754694684,16.497927704034083,1.2332130542865294,0.44862378399070973,2.283969696969697,0.38277116080265877,2.2952515971635457,0.5154419207406549,4.5437803217931885,0.3513721810504215,0.0,20555727.272727273,4.644347168895746,2.395818444265716,0.40010468121788606,2533118.725600399,5.3549999999999915,980256.4689838209,-6870075.469692369,0.0,0.17787738994836272,9808282.000541875,0.0,176138.80769052324
sensitivity_common,baseline,summer_zero_recorded_amount,33,0.1,0.95,5.6525,53.13439374709181,35.56925448231497,173.02771451169374,11.211652345286264,1.5689125429672686,17.352923703241686,1.293071544041497,0.4705933308840884,2.283969696969697,0.38277116080265877,2.2952515971635457,0.538973663291714,4.771889385823595,0.368530439612166,0.0,20555727.272727273,4.872662343139097,2.3960245544786702,0.4172629397796305,2529731.475336738,5.652500000000034,1022294.2024600946,-6856123.007881457,0.0,0.20637221459225388,9778453.382053144,0.0,202358.36893936177
sensitivity_common,baseline,summer_zero_recorded_amount,33,0.1,1.0,5.95,53.079425281530206,35.548931201070204,172.54345648472176,11.69591037225823,1.5694306818365362,18.201346265187368,1.3480400096031073,0.4909166121288508,2.283969696969697,0.38277116080265877,2.2952515971635457,0.5607825072297544,4.983518417992943,0.3843413146886361,0.0,20555727.272727273,5.084476560115596,2.3962097392858226,0.43307381485610064,2526551.785620183,5.950000000000029,1061030.8463974467,-6843227.172464563,0.0,0.2544382786012395,9751021.6794161,0.0,226707.71554075272
sensitivity_common,baseline,summer_zero_recorded_amount,33,0.3,0.0,0.0,48.89893228134556,34.09836712914394,138.71646082192154,0.0,0.0,0.0,0.0,0.0,6.851909090909091,0.38277116080265877,2.2952515971635457,0.18214760149133946,1.8831064545188994,0.0,0.0,15987787.878787875,0.1653183284750935,0.5770563912700517,0.035712310685387126,2065196.0697030823,0.0,87495.16117919846,-5965959.228589079,0.0,0.0,7778172.640172487,0.0004070798491606217,-77060.47573155444
sensitivity_common,baseline,summer_zero_recorded_amount,33,0.3,0.05,0.29750000000000004,48.84633789369981,34.07860013243392,138.24721533270665,0.4692454892149299,0.1724785658991621,0.7079147338014593,0.05259438764574753,0.019766996710022338,6.851909090909091,0.38277116080265877,2.2952515971635457,0.19225708634992184,1.9369315586779088,0.015119783736449871,0.15099814101510328,15987787.878787875,0.4372633714338622,0.7955020185160098,0.050832094421837,2062940.366378703,0.2974999999999989,124538.63133350061,-5953606.784061619,0.0,0.0,7750896.593686145,8.139140296207828e-05,-74785.04447577528
sensitivity_common,baseline,summer_zero_recorded_amount,33,0.3,0.1,0.5950000000000001,48.79497337792728,34.05896935364844,137.78116489715487,0.9352959247666942,0.34724907995432375,1.4106811234931342,0.10395890341827978,0.03939777549549924,6.851909090909091,0.38277116080265877,2.2952515971635457,0.20196492621884385,1.991283082550257,0.030111060740216574,0.29978603645195984,15987787.878787875,0.7099828631582115,1.013951377771005,0.0658233714256037,2060698.7908552429,0.5949999999999978,161267.25999272906,-5941354.560776517,0.0,0.0,7723827.031784278,0.0,-72472.9484506427
sensitivity_common,baseline,summer_zero_recorded_amount,33,0.3,0.15,0.8925,48.74359546885321,34.03935743397052,137.31565052573106,1.4008102961904971,0.5258090366653718,2.1137402651178547,0.15533681249235368,0.05900969517342075,6.851909090909091,0.38277116080265877,2.2952515971635457,0.21175351911072826,2.0457591048216477,0.04507023157072035,0.44768856442754607,15987787.878787875,0.9827350994358213,1.2322275917772563,0.08078254225610748,2058400.4766201107,0.8925000000000031,197917.22852746333,-5929130.175007678,0.0,0.0,7696802.631766841,0.0,-70194.16389667094
sensitivity_common,baseline,summer_zero_recorded_amount,33,0.3,0.2,1.1900000000000002,48.6901859802354,34.01925503602108,136.83961488695977,1.8768459349617892,0.7056317133539949,2.8424530922067675,0.20874630111016734,0.07911209312286303,6.851909090909091,0.38277116080265877,2.2952515971635457,0.2219154291936809,2.0988885055648625,0.0603203668109654,0.5979716945841318,15987787.878787875,1.2532481610757953,1.449611252674043,0.09603267749635253,2055304.9793244586,1.1899999999999955,235280.0598660637,-5916634.48815359,0.0,0.001574893036821581,7669176.802178061,0.0,-69147.07944912066
sensitivity_common,baseline,summer_zero_recorded_amount,33,0.3,0.25,1.4875,48.63715251122237,33.999090927002726,136.36403007255262,2.3524307493689327,0.884405511430181,3.587812107104213,0.2617797701231895,0.09927620214121374,6.851909090909091,0.38277116080265877,2.2952515971635457,0.23250347496156892,2.145934473126959,0.07554277780814037,0.7478963219135135,15987787.878787875,1.516342199811724,1.6656593238479196,0.1112550884935275,2051487.3337539113,1.4875000000000071,272574.9668091424,-5904151.208710333,0.0,0.010170397535849517,7641683.08545556,0.0,-69614.74656908991
sensitivity_common,baseline,summer_zero_recorded_amount,33,0.3,0.3,1.785,48.58438859362819,33.97907932039165,135.89158212976056,2.8248786921610005,1.062319248288702,4.32980522698233,0.3145436877173701,0.11928780875229103,6.851909090909091,0.38277116080265877,2.2952515971635457,0.24477231751361703,2.202755737425958,0.09076885434185195,0.896526283579762,15987787.878787875,1.7775566259184912,1.870052485655728,0.12648116502723908,2047815.89730217,1.7850000000000061,309878.85431673576,-5891780.307030408,0.0,0.01896105234331474,7614410.3508804105,0.0,-68129.4816040079
sensitivity_common,baseline,summer_zero_recorded_amount,33,0.3,0.35,2.0825,48.53213703394665,33.95933977235073,135.42343818708892,3.2930226348326226,1.1741302462695984,5.0623196615921415,0.3667952473989176,0.13902735679321668,6.851909090909091,0.38277116080265877,2.2952515971635457,0.2593666474491167,2.265089695883307,0.10592854429241312,1.0428170161335626,15987787.878787875,2.036427217795844,2.0665891190756596,0.14164085497780024,2044591.32173166,2.08250000000001,347020.0946956106,-5879578.187525751,0.0,0.027836440579901794,7587474.177437974,0.0,-64511.61350178363
sensitivity_common,baseline,summer_zero_recorded_amount,33,0.3,0.4,2.3800000000000003,48.480225059142064,33.93981289425435,134.95903704233774,3.7574237795838177,1.1747190136055394,5.786854714279002,0.4187072222035011,0.15855423488958661,6.851909090909091,0.38277116080265877,2.2952515971635457,0.27761127530589,2.332965804052318,0.12100192118967014,1.1871310427876731,15987787.878787875,2.2916894535837797,2.253975246694545,0.15671423187505726,2041649.561346117,2.379999999999991,383949.86809389025,-5867513.109393474,0.0,0.03675620003791722,7560810.963210352,0.0,-58912.922936814764
sensitivity_common,baseline,summer_zero_recorded_amount,33,0.3,0.45,2.6775,48.42876970586312,33.92044428833506,134.49794806623453,4.218512755687041,1.1751222613629153,6.505059603353715,0.4701625754824455,0.17792284080887566,6.851909090909091,0.38277116080265877,2.2952515971635457,0.3011770687476637,2.445141163299415,0.13597452070346794,1.3297147215789142,15987787.878787875,2.541705151671439,2.3918155855350647,0.17168683138885507,2038828.056511875,2.6774999999999958,420632.7369026948,-5855556.323731418,0.0,0.045702108994696934,7534364.262086449,0.0,-46745.054443020315
sensitivity_common,baseline,summer_zero_recorded_amount,33,0.3,0.5,2.975,48.378058897463774,33.9012077251678,134.03998584330674,4.676474978614824,1.1754085233517628,7.217378012274452,0.5208733838817867,0.19715940397614234,6.851909090909091,0.38277116080265877,2.2952515971635457,0.3268504221368923,2.692289057487379,0.15083595658669288,1.470726414176345,15987787.878787875,2.7897077794032015,2.3926703190788174,0.18654826727208002,2036026.5513200932,2.9750000000000143,457043.25481659605,-5843693.698578233,0.0,0.054664691990503646,7508107.281111123,0.0,-17873.506524559507
sensitivity_common,baseline,summer_zero_recorded_amount,33,0.3,0.55,3.2725000000000004,48.3276284973224,33.8821001543752,133.58509701417825,5.131363807743302,1.1756164531289812,7.924452799775793,0.5713037840231631,0.2162669747687426,6.851909090909091,0.38277116080265877,2.2952515971635457,0.35254786675238226,2.9397213793605266,0.1655857856588062,1.61020400199195,15987787.878787875,3.0377866044159303,2.3933168222183987,0.20129809634419332,2033233.1350434597,3.2724999999999853,493180.3360432736,-5831923.221721967,0.0,0.06363859329014297,7482036.276257855,0.0,11047.75803730113
sensitivity_common,baseline,summer_zero_recorded_amount,33,0.3,0.6,3.57,48.27747676170081,33.86312036878595,133.1332450754128,5.583215746508764,1.1757699192824873,8.626638861920043,0.6214555196447503,0.23524676035798842,6.851909090909091,0.38277116080265877,2.2952515971635457,0.3782664634198296,3.1873433680930283,0.18022531122081575,1.7481710760198197,15987787.878787875,3.2859465763649016,2.393854805434932,0.21593762190620286,2030447.928535882,3.5700000000000123,529047.1736701969,-5820243.724259957,0.0,0.07262049911172884,7456149.092265358,0.0,40006.80089981601
sensitivity_common,baseline,summer_zero_recorded_amount,33,0.3,0.65,3.8675,48.22760154715685,33.84426705193767,132.68440744279695,6.032053379124607,1.1758842730015573,9.32398710441339,0.6713307341887097,0.2541000772062679,6.851909090909091,0.38277116080265877,2.2952515971635457,0.40400418815265315,3.4351328870010556,0.19475592189592306,1.8844843298155096,15987787.878787875,3.5341904659256316,2.3943091760876847,0.2304682325813102,2027670.962302999,3.867499999999988,564647.16982421,-5808653.988418289,0.0,0.08160827414304964,7430443.453824952,0.0,69000.47597855993
sensitivity_common,baseline,summer_zero_recorded_amount,33,0.3,0.7,4.165,48.178837188164664,33.825843543570834,132.24587168625337,6.470589135668204,1.175969550260433,10.01655115341319,0.7200950931809005,0.2725235855731146,6.851909090909091,0.38277116080265877,2.2952515971635457,0.42922319137512466,3.678007346978269,0.20892964762942307,2.017030272439053,15987787.878787875,3.77745390132088,2.3946981515057395,0.24464195831481017,2024926.6602888692,4.16500000000002,599372.7978712849,-5797337.543812234,0.0,0.0964521097918638,7405385.9304866735,0.0,97430.17783989267
sensitivity_common,baseline,summer_zero_recorded_amount,33,0.3,0.75,4.4625,48.13069776659781,33.80767256109196,131.81337561429774,6.903085207623817,1.1760332476304853,10.704386690181877,0.7682345147477442,0.2906945680519788,6.851909090909091,0.38277116080265877,2.2952515971635457,0.4542237624117238,3.9187907413427276,0.22289274970266856,2.147087677815833,15987787.878787875,4.018573565838455,2.3950344216588917,0.25860506038805564,2022201.7766870009,4.462499999999989,633582.3979507365,-5786186.058712813,0.0,0.11386877216440851,7380702.626025235,0.0,125628.69051108972
sensitivity_common,baseline,summer_zero_recorded_amount,33,0.3,0.8,4.760000000000001,48.08282419877549,33.789622721845326,131.38376211758327,7.332698704338282,1.1760802702507647,11.387549506918475,0.8161080825700688,0.3087444072986182,6.851909090909091,0.38277116080265877,2.2952515971635457,0.4792331183231719,4.159628609992708,0.23675304858297996,2.2755058423439904,15987787.878787875,4.259705667785972,2.3953286549564368,0.27246535926836707,2019485.8277392525,4.759999999999982,667540.1302074994,-5775119.501214141,0.0,0.1313670154251287,7356191.257328705,0.0,153848.17596130728
sensitivity_common,baseline,summer_zero_recorded_amount,33,0.3,0.85,5.0575,48.035767539109024,33.77189293784105,130.96182373914942,7.754637082772131,1.1761144944291857,12.06609621021687,0.8631647422365384,0.3264741913028874,6.851909090909091,0.38277116080265877,2.2952515971635457,0.5039833555566684,4.397976948549538,0.250359962046791,2.401119376968179,15987787.878787875,4.49831354368231,2.3955881922959423,0.28607227273217806,2016809.9378459281,5.057500000000014,700877.0681938364,-5764260.505649869,0.0,0.1519019888315163,7332128.852318989,0.0,181808.9442230564
sensitivity_common,baseline,summer_zero_recorded_amount,33,0.3,0.9,5.355,47.98996451353459,33.754640946453506,130.55136103866823,8.165099783253332,1.1761388255960128,12.740083472374238,0.9089677678109732,0.34372618269043476,6.851909090909091,0.38277116080265877,2.2952515971635457,0.5282552185778527,4.631746190700553,0.26359478749638027,2.522781400300848,15987787.878787875,4.732313039763524,2.395818446226132,0.29930709818176743,2014199.8742363565,5.3549999999999915,733302.3905453301,-5753705.847547983,0.0,0.17789580427950671,7308734.455479425,0.0,209281.379487854
sensitivity_common,baseline,summer_zero_recorded_amount,33,0.3,0.95,5.6525,47.944821055778355,33.737643098569364,130.1469820380518,8.569478783869764,1.1761554877513447,13.409567101833943,0.9541112255672014,0.360724030574577,6.851909090909091,0.38277116080265877,2.2952515971635457,0.5523125400693354,4.863448290893624,0.2766252685743622,2.6421735614164983,15987787.878787875,4.964221249897345,2.3960245561668994,0.3123375792597493,2011616.8540489925,5.652500000000034,765227.0691863858,-5743315.762712343,0.0,0.20639979157626745,7285699.200696519,0.0,236528.56624637585
sensitivity_common,baseline,summer_zero_recorded_amount,33,0.3,1.0,5.95,47.90329828360511,33.721889672845585,129.7724766150759,8.943984206845643,1.1761659140780267,14.074602985939691,0.99563399774045,0.3764774562983511,6.851909090909091,0.38277116080265877,2.2952515971635457,0.5746025840915611,5.078363786412765,0.28866018169406327,2.7519261654125864,15987787.878787875,5.179321929969298,2.396209740719729,0.3243724923794504,2009181.6128858188,5.950000000000029,794712.6063296533,-5733693.997088377,0.0,0.2544741543623834,7264477.546811666,0.0,261831.43037229116
sensitivity_common,baseline,summer_zero_recorded_amount,33,0.5,0.0,0.0,43.30494303070712,32.13493130650669,93.0283307517602,0.0,0.0,0.0,0.0,0.0,11.419848484848485,0.38277116080265877,2.2952515971635457,0.18428810298198184,1.8918429838919855,0.0,0.0,11419848.48484848,0.17400886459592632,0.5773663445566899,0.024525326535027387,1523052.759345712,0.0,60087.05001081708,-4807303.170109884,0.0,0.0,5104017.4326794045,5.1133310275129245e-05,-72970.26601940059
sensitivity_common,baseline,summer_zero_recorded_amount,33,0.5,0.05,0.29750000000000004,43.2689650567227,32.12069065953413,92.69143981190443,0.33689093985576424,0.14165744700873972,0.5151818542007334,0.03597797398442842,0.014240646972554295,11.419848484848485,0.38277116080265877,2.2952515971635457,0.1941859698568212,1.9470303993769105,0.010635240112067821,0.2833526903742675,11419848.48484848,0.4509246242987432,0.7991458220848564,0.035160566647095215,1521372.741308604,0.2974999999999989,86143.38828538326,-4798741.920155629,0.0,0.0,5084378.276283011,0.0,-69561.73775002995
sensitivity_common,baseline,summer_zero_recorded_amount,33,0.5,0.1,0.5950000000000001,43.23312135350637,32.10652494586572,92.35633688812464,0.6719938636355446,0.28493675807633423,1.0274000468129287,0.0718216772007511,0.028406360640962424,11.419848484848485,0.38277116080265877,2.2952515971635457,0.20411436583798392,2.0022867171870073,0.02120447922747129,0.5630880975831082,11419848.48484848,0.7279269892021741,1.020891869178215,0.04572980576249868,1519690.1766996302,0.5949999999999978,112038.02411812176,-4790237.238489474,0.0,0.0,5064859.24494054,0.0,-66128.04322673124
sensitivity_common,baseline,summer_zero_recorded_amount,33,0.5,0.15,0.8925,43.1971829096094,32.09236059126762,92.02125215114125,1.0070786006189392,0.43096005195921805,1.5404381844081172,0.10776012109771958,0.0425707152390595,11.419848484848485,0.38277116080265877,2.2952515971635457,0.21422911195105082,2.0575552868278564,0.03176752829501616,0.8414202599991027,11419848.48484848,1.0047491940215627,1.242445504356791,0.056292854830043544,1517967.7484948756,0.8925000000000031,137917.49433360668,-4781744.9436689615,0.0,0.0,5045358.022232693,0.0,-62697.731083877195
sensitivity_common,baseline,summer_zero_recorded_amount,33,0.5,0.2,1.1900000000000002,43.15998544101799,32.07782682771663,91.6784509638297,1.3498797879304942,0.5779869246585321,2.07204103065898,0.14495758968913228,0.05710447879005661,11.419848484848485,0.38277116080265877,2.2952515971635457,0.2247436380916612,2.1114485792670354,0.04255371968403027,1.1249378416154279,11419848.48484848,1.279369644645956,1.463172662542034,0.06707904621905765,1515666.146859329,1.1899999999999955,164343.66323669124,-4773056.259761825,0.0,0.0015788318459761875,5025405.199888914,0.0,-60177.23940758238
sensitivity_common,baseline,summer_zero_recorded_amount,33,0.5,0.25,1.4875,43.123201274935084,32.06322055110131,91.33572216441415,1.692608587346044,0.7243977485533364,2.6158446007953415,0.1817417557720396,0.07171075540537751,11.419848484848485,0.38277116080265877,2.2952515971635457,0.23574353225449363,2.1596660029052037,0.05335124180601408,1.4077184839364048,11419848.48484848,1.5464765673019545,1.6820621615599103,0.07787656834104147,1512819.8007706848,1.4875000000000071,190797.5924355516,-4764359.9152089795,0.0,0.01017449290518244,5005516.009166766,0.0,-58866.02865263707
sensitivity_common,baseline,summer_zero_recorded_amount,33,0.5,0.3,1.785,43.08655509956868,32.04871384431306,90.99467819692043,2.033652554839748,0.8236498796833445,3.1582041724976335,0.21838793113844984,0.08621746219361895,11.419848484848485,0.38277116080265877,2.2952515971635457,0.2485040954584829,2.218324960266586,0.06417658335477418,1.687752420901014,11419848.48484848,1.8115999674066219,1.888526604303237,0.08870190988980156,1510102.236899975,1.7850000000000061,217319.67923001383,-4755735.812959425,0.0,0.018965188047756626,4985771.71377586,0.0,-55619.91712145234
sensitivity_common,baseline,summer_zero_recorded_amount,33,0.5,0.35,2.0825,43.05005793187695,32.03439110111628,90.65614458948042,2.372186162279778,0.8240859368227831,3.6954045485238964,0.25488509883017346,0.10054020539040705,11.419848484848485,0.38277116080265877,2.2952515971635457,0.2637456250207501,2.28155013985606,0.07497641369483972,1.9636534886864054,11419848.48484848,2.074183211855589,2.0878846691626425,0.0995017402298671,1507725.4321331633,2.08250000000001,243779.26356317438,-4747223.119958779,0.0,0.027840583696457456,4966253.032447665,0.0,-50606.27336790455
sensitivity_common,baseline,summer_zero_recorded_amount,33,0.5,0.4,2.3800000000000003,43.01371484379442,32.0202079567318,90.31986527680613,2.708465474954063,0.824317116123197,4.227832989404618,0.29122818691270747,0.11472334977488258,11.419848484848485,0.38277116080265877,2.2952515971635457,0.2829516462285486,2.350469832490181,0.08573195132391138,2.2360893474174284,11419848.48484848,2.3328018978834923,2.2775836625564025,0.11025727785893875,1505557.974067372,2.379999999999991,270130.3307544,-4738798.185354449,0.0,0.036760338831664886,4946912.835662018,0.0,-43771.495737774036
sensitivity_common,baseline,summer_zero_recorded_amount,33,0.5,0.45,2.6775,42.97752811732189,32.006123881170566,89.9857786375994,3.0425521141608005,0.824428704555416,4.756448085726532,0.32741491338523215,0.12880742533611117,11.419848484848485,0.38277116080265877,2.2952515971635457,0.3076838602476433,2.4893007355174306,0.09642850878794555,2.505675363105157,11419848.48484848,2.5859272271453855,2.3918780887910036,0.12095383532297294,1503470.221769113,2.6774999999999958,296336.8965412837,-4730439.589303005,0.0,0.04570623808665326,4927709.537534439,0.0,-27526.16854385182
sensitivity_common,baseline,summer_zero_recorded_amount,33,0.5,0.5,2.975,42.941498649379426,31.992121822686034,89.6536724971877,3.3746582545724957,0.8244650246393519,5.2820244608197555,0.3634443813277007,0.14280948382064637,11.419848484848485,0.38277116080265877,2.2952515971635457,0.33389674715008105,2.7402048652973745,0.10705667934377708,2.772543138218675,11419848.48484848,2.837623598842277,2.3926703307079022,0.13158200587880445,1501389.1917380476,2.9750000000000143,322375.9144030709,-4722138.172951375,0.0,0.05466880893151456,4908626.032100125,0.0,2301.472381876173
sensitivity_common,baseline,summer_zero_recorded_amount,33,0.5,0.55,3.2725000000000004,42.90577816396937,31.978200572117554,89.32360001787492,3.7047307338852717,0.8244511164022157,5.804623691017525,0.39916486673774726,0.1567307343891265,11.419848484848485,0.38277116080265877,2.2952515971635457,0.3601287266697467,2.9912930474031167,0.1176161296072256,3.0368370758499794,11419848.48484848,3.089358281072995,2.393316830832885,0.142141456142253,1499309.4929147877,3.2724999999999853,348246.5675485199,-4713893.04245618,0.0,0.06364269691765745,4889660.669693187,0.0,32159.443967620187
sensitivity_common,baseline,summer_zero_recorded_amount,33,0.5,0.6,3.57,42.870424123944,31.964359611898377,88.99544598129461,4.032884770465585,0.8244024630951827,6.324257571797702,0.4345189067631239,0.1705716946083032,11.419848484848485,0.38277116080265877,2.2952515971635457,0.3863769408202613,3.2425335906161323,0.1281074993732021,3.2985020520629993,11419848.48484848,3.3411368053498727,2.3938548118968077,0.15263282590822946,1497231.2915810896,3.5700000000000123,373950.42347516224,-4705703.599135185,0.0,0.0726245887243025,4870812.328139891,0.0,62043.46929043266
sensitivity_common,baseline,summer_zero_recorded_amount,33,0.5,0.65,3.8675,42.83529416349179,31.950598335292018,88.66918288080453,4.359147870955668,0.8243290311460783,6.840942885633325,0.4696488672153343,0.184332971214665,11.419848484848485,0.38277116080265877,2.2952515971635457,0.4126394394405445,3.49390496160201,0.13853149964396033,3.5573898379844513,11419848.48484848,3.5929625458600114,2.39430918142112,0.16305682617898773,1495154.6938033958,3.867499999999988,399489.22413851984,-4697569.205048263,0.0,0.08161234932310074,4852079.78762098,0.0,91950.61451742412
sensitivity_common,baseline,summer_zero_recorded_amount,33,0.5,0.7,4.165,42.80090039134045,31.93713207729408,88.3500150461572,4.678315705602993,0.8242373372741412,7.354699135967948,0.5040426393666755,0.19779922921260285,11.419848484848485,0.38277116080265877,2.2952515971635457,0.4383677796957322,3.740250731382923,0.14871662408394173,3.8093037025042644,11419848.48484848,3.839697290013695,2.394698155793925,0.17324195061896913,1493096.0365861824,4.16500000000002,424442.7790164744,-4689615.7099772245,0.0,0.09646414047428524,4833794.631916193,0.0,121272.12590430034
sensitivity_common,baseline,summer_zero_recorded_amount,33,0.5,0.75,4.4625,42.76690376837786,31.92383526080399,88.0349137601638,4.993416991596386,0.8241322566714331,7.865548038308205,0.5380392623292642,0.2110960457026929,11.419848484848485,0.38277116080265877,2.2952515971635457,0.46386956157406767,3.9844485681461914,0.1587638390675491,4.056755893843265,11419848.48484848,4.084231395992191,2.395034425009175,0.18328916560257646,1491046.7197333793,4.462499999999989,449058.45572631236,-4681769.003266754,0.0,0.11388103763380827,4815762.440867401,0.0,150347.99883016536
sensitivity_common,baseline,summer_zero_recorded_amount,33,0.5,0.8,4.760000000000001,42.73305551785774,31.910615486223186,87.72181226976886,5.3065184819913185,0.8240169757649056,8.37351209286912,0.5718875128493793,0.2243158202834965,11.419848484848485,0.38277116080265877,2.2952515971635457,0.489375595095765,4.228666679197015,0.16874704398719972,4.301686064690953,11419848.48484848,4.328743739759113,2.3953286577252593,0.1932723705222271,1488999.8853710173,4.759999999999982,473517.3077794565,-4673974.722929135,0.0,0.1313794554255367,4797840.650424184,0.0,179433.86659774804
sensitivity_common,baseline,summer_zero_recorded_amount,33,0.5,0.85,5.0575,42.69974269785336,31.897617496999484,87.41398033565879,5.614350416101402,0.8238940159401977,8.878615060600097,0.6052003328537654,0.23731380950719894,11.419848484848485,0.38277116080265877,2.2952515971635457,0.5146116399425389,4.470316976060714,0.17856066775923415,4.541406043638905,11419848.48484848,4.570653573450058,2.3955881945525044,0.20308599429426152,1486979.6898892112,5.057500000000014,497560.6860209407,-4666318.43188958,0.0,0.15191995311581402,4780230.729043776,0.0,208241.53589634676
sensitivity_common,baseline,summer_zero_recorded_amount,33,0.5,0.9,5.355,42.667271196338596,31.884955733769367,87.114121801076,5.914208950684191,0.8237652675981479,9.380881394856885,0.6376718343685313,0.2499755727373177,11.419848484848485,0.38277116080265877,2.2952515971635457,0.5393548407855097,4.707288342248276,0.18812174290866837,4.773672232869989,11419848.48484848,4.807855193265205,2.395818448180092,0.21264706944369577,1485006.1971657209,5.3549999999999915,520985.32013705466,-4658867.454993641,0.0,0.17791405730824097,4763091.464338528,0.0,236536.16248230854
sensitivity_common,baseline,summer_zero_recorded_amount,33,0.5,0.95,5.6525,42.63525980158617,31.87246869181127,86.81878555269141,6.209545199068791,0.8236321777603024,9.868980795933822,0.6696832291209514,0.2624626146954159,11.419848484848485,0.38277116080265877,2.2952515971635457,0.5638743758407959,4.942125393570258,0.19754594433134873,5.002107146217472,11419848.48484848,5.042898354256809,2.396024557849783,0.22207127086637612,1483049.226849294,5.652500000000034,544074.6136226215,-4651525.211605763,0.0,0.20642715983871474,4746199.948639823,0.0,264588.94792691857
sensitivity_common,baseline,summer_zero_recorded_amount,33,0.5,1.0,5.95,42.60599872502294,31.8608674298562,86.54496966422556,6.483361087534632,0.8234956756296299,10.345766226836759,0.6989443056841762,0.2740638766504851,11.419848484848485,0.38277116080265877,2.2952515971635457,0.5865880369586177,5.159911413844974,0.2062784966775767,5.212549284723595,11419848.48484848,5.260869558831013,2.396209742149271,0.23080382321260406,1481196.4604166513,5.950000000000029,565469.3668708799,-4644708.822252376,0.0,0.25450974180045544,4730600.287674757,0.0,290643.37549947295
sensitivity_common,baseline,summer_reported_rain,17,0.1,0.0,0.0,42.42668191643369,29.726530335207663,101.05293923332314,0.0,0.0,0.0,0.0,0.0,1.2312352941176472,2.5720470489372587,9.596435136968879,3.478688968646557,14.09531852206514,0.0,0.0,11081117.647058824,6.265714631316288,1.7665521681415512,0.12158522359198838,1166300.9383351177,0.0,297883.79780037154,-3719846.2200465417,33.32352941176469,26.029866715224397,5775453.266097034,0.00027907807719807165,453381.4996171936
sensitivity_common,baseline,summer_reported_rain,17,0.1,0.05,0.29750000000000004,42.39019342435682,29.71579112269678,100.79605427501774,0.2568849583053981,0.0002901572383535722,0.7665792149899744,0.03648849207686729,0.010739212510886798,1.2312352941176472,2.5720470489372587,9.596435136968879,3.4835425429707776,14.147205331155167,0.00798450414139453,0.0,11081117.647058824,6.423668614625524,1.8728747704505648,0.1295697277333829,1164856.4733026417,0.2974999999999989,317445.83294678805,-3713125.8844087897,33.32352941176469,26.15631922535979,5760755.338945528,2.3649987389510113e-05,456400.01466356136
sensitivity_common,baseline,summer_reported_rain,17,0.1,0.1,0.5950000000000001,42.353932376148826,29.705099129275894,100.54023111682166,0.5127081165014848,0.0005780512047337538,1.527156323715758,0.07274954028486078,0.02143120593177126,1.2312352941176472,2.5720470489372587,9.596435136968879,3.488107092644289,14.199409171711414,0.01591104756240261,0.0,11081117.647058824,6.58178240628948,1.9788083715456404,0.13749627115439098,1163370.1865579467,0.5949999999999978,336865.8643282579,-3706444.165667635,33.32352941176469,26.28319069061392,5746124.442988324,0.0,459352.67440615885
sensitivity_common,baseline,summer_reported_rain,17,0.1,0.15,0.8925,42.317673416842574,29.694447797743738,100.28532035902728,0.7676188742958504,0.0008637038724756962,2.288362748177917,0.10900849959111311,0.03208253746392382,1.2312352941176472,2.5720470489372587,9.596435136968879,3.493020246775779,14.252316882046541,0.023813456961920127,0.0,11081117.647058824,6.7364666164239475,2.080584871344954,0.1453986805539085,1161854.000668785,0.8925000000000031,356226.7673570758,-3699795.387856301,33.32352941176469,26.413190916948373,5731560.753408708,0.0,462475.49960127054
sensitivity_common,baseline,summer_reported_rain,17,0.1,0.2,1.1900000000000002,42.28170153734801,29.683656349199318,100.02697974894033,1.0259594843828026,0.0011471369753408567,3.080640512963413,0.14498037908567843,0.04287398600834368,1.2312352941176472,2.5720470489372587,9.596435136968879,3.498780034831142,14.31746570433775,0.03182323663322153,0.0,11081117.647058824,6.887641908585675,2.1666113412155323,0.1534084602252099,1160115.3977191811,1.1899999999999955,375850.7275517643,-3693069.9403249095,33.32352941176469,26.54574605706001,5716837.592843512,0.0,466876.0902502828
sensitivity_common,baseline,summer_reported_rain,17,0.1,0.25,1.4875,42.245866832702845,29.672800406853586,99.76720418237285,1.2857350509502912,0.0014283720091725627,3.89290329405452,0.1808150837308424,0.05372992835407686,1.2312352941176472,2.5720470489372587,9.596435136968879,3.504961536927377,14.387962457506,0.03989768848244918,0.0,11081117.647058824,7.037050560846789,2.2455232403083603,0.16148291207443755,1158223.053687535,1.4875000000000071,395633.134582372,-3686320.2534141857,33.32352941176469,26.679581450853462,5702053.047208858,0.0,471802.9874378764
sensitivity_common,baseline,summer_reported_rain,17,0.1,0.3,1.785,42.210253549971746,29.66202215404419,99.50922189851319,1.5437173348099462,0.0017074302372748207,4.701239179198836,0.2164283664619446,0.06450818116347493,1.2312352941176472,2.5720470489372587,9.596435136968879,3.5118803424709784,14.459297402909263,0.04795688767120965,0.0,11081117.647058824,7.185472994415816,2.322610728474106,0.16954211126319801,1156406.5188919802,1.7850000000000061,415378.1725948351,-3679628.038409967,33.32352941176469,26.8136810125521,5687384.549075261,0.0,477206.39318286814
sensitivity_common,baseline,summer_reported_rain,17,0.1,0.35,2.0825,42.17486867335281,29.651377255636522,99.2539896696816,1.798949563641529,0.0019843326888562274,5.49892438077265,0.2518132430808784,0.07515307957114292,1.2312352941176472,2.5720470489372587,9.596435136968879,3.5214295781121363,14.566613193612614,0.055974129884786485,0.0,11081117.647058824,7.330932073860668,2.3607540172155796,0.17755935347677484,1154799.298285625,2.08250000000001,435020.41601809836,-3673020.7710202863,33.32352941176469,26.94815545525242,5672888.83131946,0.0,487943.4420865045
sensitivity_common,baseline,summer_reported_rain,17,0.1,0.4,2.3800000000000003,42.139714211503566,29.640822578271937,99.00079366755364,2.052145565769494,0.0022591001686365075,6.287940424736405,0.28696770493012025,0.08570775693572648,1.2312352941176472,2.5720470489372587,9.596435136968879,3.5316348960312065,14.681488565817052,0.06392943913230052,0.0,11081117.647058824,7.47528810410999,2.3902346752604555,0.1855146627242889,1153245.043788412,2.379999999999991,454510.9236745077,-3666475.5639952985,33.32352941176469,27.083138797836515,5658516.602267789,0.0,499861.1338578718
sensitivity_common,baseline,summer_reported_rain,17,0.1,0.45,2.6775,42.104792066207835,29.630351005987237,98.74957871690435,2.3033605164187754,0.0025317532479931515,7.070151173019212,0.3218898502258553,0.09617932922042689,1.2312352941176472,2.5720470489372587,9.596435136968879,3.5420928622850147,14.8192386560753,0.0718181301115993,0.0,11081117.647058824,7.618453442577682,2.3956499234698865,0.19340335370358766,1151711.1111360304,2.6774999999999958,473838.2165737898,-3659987.876900448,33.32352941176469,27.21912680213577,5644259.36975156,0.0,514515.3072564923
sensitivity_common,baseline,summer_reported_rain,17,0.1,0.5,2.975,42.070113433630134,29.61997680390134,98.50069875788395,2.5522404754391737,0.002802312279925445,7.846460406396886,0.35656848280355624,0.10655353130632171,1.2312352941176472,2.5720470489372587,9.596435136968879,3.552554829108931,14.960313702134414,0.07963059516926388,0.0,11081117.647058824,7.759952432859497,2.3960738676925493,0.20121581876125227,1150190.5931441302,2.9750000000000143,492978.755965068,-3653565.675207974,33.32352941176469,27.356853379972417,5630138.125745504,0.0,529639.4701057775
sensitivity_common,baseline,summer_reported_rain,17,0.1,0.55,3.2725000000000004,42.03566512000319,29.609682308122373,98.25372996393696,2.799209269386164,0.0030707973958996604,8.61698654977539,0.39101679643050224,0.11684802708529109,1.2312352941176472,2.5720470489372587,9.596435136968879,3.563019230666115,15.101019138992811,0.08737621783263934,0.0,11081117.647058824,7.901003820403586,2.3964198183782552,0.2089614414246277,1148677.1751781448,3.2724999999999853,511955.531490338,-3647199.5776612796,33.32352941176469,27.495091968207788,5616130.172760518,0.0,544741.0577277528
sensitivity_common,baseline,summer_reported_rain,17,0.1,0.6,3.57,42.00144266914699,29.59946334171054,98.0085724842919,3.044366749031219,0.003337228506403278,9.381787280946867,0.4252392472866977,0.12706699349712422,1.2312352941176472,2.5720470489372587,9.596435136968879,3.5734849551725514,15.241596582584023,0.09505757019983371,0.0,11081117.647058824,8.041869089390236,2.396707643773718,0.21664279379182205,1147169.3502251413,3.5700000000000123,530774.8447899641,-3640886.6095872493,33.32352941176469,27.633579622347398,5602228.323980648,0.0,559838.2410517914
sensitivity_common,baseline,summer_reported_rain,17,0.1,0.65,3.8675,41.96919333432616,29.589797467213906,97.77679805047143,3.276141182851715,0.003601625309151757,10.140927370869008,0.45748858210753235,0.13673286799375906,1.2312352941176472,2.5720470489372587,9.596435136968879,3.583719468924482,15.375559704938507,0.10218628294262685,0.0,11081117.647058824,8.176075318825337,2.396950750854357,0.22377150653461522,1145714.648653864,3.8674999999999886,548240.1910098074,-3634920.8737550206,33.32352941176469,27.779510166417587,5589339.460918823,0.0,574148.6593904124
sensitivity_common,baseline,summer_reported_rain,17,0.1,0.7,4.165,41.938113969121396,29.580490428467012,97.55383219889863,3.4991070344244988,0.003864007285358184,10.894474775003971,0.48856794731229286,0.14603990674065143,1.2312352941176472,2.5720470489372587,9.596435136968879,3.593281479784311,15.502470794836524,0.10895284042398355,0.0,11081117.647058824,8.303194460542404,2.397158802673379,0.23053806401597193,1144296.6226831565,4.16500000000002,564818.256839131,-3629178.19852442,33.32352941176469,27.93356245635938,5577074.719215114,0.0,587538.0566490659
sensitivity_common,baseline,summer_reported_rain,17,0.1,0.75,4.4625,41.90854754696209,29.571853733695747,97.34684413825089,3.7060950950722478,0.004124393708060836,11.642499443952602,0.5181343694716032,0.1546766015119161,1.2312352941176472,2.5720470489372587,9.596435136968879,3.6017884015553956,15.617912418098786,0.115247555078591,0.0,11081117.647058824,8.418815950163296,2.397338669032024,0.23683277867057934,1142982.61037574,4.462499999999989,580240.3077429195,-3623844.0563422157,33.32352941176469,28.10063933031281,5565760.663241702,0.0,599784.4263689325
sensitivity_common,baseline,summer_reported_rain,17,0.1,0.8,4.760000000000001,41.88133777002308,29.563994823092372,97.15847288418934,3.8944663491338094,0.004382803640403665,12.385071477078299,0.5453441464106135,0.1625355121152903,1.2312352941176472,2.5720470489372587,9.596435136968879,3.609259634864879,15.72289025272438,0.12086279694199635,0.0,11081117.647058824,8.523951167532028,2.397496051775186,0.24244802053398473,1141760.28199782,4.759999999999982,593997.6503082627,-3619002.0323408456,33.32352941176469,28.279917637771092,5555707.966869694,0.0,610840.0607895129
sensitivity_common,baseline,summer_reported_rain,17,0.1,0.85,5.0575,41.854329787723785,29.556207144053392,96.97179775371454,4.081141479608599,0.004639255941583542,13.122261941942668,0.572352128709903,0.17032319115427108,1.2312352941176472,2.5720470489372587,9.596435136968879,3.6166971896820876,15.827110978379695,0.1264207970772511,0.0,11081117.647058824,8.628310762251843,2.3976349208397822,0.24800602066923946,1140551.1151676832,5.057500000000014,607614.7506396368,-3614207.202236062,33.32352941176469,28.460062488098874,5545750.217156357,0.0,621815.715251436
sensitivity_common,baseline,summer_reported_rain,17,0.1,0.9,5.355,41.827516049775866,29.54848883123515,96.78677509581505,4.266164137508089,0.004893769262658054,13.854141408844413,0.5991658666578191,0.17804150397251373,1.2312352941176472,2.5720470489372587,9.596435136968879,3.6241082222022123,15.93075251952899,0.13192493180253834,0.0,11081117.647058824,8.732075394788392,2.397758012227031,0.2535101553945267,1139353.1810368584,5.3549999999999915,621099.8807165903,-3609457.508204715,33.32352941176469,28.64088268831691,5535882.343985766,0.0,632733.0917702091
sensitivity_common,baseline,summer_reported_rain,17,0.1,0.95,5.6525,41.80089394505257,29.540837486917216,96.60334833811761,4.44959089520551,0.005146362058354725,14.580779479513609,0.6257879713811141,0.1856928482904472,1.2312352941176472,2.5720470489372587,9.596435136968879,3.6314952003805194,16.03383604431781,0.1373759220912677,0.0,11081117.647058824,8.835269161797882,2.397868254447723,0.25896114568325607,1138166.0824944586,5.652500000000034,634454.8069239774,-3604752.070356016,33.32352941176469,28.822350952840438,5526102.765938975,0.0,643593.5179400207
sensitivity_common,baseline,summer_reported_rain,17,0.1,1.0,5.95,41.77446126717741,29.53325105326345,96.42146893879541,4.631470294527723,0.005397052581308515,15.302245909330765,0.6522206492562792,0.19327928194421667,1.2312352941176472,2.5720470489372587,9.596435136968879,3.6388598602224187,16.136369466537335,0.14277429585558798,0.0,11081117.647058824,8.937901658326927,2.39796732875729,0.26435951944757635,1136989.558042903,5.950000000000029,647680.8226465621,-3600090.1237558676,33.32352941176469,29.004455422705206,5516410.181324726,0.0,654396.7393461766
sensitivity_common,baseline,summer_reported_rain,17,0.3,0.0,0.0,38.924840450271134,28.705183986640083,76.91495817063787,0.0,0.0,0.0,0.0,0.0,3.693705882352941,2.5720470489372587,9.596435136968879,3.4814975148401106,14.115583696128375,0.0,0.0,8618647.058823533,6.28592638785197,1.7667778286912108,0.09332942042350056,885296.7357230345,0.0,228657.08003757638,-3125471.697421823,33.32352941176469,26.03482313758645,4370433.844314612,0.0,472056.1473672842
sensitivity_common,baseline,summer_reported_rain,17,0.3,0.05,0.29750000000000004,38.89781728693354,28.69688796645297,76.7172037403766,0.19775443026127326,0.00023529210015027502,0.5807094713613026,0.027023163337597154,0.008296020187115512,3.693705882352941,2.5720470489372587,9.596435136968879,3.4860891802816645,14.168397660249475,0.006000425358146946,0.05913052804412398,8618647.058823533,6.446289906665715,1.8743273833838239,0.09932984578164751,884171.5726552706,0.2974999999999989,243358.1221650364,-3120463.8376207612,33.32352941176469,26.161367527973056,4359088.626147123,0.0,475672.4868258707
sensitivity_common,baseline,summer_reported_rain,17,0.3,0.1,0.5950000000000001,38.87089011624599,28.688616369698696,76.52004616266656,0.39491200797130394,0.00046872101479067396,1.1571715857618585,0.053950334025146755,0.016567616941385206,3.693705882352941,2.5720470489372587,9.596435136968879,3.490729168443395,14.221171299662657,0.011976858360665326,0.11779610853018095,8618647.058823533,6.6062111406222925,1.9814749779272405,0.10530627878416589,882997.69897633,0.5949999999999978,258000.38302120636,-3115478.409987535,33.32352941176469,26.288329872852245,4347781.721057113,0.0,479233.5866105491
sensitivity_common,baseline,summer_reported_rain,17,0.3,0.15,0.8925,38.84408917829623,28.680370871627073,76.32345926770802,0.5914989029298446,0.0007003050879248462,1.7345666662328085,0.080751271974905,0.02481311501300918,3.693705882352941,2.5720470489372587,9.596435136968879,3.4957582147164565,14.274702432818996,0.017943475827318155,0.1761199713660058,8618647.058823533,6.762625080138344,2.0843577842869747,0.11127289625081872,881805.6338069254,0.8925000000000031,272618.59581450594,-3110514.1571373534,33.32352941176469,26.418420269596403,4336520.273637352,0.0,482988.117819917
sensitivity_common,baseline,summer_reported_rain,17,0.3,0.2,1.1900000000000002,38.81722339455145,28.67200888537953,76.12402041885622,0.790937751781658,0.0009300624579040573,2.3363401599154656,0.10761705571968815,0.03317510126055305,3.693705882352941,2.5720470489372587,9.596435136968879,3.5016413090772973,14.340505464075886,0.02400252820639696,0.23502173260114495,8618647.058823533,6.915518948487655,2.1714486213793514,0.11733194862989753,880444.5901030011,1.1899999999999955,287463.274143249,-3105488.077743102,33.32352941176469,26.551084254507177,4325125.619983497,0.0,488076.3145985025
sensitivity_common,baseline,summer_reported_rain,17,0.3,0.25,1.4875,38.790320542372854,28.663585702393533,75.92323197911684,0.9917261915210434,0.0011580110652147368,2.9540721019825185,0.13451990789828266,0.041598284246549905,3.693705882352941,2.5720470489372587,9.596435136968879,3.5079741955277917,14.411598548892584,0.030123674049043096,0.29400885942924737,8618647.058823533,7.066630131524311,2.251466719599327,0.12345309447254366,878957.3979399623,1.4875000000000071,302460.08145773195,-3100437.2422961025,33.32352941176469,26.685019039177433,4313669.702684602,0.0,493706.8991551485
sensitivity_common,baseline,summer_reported_rain,17,0.3,0.3,1.785,38.76354857464603,28.655216123159693,75.7236326868575,1.1913254837803784,0.0013841686491460337,3.569512631437817,0.161291875625108,0.04996786348039204,3.693705882352941,2.5720470489372587,9.596435136968879,3.5151395247179065,14.483945390714524,0.03624546820579348,0.3523918510295683,8618647.058823533,7.216633285555174,2.329123031808223,0.12957488862929403,877539.1337213223,1.7850000000000061,317458.4771417704,-3095425.215034877,33.32352941176469,26.81922876179972,4302294.694725357,0.0,499843.5425368692
sensitivity_common,baseline,summer_reported_rain,17,0.3,0.35,2.0825,38.73691398387489,28.64694361197317,75.52593695850392,1.389021212133952,0.0016085527578297842,4.17792430962723,0.18792646639624647,0.058240374666914736,3.693705882352941,2.5720470489372587,9.596435136968879,3.5250021735497046,14.596343364729176,0.04234529214898961,0.40992835150757695,8618647.058823533,7.363564693559882,2.3636564657982264,0.13567471257249017,876290.5739809223,2.08250000000001,332403.045802601,-3090473.1663306816,33.32352941176469,26.953834881019926,4291044.649513548,0.0,511657.20312808716
sensitivity_common,baseline,summer_reported_rain,17,0.3,0.4,2.3800000000000003,38.71041937605539,28.63873195756456,75.32960304479799,1.5853551258398773,0.0018311807412558778,4.780706146557492,0.21442107421574513,0.06645202907552333,3.693705882352941,2.5720470489372587,9.596435136968879,3.5353910494636716,14.71316047269441,0.04840437627799395,0.46679043992961705,8618647.058823533,7.509466012888721,2.392740677161817,0.14173379670149452,875076.4742374538,2.379999999999991,347247.80191866163,-3085561.9386701607,33.32352941176469,27.08898560164811,4279879.17559453,0.0,524176.0406500731
sensitivity_common,baseline,summer_reported_rain,17,0.3,0.45,2.6775,38.68492886159355,28.63057739772759,75.13461743530321,1.780340735334661,0.0020520697622643524,5.3791610881860095,0.2399115886775864,0.07460658891249745,3.693705882352941,2.5720470489372587,9.596435136968879,3.546010434865872,14.854920238224487,0.05441844652764159,0.523019781084115,8618647.058823533,7.654135032948368,2.395649931691404,0.14774786695114214,873874.7554364788,2.6774999999999958,361982.27403029834,-3080688.940153352,33.32352941176469,27.225183125936653,4268793.210258744,0.0,539627.4921914688
sensitivity_common,baseline,summer_reported_rain,17,0.3,0.5,2.975,38.65970881936651,28.622491533039668,74.94126859245489,1.9736895781829835,0.002271236791408171,5.973829217282201,0.2651316309046288,0.0826924536004142,3.693705882352941,2.5720470489372587,9.596435136968879,3.5566321112255834,14.997568484825692,0.06037854216742661,0.5785508972561902,8618647.058823533,7.797207221470235,2.3960738736120524,0.15370796259092717,872680.6866434377,2.9750000000000143,376584.5083477716,-3075860.6003010464,33.32352941176469,27.36302916541534,4257803.535868173,0.0,555231.860975791
sensitivity_common,baseline,summer_reported_rain,17,0.3,0.55,3.2725000000000004,38.63462418049621,28.61446099666611,74.74923601870837,2.1657221519294976,0.0024886986149894597,6.564744145232197,0.2902162697749279,0.09072298997397296,3.693705882352941,2.5720470489372587,9.596435136968879,3.5672545441223793,15.139829926095558,0.06629293891116946,0.6334871174566657,8618647.058823533,7.939814611807816,2.396419822679747,0.15962235933467,871489.7174490296,3.2724999999999853,391074.7803699416,-3071069.921953757,33.32352941176469,27.501384945437227,4246893.023396179,0.0,570806.062696606
sensitivity_common,baseline,summer_reported_rain,17,0.3,0.6,3.57,38.60967248437922,28.606482791031254,74.55844843739459,2.356509733243282,0.0027044718334323647,7.15192798886784,0.31516796589191787,0.09870119560882633,3.693705882352941,2.5720470489372587,9.596435136968879,3.5778766504836237,15.2819454388199,0.07216373860541632,0.6878570157879378,8618647.058823533,8.08221794877041,2.3967076469180073,0.1654931590289169,870300.7109845034,3.5700000000000123,405458.2396208464,-3066314.816159479,33.32352941176469,27.639988702419053,4236056.496693687,0.0,586370.3499679327
sensitivity_common,baseline,summer_reported_rain,17,0.3,0.65,3.8675,38.586218078457726,28.598937586955373,74.37801041672009,2.5369477539177807,0.002918572865041824,7.735409110630599,0.3386223718134082,0.1062463996847078,3.693705882352941,2.5720470489372587,9.596435136968879,3.588164084810154,15.416700620492076,0.07760570732713185,0.7391934289339351,8618647.058823533,8.21721623691078,2.396950753386221,0.1709351277506324,869150.7040570283,3.8674999999999886,418791.0629890495,-3061822.4591618534,33.32352941176469,27.786761011230457,4226014.321178001,0.0,601045.8180297121
sensitivity_common,baseline,summer_reported_rain,17,0.3,0.7,4.165,38.56360523596971,28.59165917356418,74.20393404522963,2.71102412540825,0.0031310179501318203,8.315218796353577,0.3612352143014283,0.11352481307590001,3.693705882352941,2.5720470489372587,9.596435136968879,3.5978650603592377,15.544883065416442,0.08278205828680439,0.7880829090162477,8618647.058823533,8.345606733150335,2.3971588047013994,0.17611147871030497,868027.2132866667,4.16500000000002,431473.1228402471,-3057490.6714341165,33.32352941176469,27.94099318848221,4216438.239029982,0.0,614878.6777133513
sensitivity_common,baseline,summer_reported_rain,17,0.3,0.75,4.4625,38.54208854283566,28.584895064989087,74.04211768796412,2.8728404826737504,0.0033418231475650373,8.891390809774606,0.38275190743547577,0.12028892165099529,3.693705882352941,2.5720470489372587,9.596435136968879,3.606496992334641,15.66149680992276,0.08760899188246586,0.833254612398496,8618647.058823533,8.46240034356128,2.3973386706060396,0.1809384123059664,866984.1681040274,4.462499999999989,443299.1101496178,-3053462.870256991,33.32352941176469,28.10824071250019,4207589.749457196,0.0,627523.6788554279
sensitivity_common,baseline,summer_reported_rain,17,0.3,0.8,4.760000000000001,38.52228739796436,28.578718348056768,73.8943749210253,3.0205832496125775,0.003551004343421482,9.463959804911127,0.40255305230677907,0.1264656385833152,3.693705882352941,2.5720470489372587,9.596435136968879,3.614075929500192,15.76754509139743,0.09193214552888895,0.873883099521233,8618647.058823533,8.56860600750162,2.3974960530716967,0.18526156595238952,866005.2906083144,4.759999999999982,453890.8365833543,-3049793.5075649437,33.32352941176469,28.28763295774777,4199694.982693276,0.0,638946.040434367
sensitivity_common,baseline,summer_reported_rain,17,0.3,0.85,5.0575,38.50261007482953,28.572592907362065,73.74783856280983,3.167119607828034,0.0037585772483836877,10.032961554148557,0.42223037544159786,0.132591079278016,3.693705882352941,2.5720470489372587,9.596435136968879,3.621619977264708,15.872823949030673,0.09621464297084573,0.9140218717805647,8618647.058823533,8.674023733949944,2.397634921886927,0.1895440633943463,865035.3439282189,5.057500000000014,464382.9553161483,-3046156.6584599484,33.32352941176469,28.467888686093044,4191868.550856923,0.0,650282.7657592124
sensitivity_common,baseline,summer_reported_rain,17,0.3,0.9,5.355,38.48305163807905,28.5665177615422,73.60248844654654,3.3124697240913306,0.003964557400657043,10.598432370359006,0.4417888121920903,0.13866622509787938,3.693705882352941,2.5720470489372587,9.596435136968879,3.629136295917286,15.977510281850076,0.10045912964431516,0.9536944134167589,8618647.058823533,8.778833158023257,2.3977580131408422,0.19378855006781573,864072.8905723207,5.3549999999999915,474781.9476661485,-3042551.0628107083,33.32352941176469,28.64881845669368,4184107.198393498,0.0,661556.4604125181
sensitivity_common,baseline,summer_reported_rain,17,0.3,0.95,5.6525,38.4636108664412,28.56049106991735,73.4582828045878,3.456675366050079,0.004168960171398339,11.160408523044282,0.461229583829938,0.14469291672273138,3.693705882352941,2.5720470489372587,9.596435136968879,3.6366273835628196,16.081625101414307,0.10466602255129216,0.9929155291554315,8618647.058823533,8.883058219681574,2.3978682552349797,0.19799544297479274,863117.6496716781,5.652500000000034,485088.8352882422,-3038976.148207358,33.32352941176469,28.830395414482915,4176409.8646072634,0.0,672768.6139927845
sensitivity_common,baseline,summer_reported_rain,17,0.3,1.0,5.95,38.44428681835405,28.554511264764862,73.31518594143492,3.599772229202959,0.00437180075994803,11.718926659279475,0.4805536319170833,0.1506727218752219,3.693705882352941,2.5720470489372587,9.596435136968879,3.6440950020082385,16.185177334539784,0.10883558825701795,1.0316980653247636,8618647.058823533,8.986709526998421,2.3979673294263373,0.2021650086805185,862169.4469521865,5.950000000000029,495304.2712672703,-3035431.4242260195,33.32352941176469,29.01260692301495,4168775.693511978,0.0,683919.2581447752
sensitivity_common,baseline,summer_reported_rain,17,0.5,0.0,0.0,35.39896162902753,27.673080351361072,52.652309423397625,0.0,0.0,0.0,0.0,0.0,6.156176470588235,2.5720470489372587,9.596435136968879,3.483653886691958,14.134061677517948,0.0,0.0,6156176.470588237,6.304597754252377,1.7669712137020366,0.06779534864776893,601295.6980159923,0.0,166098.6041870339,-2543248.416949805,33.32352941176469,26.03952947110994,2950177.951780988,0.0,489831.6854611463
sensitivity_common,baseline,summer_reported_rain,17,0.5,0.05,0.29750000000000004,35.380656740239736,27.666974447126073,52.50685695464944,0.1454524687481736,0.0001803696989384207,0.4187742778854471,0.0183048887878005,0.006105904235002496,6.156176470588235,2.5720470489372587,9.596435136968879,3.4883358682084458,14.187359479105462,0.004307231637919572,0.1114324895572226,6156176.470588237,6.466480981278223,1.8755566391403469,0.0721025802856885,600382.092379668,0.2974999999999989,176651.32169993685,-2539691.163086654,33.32352941176469,26.166157030929725,2941829.868667194,0.0,493970.63342824305
sensitivity_common,baseline,summer_reported_rain,17,0.5,0.1,0.5950000000000001,35.362393418742215,27.660881051680985,52.362706459042975,0.2896029643546419,0.00035927670212743124,0.8183168497730549,0.03656821028531835,0.01219929968009105,6.156176470588235,2.5720470489372587,9.596435136968879,3.4930673451314496,14.24061429401194,0.0086016851827473,0.2231051521468449,6156176.470588237,6.627910335934662,1.9837311788903151,0.07639703383051623,599431.0982819796,0.5949999999999978,187172.7328847648,-2536146.5424315548,33.32352941176469,26.29320174580548,2933503.373186891,0.0,498069.8063807289
sensitivity_common,baseline,summer_reported_rain,17,0.5,0.15,0.8925,35.344084702976005,27.654803525514446,52.21900685754187,0.433302565855751,0.0005367357187466837,1.2169713891073002,0.05487692605152591,0.018276825846627657,6.156176470588235,2.5720470489372587,9.596435136968879,3.498199021108699,14.29470452864612,0.012894633212615386,0.33431630844010046,6156176.470588237,6.785813417142762,2.0875440254642315,0.08068998186038431,598475.6679210326,0.8925000000000031,197690.45555794158,-2532615.057345102,33.32352941176469,26.423374040590176,2925206.2665269678,0.0,502383.73003232776
sensitivity_common,baseline,summer_reported_rain,17,0.5,0.2,1.1900000000000002,35.32541938397762,27.648635497160264,52.0731216330712,0.5791877903264152,0.0007127612906998593,1.6339582761935674,0.07354224504991436,0.024444854200810127,6.156176470588235,2.5720470489372587,9.596435136968879,3.5041914998870536,14.361096597032997,0.017263704315411733,0.4467716940563854,6156176.470588237,6.940188607307711,2.175527147242338,0.08505905296318066,597407.1567574505,1.1899999999999955,208394.67975979263,-2529037.2246938995,33.32352941176469,26.556137300544094,2916805.3068877812,0.0,508089.25375733624
sensitivity_common,baseline,summer_reported_rain,17,0.5,0.25,1.4875,35.3066930506513,27.64241178724174,51.92609535805139,0.7262140653462316,0.0008873677953431525,2.0635858068351354,0.09226857837623784,0.03066856411933033,6.156176470588235,2.5720470489372587,9.596435136968879,3.510659599961814,14.432725231614134,0.021689704392030044,0.5595209856040597,6156176.470588237,7.092769421346354,2.256479326699823,0.08948505303979898,596241.2860688719,1.4875000000000071,219238.3799475075,-2525435.8941609203,33.32352941176469,26.690162386354103,2908345.958737424,0.0,514352.0594077412
sensitivity_common,baseline,summer_reported_rain,17,0.5,0.3,1.785,35.28803604233444,27.63622025448697,51.7797431629052,0.8725662604924173,0.0010605694529317589,2.492762292943567,0.11092558669309979,0.0368600968741021,6.156176470588235,2.5720470489372587,9.596435136968879,3.5181066128968124,14.507143137939588,0.026127698776522455,0.6711510743175286,6156176.470588237,7.244074718390877,2.3333667174188957,0.09392304742429139,595132.3049435196,1.7850000000000061,230111.4661895139,-2521858.1919272407,33.32352941176469,26.824472081990102,2899936.4100482725,0.0,521278.2958893295
sensitivity_common,baseline,summer_reported_rain,17,0.5,0.35,2.0825,35.26945358664843,27.630094048293238,51.63456668743775,1.0177427359598743,0.0012323803168641234,2.9182346405151804,0.12950804237910313,0.042986303067835005,6.156176470588235,2.5720470489372587,9.596435136968879,3.5281688146178816,14.622685794925642,0.030557894302841192,0.781206827681653,6156176.470588237,7.392356538649122,2.36610588069099,0.09835324295061011,594151.3341075374,2.08250000000001,240965.44522899482,-2518320.1004818757,33.32352941176469,26.959197864484388,2891611.405368679,0.0,533811.3696882896
sensitivity_common,baseline,summer_reported_rain,17,0.5,0.4,2.3800000000000003,35.25094808612289,27.624006978509144,51.49023934401031,1.1620700793873056,0.0014028142875943672,3.34069228965987,0.14801354290464316,0.04907337285192986,6.156176470588235,2.5720470489372587,9.596435136968879,3.538719189219438,14.741228026843354,0.034963342017365305,0.8900754863821897,6156176.470588237,7.539597219122961,2.3948043292471364,0.10275869066513424,593193.8180558692,2.379999999999991,251758.79212957888,-2514807.7109208433,33.32352941176469,27.09450136169449,2883341.6675163107,0.0,546827.6497767415
sensitivity_common,baseline,summer_reported_rain,17,0.5,0.45,2.6775,35.23252226826206,27.61795690819784,51.3467731011529,1.305536322244726,0.0015718851086532482,3.7608540736550964,0.16643936076547577,0.055123443163235294,6.156176470588235,2.5720470489372587,9.596435136968879,3.5494808385413394,14.886375520636228,0.03933999470122816,0.9978241941740488,6156176.470588237,7.685590322865001,2.395649939196279,0.1071353433489971,592243.4990132173,2.6774999999999958,262481.5912050429,-2511319.4254512396,33.32352941176469,27.230869955946705,2875123.9935959526,0.0,562917.9101345632
sensitivity_common,baseline,summer_reported_rain,17,0.5,0.5,2.975,35.214184977913916,27.61195240537177,51.204382277691685,1.4479271457059364,0.0017396063694974373,4.178993857263578,0.18477665111362473,0.06112794598930423,6.156176470588235,2.5720470489372587,9.596435136968879,3.5602434895982604,15.030396018352809,0.04367965323778372,1.1043133297332384,6156176.470588237,7.830034760453541,2.3960738790682314,0.11147500188555266,591297.4003421904,2.9750000000000143,273113.754619604,-2507859.9122590157,33.32352941176469,27.36882320876474,2866970.533239666,0.0,578908.36198793
sensitivity_common,baseline,summer_reported_rain,17,0.5,0.55,3.2725000000000004,35.195928884327905,27.60598416393158,51.06284331992022,1.5894661034773965,0.0019059915069306044,4.595104356448971,0.2030327446996261,0.06709618742949489,6.156176470588235,2.5720470489372587,9.596435136968879,3.5710056338890905,15.17401721427226,0.04798959319673881,1.2097431659087692,6156176.470588237,7.974001904024692,2.3964198267199235,0.11578494184450774,590352.1552169506,3.2724999999999853,283673.107519044,-2504424.3768711193,33.32352941176469,27.50728398094382,2858869.422138962,0.0,594863.1567810769
sensitivity_common,baseline,summer_reported_rain,17,0.5,0.6,3.57,35.177752537804444,27.600050209038866,50.92210928612223,1.7302001372753937,0.0020710538063823947,5.009183953430437,0.22120909122309548,0.07303014232221079,6.156176470588235,2.5720470489372587,9.596435136968879,3.581766199147927,15.317478932543622,0.05227158672460134,1.314166611755825,6156176.470588237,8.117751445513704,2.3967076499375812,0.12006693537237026,589406.9501673514,3.5700000000000123,294163.9916623072,-2501011.481440309,33.32352941176469,27.645991880668003,2850817.284026055,0.0,610804.5374666991
sensitivity_common,baseline,summer_reported_rain,17,0.5,0.65,3.8675,35.16066132973928,27.59443746455028,50.789007764971615,1.8633016584260027,0.0022348064079835694,5.42083694995695,0.23830029928826088,0.0786428868107986,6.156176470588235,2.5720470489372587,9.596435136968879,3.5920935698693395,15.452867480481416,0.05623838911720991,1.4128395244257106,6156176.470588237,8.253383099368026,2.396950755854153,0.12403373776497884,588491.4763084407,3.8674999999999886,303882.6575241982,-2497787.097078026,33.32352941176469,27.793566053699678,2843355.948638366,0.0,625768.0700288127
sensitivity_common,baseline,summer_reported_rain,17,0.5,0.7,4.165,35.144151594945754,27.589012352199767,50.66036694462858,1.9919424787690454,0.002397262300284808,5.829947002431993,0.2548100340817818,0.08406799916130747,6.156176470588235,2.5720470489372587,9.596435136968879,3.6019172148248897,15.582155457814839,0.060020792856193814,1.5071645556554536,6156176.470588237,8.382879127549753,2.39715880670243,0.12781614150396273,587595.6184853303,4.16500000000002,313149.5466847088,-2494672.2135578045,33.32352941176469,27.947963976823477,2836224.6065328703,0.0,639965.3474938447
sensitivity_common,baseline,summer_reported_rain,17,0.5,0.75,4.4625,35.12839055671098,27.583957695646788,50.54063842684087,2.1116709965567475,0.0025584343325490977,6.237041164017285,0.27057107231655037,0.08912265571428393,6.156176470588235,2.5720470489372587,9.596435136968879,3.610659866589546,15.699793389201048,0.06356197097911452,1.5944240985155,6156176.470588237,8.500696924404412,2.397338672170896,0.13135731962688343,586760.9002928314,4.462499999999989,321825.43308586447,-2491769.8748754878,33.32352941176469,28.11536235008125,2829615.82152856,0.0,652935.4701160697
sensitivity_common,baseline,summer_reported_rain,17,0.5,0.8,4.760000000000001,35.113798571434835,27.57931806901102,50.43087021000108,2.221439213396535,0.0027183352048538723,6.642128906413333,0.28516305759270005,0.09376228235005278,6.156176470588235,2.5720470489372587,9.596435136968879,3.618333883190534,15.806773804240894,0.06675399871637415,1.6730271357372737,6156176.470588237,8.607834721637188,2.397496054363824,0.13454934736414306,585969.3168212662,4.759999999999982,329645.90104215057,-2489111.6988118105,33.32352941176469,28.294858508510117,2823681.5456226133,0.0,664659.047216074
sensitivity_common,baseline,summer_reported_rain,17,0.5,0.85,5.0575,35.09928485695398,27.57471359777746,50.32190053432371,2.330408889073909,0.0028769774805113,7.045220635842242,0.29967677207355314,0.0983667535836138,6.156176470588235,2.5720470489372587,9.596435136968879,3.62597208401904,15.912975641765794,0.06991825289320927,1.7507325905346873,6156176.470588237,8.71417542772923,2.397634922931072,0.1377136015409782,585183.7067698614,5.057500000000014,337398.32377539657,-2486474.8630807386,33.32352941176469,28.47521534741278,2817794.1059865183,0.0,676292.8235420176
sensitivity_common,baseline,summer_reported_rain,17,0.5,0.9,5.355,35.08484623178139,27.570144053052246,50.21377959969714,2.4385298237004798,0.0030343735783446846,7.445489123461314,0.31411539724614373,0.10293629830882894,6.156176470588235,2.5720470489372587,9.596435136968879,3.633581631104061,16.018574906578102,0.07305678555969393,1.8276343138076097,6156176.470588237,8.819897783662594,2.3977580140521555,0.14085213420746287,584403.0835682797,5.3549999999999915,345087.7288082841,-2483858.7777957306,33.32352941176469,28.656244911727917,2811951.8642364084,0.0,687860.2829971293
sensitivity_common,baseline,summer_reported_rain,17,0.5,0.95,5.6525,35.070482130950026,27.565608040588256,50.10642964240956,2.5458797809880616,0.0031905357835881887,7.843770484597712,0.3284794980775119,0.10747231077281849,6.156176470588235,2.5720470489372587,9.596435136968879,3.641165035126129,16.12359221599944,0.07616980884373167,1.9037111142174485,6156176.470588237,8.92502533505192,2.3978682560201876,0.14396515749150063,583627.2494787333,5.652500000000034,352714.63585417654,-2481263.0830594627,33.32352941176469,28.837920933032553,2806154.1392129264,0.0,699363.0162208232
sensitivity_common,baseline,summer_reported_rain,17,0.5,1.0,5.95,35.05619217707829,27.561104752596776,49.99983383571603,2.6524755876815878,0.003345476241769063,8.240088857643912,0.34276945194925024,0.1119755987642988,6.156176470588235,2.5720470489372587,9.596435136968879,3.6487240750325327,16.227914411115663,0.07925673455771007,1.9789947068461353,6156176.470588237,9.029446604241683,2.3979673300937314,0.147052083205479,582856.4767276627,5.950000000000029,360277.6038534236,-2478687.6398322727,33.32352941176469,29.020353698222436,2800400.83218495,0.0,710788.0509252563
