scope,variant,cohort,n_days,albedo,storage_fraction,delivered_water_l_m2,mean_daily_max_surface_c,mean_surface_c,mean_air_excess_k_h,mean_watering_effect_k_h,min_daily_watering_effect_k_h,max_daily_watering_effect_k_h,mean_daily_max_reduction_by_watering_k,mean_daily_mean_reduction_by_watering_k,mean_reflected_shortwave_mj_m2,mean_initial_surface_water_kg_m2,mean_initial_base_water_kg_m2,mean_final_surface_water_kg_m2,mean_final_base_water_kg_m2,mean_extra_evaporation_vs_no_water_kg_m2,mean_interaction_k_h,mean_absorbed_shortwave_j_m2,mean_downward_kg_m2,mean_drained_kg_m2,mean_evaporated_kg_m2,mean_ground_out_j_m2,mean_irrigation_kg_m2,mean_latent_out_j_m2,mean_net_longwave_j_m2,mean_rain_kg_m2,mean_runoff_kg_m2,mean_sensible_out_j_m2,mean_upward_kg_m2,mean_water_enthalpy_net_j_m2
sensitivity_common,base_heat_1,summer_zero_recorded_amount,33,0.1,0.0,0.0,54.48578565703697,36.04496382229384,184.5701039235869,0.0,0.0,0.0,0.0,0.0,2.283969696969697,0.38276741355783656,2.2951404888054077,0.17858939705801458,1.8737874835220771,0.0,0.0,20555727.272727273,0.15638909203788506,0.5766578118474255,0.048873209935200196,2626241.1191976066,0.0,119739.36434124046,-7163286.685808362,0.0,0.0,10435579.20210868,0.0010842854732635513,-82071.25142565943
sensitivity_common,base_heat_1,summer_zero_recorded_amount,33,0.1,0.5,2.975,53.76935861465461,35.78613462812691,178.40402872608092,6.166075197506001,1.572718821214579,9.395515981036823,0.7164270423823627,0.258829194166919,2.283969696969697,0.38276741355783656,2.2951404888054077,0.31860468213928145,2.635710525506961,0.20238849635044617,0.0,20555727.272727273,2.7332403525611344,2.3926703158590437,0.25126170628564637,2585819.846914574,2.9750000000000143,615591.1803998335,-6996232.148187361,0.0,0.054660672571792704,10080178.50316666,0.0,-42374.53004139641
sensitivity_common,base_heat_1,summer_zero_recorded_amount,33,0.1,1.0,5.95,53.13194162096252,35.5535356059979,172.8414383383417,11.728665585245219,1.5787757541045266,18.192825840952537,1.3538440360744475,0.4914282162959326,2.283969696969697,0.38276741355783656,2.2951404888054077,0.5606834831374395,4.982831034476367,0.38486728910627116,0.0,20555727.272727273,5.083900286464932,2.3962097407935894,0.43374049904147133,2550228.7550616986,5.950000000000029,1062664.2226516048,-6847728.839885624,0.0,0.25444314491402303,9763079.177153168,0.0,226151.1389817488
sensitivity_common,base_heat_1,summer_zero_recorded_amount,33,0.3,0.0,0.0,48.94033673288641,34.097471457349776,138.89494777402012,0.0,0.0,0.0,0.0,0.0,6.851909090909091,0.38276741355783656,2.2951404888054077,0.1821160106432945,1.882971747658706,0.0,0.0,15987787.878787875,0.16526243377140998,0.5770191602815655,0.03580098377915369,2071497.0717055162,0.0,87712.41025892657,-5966897.439026263,0.0,0.0,7783094.019721568,0.00041201463602135455,-77165.05201349124
sensitivity_common,base_heat_1,summer_zero_recorded_amount,33,0.3,0.5,2.975,48.418383586195056,33.900161751163395,134.2066594305312,4.688288343488909,1.1826225914556971,7.232614407258438,0.5219531466913532,0.1973097061863822,6.851909090909091,0.38276741355783656,2.2951404888054077,0.32681354673490154,2.6920268346439764,0.1509314089049729,1.4777868540170915,15987787.878787875,2.78955667334632,2.3926703275072074,0.18673239268412659,2041615.1957411265,2.9750000000000143,457494.3620761102,-5844444.741122274,0.0,0.054664800792507386,7512500.053125754,0.0,-18022.547615266987
sensitivity_common,base_heat_1,summer_zero_recorded_amount,33,0.3,1.0,5.95,47.94002506717451,33.72103140180756,129.92778841230614,8.967159361713996,1.1832259704165153,14.095098242052728,1.0003116657118993,0.3764400555422176,6.851909090909091,0.38276741355783656,2.2951404888054077,0.5745598936132605,5.078050143173435,0.2888081648688629,2.7615062235312235,15987787.878787875,5.179119396587005,2.396209742218628,0.3246091486480166,2014842.4630338028,5.950000000000029,795292.4141876407,-5734436.922953609,0.0,0.2544789747095871,7268698.381677411,0.0,261667.15532230833
sensitivity_common,base_heat_1,summer_zero_recorded_amount,33,0.5,0.0,0.0,43.32834958054888,32.127784600502416,93.0524030351934,0.0,0.0,0.0,0.0,0.0,11.419848484848485,0.38276741355783656,2.2951404888054077,0.18427383056762334,1.8917321802606422,0.0,0.0,11419848.48484848,0.17397418858862038,0.5773301817543701,0.02457170978007816,1510429.5355812681,0.0,60200.68896119147,-4804200.764477213,0.0,0.0,5099885.357384019,5.2315378485518496e-05,-72997.3645772157
sensitivity_common,base_heat_1,summer_zero_recorded_amount,33,0.5,0.5,2.975,42.963683037407314,31.9851053552525,89.674105470519,3.3782975646743907,0.8295254728367638,5.299235598571528,0.3646665431415673,0.14267924524991055,11.419848484848485,0.38276741355783656,2.2951404888054077,0.3338871353911905,2.7401199659497255,0.10698983461618786,2.7877776328316095,11419848.48484848,2.8376498162329344,2.3926703390880686,0.131561544396266,1488404.4193787565,2.9750000000000143,322325.78377085173,-4719061.657584993,0.0,0.054668917537463495,4904397.490456663,0.0,2475.0629445348018
sensitivity_common,base_heat_1,summer_zero_recorded_amount,33,0.5,1.0,5.95,42.62648736491382,31.854184094718164,86.56150977112563,6.490893264067755,0.8284782856061526,10.3327201812819,0.7018622156350569,0.27360050578424433,11.419848484848485,0.38276741355783656,2.2951404888054077,0.5865897830207979,5.159891502637852,0.2061306531228617,5.237772321177464,11419848.48484848,5.260960757470297,2.3962097436375314,0.23070236290293986,1468367.2258535712,5.950000000000029,565220.7891122026,-4641763.579004528,0.0,0.2545145101638341,4726482.351275002,0.0,290834.19190709427
sensitivity_common,base_heat_1,summer_reported_rain,17,0.1,0.0,0.0,42.444247611309926,29.72471256976251,101.06774002595768,0.0,0.0,0.0,0.0,0.0,1.2312352941176472,2.5720391452481364,9.596380946411811,3.4786868270043803,14.095170369158994,0.0,0.0,11081117.647058824,6.265632910511253,1.7665572075073166,0.12151955783304981,1162525.140709786,0.0,297722.91669097205,-3719869.8535086256,33.32352941176469,26.030015541919706,5774572.904824941,0.0002862802554725568,454686.7948233661
sensitivity_common,base_heat_1,summer_reported_rain,17,0.1,0.5,2.975,42.086833946991284,29.618088417781067,98.51212953948651,2.555610486471162,0.0023285559586483373,7.882518693194413,0.35741366431863897,0.10662415198144114,1.2312352941176472,2.5720391452481364,9.596380946411811,3.552560747376771,14.960099670304631,0.07969664653578543,0.0,11081117.647058824,7.759792610904329,2.3960738870100977,0.20121620436883522,1146110.2625042847,2.9750000000000143,492979.70070364635,-3653477.243944962,33.32352941176469,27.35699899436304,5629067.021341495,0.0,530883.7834012591
sensitivity_common,base_heat_1,summer_reported_rain,17,0.1,1.0,5.95,41.789662365971786,29.531433760804692,96.43286031103753,4.634879714920139,0.004491810504674731,15.35816396899861,0.65458524533814,0.19327880895781704,1.2312352941176472,2.5720391452481364,9.596380946411811,3.6388628243433536,16.136105717525353,0.1428797284643921,0.0,11081117.647058824,8.937692108429594,2.397967337314851,0.2643992862974419,1132953.7091701732,5.950000000000029,647778.2514287326,-3599974.1374684027,33.32352941176469,29.004614337942623,5515343.345463578,0.0,655702.809559484
sensitivity_common,base_heat_1,summer_reported_rain,17,0.3,0.0,0.0,38.93465196731477,28.70014509987061,76.85822432097933,0.0,0.0,0.0,0.0,0.0,3.693705882352941,2.5720391452481364,9.596380946411811,3.4815130027787546,14.115491904132535,0.0,0.0,8618647.058823533,6.285894782618868,1.7667838248968768,0.09317960134878543,871656.8082003116,0.0,228290.0233045243,-3123445.6506355647,33.32352941176469,26.034981170266498,4365002.786108728,0.0,473432.90636678523
sensitivity_common,base_heat_1,summer_reported_rain,17,0.3,0.5,2.975,38.670192386989754,28.617506542168492,74.88215547387661,1.9760688471027217,0.0017961937287722662,6.015606296823279,0.26445958032501715,0.08263855770211889,3.693705882352941,2.5720391452481364,9.596380946411811,3.5566491634139354,14.997487702134553,0.06037040015186803,0.5795416393684407,8618647.058823533,7.79718064846118,2.3960738927370575,0.15355000150065345,858882.6417877342,2.9750000000000143,376197.50367660105,-3073823.4909120523,33.32352941176469,27.363188743637206,4252362.597397499,0.0,556649.7882834377
sensitivity_common,base_heat_1,summer_reported_rain,17,0.3,1.0,5.95,38.45349015677759,28.54966689889251,73.25731749081412,3.600906830165209,0.0034640742686420367,11.763351874134969,0.48116181053717816,0.15047820097809939,3.693705882352941,2.5720391452481364,9.596380946411811,3.6441133753190385,16.185090346908325,0.10881228628976743,1.0339728847549285,8618647.058823533,8.986676738479442,2.3979673379817648,0.20199188763855283,848458.5599911619,5.950000000000029,494880.1247144545,-3033433.4411060163,33.32352941176469,29.012786555575975,4163444.680021897,0.0,685416.9448482854
sensitivity_common,base_heat_1,summer_reported_rain,17,0.5,0.0,0.0,35.40150162362838,27.664712528554123,52.51911270083025,0.0,0.0,0.0,0.0,0.0,6.156176470588235,2.5720391452481364,9.596380946411811,3.4836727155651377,14.134029209399067,0.0,0.0,6156176.470588237,6.304626210470921,1.766977947482396,0.06757426327318221,577659.3430056034,0.0,165556.94501929637,-2539239.336396573,33.32352941176469,26.039695367703672,2940043.429278523,0.0,491275.81070729037
sensitivity_common,base_heat_1,summer_reported_rain,17,0.5,0.5,2.975,35.215786561555845,27.603739908669958,51.07423191068244,1.4448807901478093,0.0012632624456898611,4.171177097640026,0.18571506207253374,0.06097261988416366,6.156176470588235,2.5720391452481364,9.596380946411811,3.5602690874895115,15.030424383115669,0.043613343153387774,1.110729696323351,6156176.470588237,7.830117334830479,2.396073898125261,0.11118760642656998,567611.0737594396,2.9750000000000143,272409.6357450965,-2503915.212769707,33.32352941176469,27.368994528266423,2856974.15118867,0.0,580489.6631622231
sensitivity_common,base_heat_1,summer_reported_rain,17,0.5,1.0,5.95,35.056947710034436,27.55308702457049,49.871956142793,2.647156558037245,0.0024352379440344407,8.239825691530058,0.3445539135939427,0.11162550398363034,6.156176470588235,2.5720391452481364,9.596380946411811,3.6487544334397044,16.22796843921286,0.07913104411126483,1.9877231568828957,6156176.470588237,9.029554831449246,2.3979673386470304,0.14670530738444704,559272.7099198431,5.950000000000029,359428.00309189525,-2474830.2981291334,33.32352941176469,29.0205539847396,2790598.6195255066,0.0,712462.2467379601
sensitivity_common,base_heat_2,summer_zero_recorded_amount,33,0.1,0.0,0.0,54.378201337578666,36.03309366286006,183.91856035268788,0.0,0.0,0.0,0.0,0.0,2.283969696969697,0.3827750429574786,2.295355268625845,0.17868930308259742,1.874110544003781,0.0,0.0,20555727.272727273,0.15655663830129954,0.576734494498953,0.04859596999746574,2573306.909593154,0.0,119060.12649379105,-7152375.112972802,0.0,0.0,10407330.713735463,0.0010668684238842171,-81692.59479991309
sensitivity_common,base_heat_2,summer_zero_recorded_amount,33,0.1,0.5,2.975,53.6629611713096,35.77532977135096,177.78949906249218,6.129061290195697,1.5539903502001664,9.418941360378653,0.715240166269069,0.2577638915091004,2.283969696969697,0.3827750429574786,2.295355268625845,0.31874318293558174,2.636627847458098,0.20183255844494685,0.0,20555727.272727273,2.7339428786893913,2.392670299856606,0.2504285284424126,2535494.883652134,2.9750000000000143,613549.8946839108,-6986278.782074378,0.0,0.054660452890111316,10054064.913935628,0.0,-41367.07627551755
sensitivity_common,base_heat_2,summer_zero_recorded_amount,33,0.1,1.0,5.95,53.03387733400313,35.542904791442595,172.25599337355385,11.662566979134018,1.5604866951503595,18.201231517437463,1.3443240035755368,0.49018887141746,2.283969696969697,0.3827750429574786,2.295355268625845,0.5608737094815864,4.984104101276969,0.3839133348120074,0.0,20555727.272727273,5.084958570708025,2.3962097380565264,0.4325093048094731,2500561.760981052,5.950000000000029,1059647.796783209,-6838244.448216239,0.0,0.25443345795842387,9738130.51918724,0.0,227264.8193676244
sensitivity_common,base_heat_2,summer_zero_recorded_amount,33,0.3,0.0,0.0,48.86465913911609,34.0984384379154,138.55907169051622,0.0,0.0,0.0,0.0,0.0,6.851909090909091,0.3827750429574786,2.295355268625845,0.18217939511554493,1.8832315639926795,0.0,0.0,15987787.878787875,0.16537170129976872,0.5770931611927315,0.03562619128184354,2057855.9453820244,0.0,87284.16864051668,-5964812.140560612,0.0,0.0,7773071.301230286,0.0004022447396788306,-76951.99494691826
sensitivity_common,base_heat_2,summer_zero_recorded_amount,33,0.3,0.5,2.975,48.34445485617521,33.90147796383265,133.89263650248404,4.66643518803219,1.1685703585502978,7.198253582349054,0.5202042829408813,0.1969604740827501,6.851909090909091,0.3827750429574786,2.295355268625845,0.3268838266415564,2.6925054169587046,0.15077998362724404,1.4626261021635085,15987787.878787875,2.789820459920703,2.3926703115873003,0.18640617490908756,2029594.8450165633,2.9750000000000143,456695.1285272645,-5842741.3308100905,0.0,0.054664581486148243,7503547.064648574,0.0,-17725.169121575338
sensitivity_common,base_heat_2,summer_zero_recorded_amount,33,0.3,1.0,5.95,47.872720067125115,33.72209203759081,129.63638349937017,8.922688191146042,1.1694691099001346,14.04964905809996,0.9919390719909784,0.37634640032458416,6.851909090909091,0.3827750429574786,2.295355268625845,0.5746393654673462,5.078603076296295,0.28858256311273583,2.739878787987974,15987787.878787875,5.179457547166292,2.396209739495501,0.32420875439457936,2003029.8929956313,5.950000000000029,794311.4482667195,-5732795.12166951,0.0,0.2544693759292924,7260176.48744188,0.0,261981.75104074975
sensitivity_common,base_heat_2,summer_zero_recorded_amount,33,0.5,0.0,0.0,43.287390048987504,32.142067152489716,93.03906982715718,0.0,0.0,0.0,0.0,0.0,11.419848484848485,0.3827750429574786,2.295355268625845,0.18430245051970484,1.8919452677419921,0.0,0.0,11419848.48484848,0.17404213278441102,0.5774021350429581,0.024480458278150853,1536636.7049386092,0.0,59977.12278146959,-4810539.339926151,0.0,0.0,5108746.599200621,4.9998624788498564e-05,-72943.39131205427
sensitivity_common,base_heat_2,summer_zero_recorded_amount,33,0.5,0.5,2.975,42.92519939067726,31.999162426298405,89.66620049932776,3.372869327829426,0.8197165040813132,5.272309797134,0.3621906583102409,0.1429047261913083,11.419848484848485,0.3827750429574786,2.295355268625845,0.333903606090742,2.7402571112216143,0.10715011412928921,2.756191962366271,11419848.48484848,2.837572165850297,2.3926703232539808,0.13163057240744006,1515474.5796965582,2.9750000000000143,322494.90239822806,-4725357.144228126,0.0,0.05466869860901587,4913460.189576837,0.0,2104.1838483890997
sensitivity_common,base_heat_2,summer_zero_recorded_amount,33,0.5,1.0,5.95,42.5908085640132,31.867659070052945,86.55999650001445,6.479073327142726,0.8188199352318577,10.361805258717922,0.6965814849743006,0.27440808243677206,11.419848484848485,0.3827750429574786,2.295355268625845,0.5865813758988958,5.159878684708261,0.20647504178101855,5.183493651991293,11419848.48484848,5.26073315701313,2.396209740930399,0.23095550005916943,1495377.3452590173,5.950000000000029,565840.9751449651,-4647830.849741485,0.0,0.2545050099863181,4735382.780674133,0.0,290420.41050363216
sensitivity_common,base_heat_2,summer_reported_rain,17,0.1,0.0,0.0,42.41327800584099,29.72841248382192,101.05043147957359,0.0,0.0,0.0,0.0,0.0,1.2312352941176472,2.5720542435151716,9.596468298091695,3.4786914071665302,14.095432730155396,0.0,0.0,11081117.647058824,6.265781330123745,1.766544834451165,0.12167489297475009,1170735.5107332391,0.0,298103.4877881377,-3719964.872541014,33.32352941176469,26.02970808862253,5776636.983405259,0.00027206360760323483,452086.2519037786
sensitivity_common,base_heat_2,summer_reported_rain,17,0.1,0.5,2.975,42.05730884935756,29.6219490478344,98.50188594342535,2.5485455361482314,0.003321443615917019,7.810973721581746,0.35596915648342825,0.10646343598751994,1.2312352941176472,2.5720542435151716,9.596468298091695,3.5525483827867803,14.960473931945794,0.07958493847323439,0.0,11081117.647058824,7.760079483057969,2.3960738492024953,0.20125983144798448,1155042.0497255733,2.9750000000000143,493086.58704756194,-3653796.3030201313,33.32352941176469,27.35669595798726,5631533.445790159,0.0,528387.6696374881
sensitivity_common,base_heat_2,summer_reported_rain,17,0.1,1.0,5.95,41.76308557365203,29.535193778274568,96.42257588019544,4.627855599378144,0.00638903151096315,15.2436171346028,0.6501924321889673,0.1932187055473524,1.2312352941176472,2.5720542435151716,9.596468298091695,3.638855778406877,16.13656661799222,0.14270451062375922,0.0,11081117.647058824,8.938065640487512,2.397967320585816,0.2643794035985093,1141953.1257417498,5.950000000000029,647729.5388163478,-3600361.184067224,33.32352941176469,29.00428283278715,5517849.566276499,0.0,653078.084789295
sensitivity_common,base_heat_2,summer_reported_rain,17,0.3,0.0,0.0,38.91867860836696,28.710616996366895,76.9925340674504,0.0,0.0,0.0,0.0,0.0,3.693705882352941,2.5720542435151716,9.596468298091695,3.481481534142518,14.115643108200205,0.0,0.0,8618647.058823533,6.285944392602062,1.766769582492277,0.0935040562098196,900535.8429617616,0.0,229084.937714058,-3127773.6853193385,33.32352941176469,26.034653672325557,4376575.934921898,0.0,470667.3378631706
sensitivity_common,base_heat_2,summer_reported_rain,17,0.3,0.5,2.975,38.652686857228105,28.6278857762379,75.01978304447142,1.9727510229789786,0.002791802836924262,5.950214095713079,0.2659917511388523,0.0827312201289943,3.693705882352941,2.5720542435151716,9.596468298091695,3.556613587315062,14.997602428262596,0.06040157834397014,0.5757945131692532,8618647.058823533,7.7972079854797505,2.396073855307455,0.15390563455378972,888164.7418768908,2.9750000000000143,377068.80465678487,-3078175.3380171442,33.32352941176469,27.362856447931406,4263971.523541227,0.0,553782.4125975212
sensitivity_common,base_heat_2,summer_reported_rain,17,0.3,1.0,5.95,38.438355123737956,28.559796694621095,73.39347287617313,3.599061191277278,0.005366550724041019,11.680129625394414,0.48032348462899926,0.1508203017457994,3.693705882352941,2.5720542435151716,9.596468298091695,3.644074626031478,16.185207740789398,0.10888550002881656,1.0287944081008655,8618647.058823533,8.986706763955732,2.3979673212568797,0.20238955623863614,877687.8452688066,5.950000000000029,495854.4127846586,-3037718.1208797395,33.32352941176469,29.0124127090542,4174870.383405436,0.0,682386.9170018242
sensitivity_common,base_heat_2,summer_reported_rain,17,0.5,0.0,0.0,35.39958081936534,27.682172112041563,52.811621595539584,0.0,0.0,0.0,0.0,0.0,6.156176470588235,2.5720542435151716,9.596468298091695,3.483633595467258,14.134063346085654,0.0,0.0,6156176.470588237,6.3045573067382294,1.7669622587429963,0.06804235271386543,627478.290788666,0.0,166703.76414897034,-2547672.438606444,33.32352941176469,26.0393504003606,2961429.7538548107,0.0,488352.8979049373
sensitivity_common,base_heat_2,summer_reported_rain,17,0.5,0.5,2.975,35.21558868503439,27.620899179417922,51.36087516353382,1.450746432005767,0.002261622519981188,4.190169135488247,0.18399213433095235,0.06127293262363994,6.156176470588235,2.5720542435151716,9.596468298091695,3.5602156027126095,15.030326311252137,0.04375659497040697,1.0977991041424655,6156176.470588237,7.82993187404759,2.3960738608857803,0.1117989476842724,617592.3817260626,2.9750000000000143,273907.4218264674,-2512221.5986194494,33.32352941176469,27.368637230835535,2878094.667844977,0.0,577270.2935261825
sensitivity_common,base_heat_2,summer_reported_rain,17,0.5,1.0,5.95,35.05829877833485,27.569878604033512,50.15417907453166,2.6574425210079244,0.004343027104148689,8.23997302807166,0.34128204103049536,0.1122935080080501,6.156176470588235,2.5720542435151716,9.596468298091695,3.648690892921241,16.227812684006373,0.07940195263279659,1.9704130783702198,6156176.470588237,9.029311707842126,2.397967321926285,0.14744430534666203,609135.9637645045,5.950000000000029,361238.5480993219,-2482970.302910273,33.32352941176469,29.020136749170028,2811355.394832758,0.0,709055.6123725979
sensitivity_common,base_initial_water_1,summer_zero_recorded_amount,33,0.1,0.0,0.0,53.87717709860414,35.871446098970644,180.2127543609636,0.0,0.0,0.0,0.0,0.0,2.283969696969697,1.1072656672834214,11.48050672198099,0.8244655503510478,9.164682201221211,0.0,0.0,20555727.272727273,0.11624006547830389,2.400000000000009,0.19862463769418237,2528159.773481314,0.0,486630.3623507468,-7051435.874017849,0.0,0.0,10188171.841347331,0.03206458624011142,-351163.8585727578
sensitivity_common,base_initial_water_1,summer_zero_recorded_amount,33,0.1,0.5,2.975,53.15789689818668,35.61108359611403,174.01600046775175,6.196753893211871,1.0713072180164716,10.033509683576085,0.7192802004174618,0.260362502856622,2.283969696969697,1.1072656672834214,11.48050672198099,1.122673763546224,11.568828773933777,0.20757624926985552,0.0,20555727.272727273,2.4883653186949233,2.400000000000009,0.4062008869640379,2487979.7978018955,2.9750000000000143,995192.173061893,-6884921.280380883,0.0,0.06506896482768443,9832532.664596887,4.326674941230292e-05,-72890.80761081506
sensitivity_common,base_initial_water_1,summer_zero_recorded_amount,33,0.1,1.0,5.95,52.64008143156644,35.41645850351043,169.383528215757,10.82922614520662,1.0764168426867968,18.233567836985003,1.2370956670377,0.4549875954602158,2.283969696969697,1.1072656672834214,11.48050672198099,1.332282026742576,13.602936505843875,0.3583199528765575,0.0,20555727.272727273,4.522452564630673,2.400000000000009,0.5569445905707399,2458967.2589727757,5.950000000000029,1364514.2468983126,-6761404.54771715,0.0,0.6456092661129597,9569444.532274676,2.278077347476297e-05,160293.69200747888
sensitivity_common,base_initial_water_1,summer_zero_recorded_amount,33,0.3,0.0,0.0,48.49380863362164,33.97319657873021,135.72844987666463,0.0,0.0,0.0,0.0,0.0,6.851909090909091,1.1072656672834214,11.48050672198099,0.8508064231010719,9.187406909318414,0.0,0.0,15987787.878787875,0.13063893779815705,2.400000000000009,0.14955905684694826,2018778.4819038506,0.0,366419.6892750233,-5889952.534357299,0.0,0.0,7604459.615984976,0.02373875046275773,-331187.54971063504
sensitivity_common,base_initial_water_1,summer_zero_recorded_amount,33,0.3,0.5,2.975,47.96815469433033,33.77396284778933,131.00045883684402,4.727991039820627,0.8084429122192773,7.7150365180245615,0.5256539392913134,0.19923373094088742,6.851909090909091,1.1072656672834214,11.48050672198099,1.1359586736560965,11.656767259948143,0.15541430518293542,1.468762853391242,15987787.878787875,2.5763038046696884,2.400000000000009,0.3049733620298837,1989219.9068252575,2.9750000000000143,747184.736973215,-5767277.646722741,0.0,0.06507309363763708,7332619.017322904,4.3266709847036574e-05,-39982.90137135085
sensitivity_common,base_initial_water_1,summer_zero_recorded_amount,33,0.3,1.0,5.95,47.57622584761499,33.62300390453223,127.41640735007041,8.312042526594212,0.8083752109868243,14.14924583942934,0.9175827860066474,0.35019267419798106,6.851909090909091,1.1072656672834214,11.48050672198099,1.3501132848139845,13.7219643933506,0.27024013348719816,2.51718361861241,15987787.878787875,4.641480452132602,2.400000000000009,0.4197991903341464,1966921.5548212077,5.950000000000029,1028508.0163186587,-5675016.330998867,0.0,0.6458955207714138,7128887.708576905,2.2780768674548135e-05,202421.76539861562
sensitivity_common,base_initial_water_1,summer_zero_recorded_amount,33,0.5,0.0,0.0,43.02759197357894,32.04839543066797,90.96571024713997,0.0,0.0,0.0,0.0,0.0,11.419848484848485,1.1072656672834214,11.48050672198099,0.8685224829752383,9.212064720889865,0.0,0.0,11419848.48484848,0.1495787858857824,2.400000000000009,0.10718518540135584,1502237.3987702706,0.0,262603.70423332177,-4756939.179980826,0.0,0.0,4983720.223585855,0.01802078697895534,-314089.91531968216
sensitivity_common,base_initial_water_1,summer_zero_recorded_amount,33,0.5,0.5,2.975,42.65808321614468,31.90352631751586,87.54024008834514,3.4254701587948295,0.5685641231041103,5.667249334912725,0.3695087574342544,0.14486911315211548,11.419848484848485,1.1072656672834214,11.48050672198099,1.1474786540463067,11.732170061022094,0.11086127778414805,2.771283734417043,11419848.48484848,2.6517066057041827,2.400000000000009,0.2180464631855039,1480588.472870739,2.9750000000000143,534213.8348044846,-4671096.157992309,0.0,0.06507721101784117,4786263.5751660075,4.326667037609508e-05,-13012.202470346248
sensitivity_common,base_initial_water_1,summer_zero_recorded_amount,33,0.5,1.0,5.95,42.37962407278733,31.79238632567043,84.91616185042886,6.049548396711094,0.5670466255893274,10.41718127582864,0.6479679007916133,0.2560091049975425,11.419848484848485,1.1072656672834214,11.48050672198099,1.365649837994781,13.824598377540283,0.19416174435359781,4.779677748495527,11419848.48484848,4.7441144363174965,2.400000000000009,0.30134692975495364,1463547.4258149837,5.950000000000029,738299.9778996365,-4605721.019856346,0.0,0.6461772439801192,4636486.265669698,2.2780763883788288e-05,236736.05493887095
sensitivity_common,base_initial_water_1,summer_reported_rain,17,0.1,0.0,0.0,42.16243354552653,29.658606654953527,99.4042755565525,0.0,0.0,0.0,0.0,0.0,1.2312352941176472,3.065650197826198,18.465631067813145,3.8756220471470018,21.479810934588755,0.0,0.0,11081117.647058824,5.423320944846091,2.400000000000009,0.1868889462803729,1146501.3305171365,0.0,457877.9183869137,-3678035.6660587187,33.32352941176469,26.912488749391958,5680178.743710308,0.009141078074442905,270891.53410683246
sensitivity_common,base_initial_water_1,summer_reported_rain,17,0.1,0.5,2.975,41.814072292239,29.553733488864747,96.89117395470123,2.5131016018512744,0.003349929249907291,8.051708950265265,0.3483612532875372,0.10487316608877961,1.2312352941176472,3.065650197826198,18.465631067813145,3.980888103611029,22.839438631668575,0.0788044993450502,0.0,11081117.647058824,6.773828268493213,2.400000000000009,0.2656934456254231,1130920.8069309767,2.9750000000000143,650948.9417822865,-3613236.822113227,33.32352941176469,28.343790496505296,5538460.138872689,2.0704643903772065e-05,415432.02870562323
sensitivity_common,base_initial_water_1,summer_reported_rain,17,0.1,1.0,5.95,41.575548679599464,29.483723595358903,95.21430010189115,4.1899754546613375,0.006443403275945059,14.743958625826991,0.5868848659270663,0.17488305959462358,1.2312352941176472,3.065650197826198,18.465631067813145,4.049639719923689,23.781747290831923,0.12777896792332938,0.0,11081117.647058824,7.716127127503881,2.400000000000009,0.31466791420370227,1120413.227353373,5.950000000000029,770936.3897990705,-3570339.3099598177,33.32352941176469,30.25875575245084,5449658.914476728,1.0904491004320282e-05,513803.72767056373
sensitivity_common,base_initial_water_1,summer_reported_rain,17,0.3,0.0,0.0,38.72945079833482,28.655463801878675,75.70578351010025,0.0,0.0,0.0,0.0,0.0,3.693705882352941,3.065650197826198,18.465631067813145,3.8847195989326764,21.50624769962887,0.0,0.0,8618647.058823533,5.446923928685782,2.400000000000009,0.14369073477056712,878631.8356697226,0.0,352042.3001878894,-3095962.3405576786,33.32352941176469,26.920152644076115,4300709.674026264,0.006307296874149751,295180.4650887941
sensitivity_common,base_initial_water_1,summer_reported_rain,17,0.3,0.5,2.975,38.46852703473075,28.57378504950166,73.75512964623053,1.9506538638697302,0.0028207561817552573,6.144351019211911,0.26092376360407243,0.08167875237701405,3.693705882352941,3.065650197826198,18.465631067813145,3.9862835118674136,22.88759465046913,0.05994830494887043,0.5624477379815433,8618647.058823533,6.821984287272624,2.400000000000009,0.20363903971943756,866554.6288523191,2.9750000000000143,498915.647312622,-3047235.539313355,33.32352941176469,28.352293475354266,4190437.0352581283,2.0704622692548932e-05,444791.5249233018
sensitivity_common,base_initial_water_1,summer_reported_rain,17,0.3,1.0,5.95,38.294409185119605,28.5184920217372,72.43405601171999,3.2717274983802542,0.005421829294149916,11.331518970552793,0.4350416132152149,0.1369717801414773,3.693705882352941,3.065650197826198,18.465631067813145,4.055950842435986,23.83884682911263,0.09786081437879755,0.9182479562810824,8618647.058823533,7.773226665782282,2.400000000000009,0.24155154914936466,858032.705334505,5.950000000000029,591801.2954159435,-3014525.5665047606,33.32352941176469,30.26846145671218,4120344.685146231,1.090448873032248e-05,546507.6835873958
sensitivity_common,base_initial_water_1,summer_reported_rain,17,0.5,0.0,0.0,35.265373127503494,27.639917399281416,51.841637581678945,0.0,0.0,0.0,0.0,0.0,6.156176470588235,3.065650197826198,18.465631067813145,3.889259723711255,21.533476755298274,0.0,0.0,6156176.470588237,5.472846893423026,2.400000000000009,0.10498711759379467,607404.3159200917,0.0,257218.43810479692,-2524242.7073723883,33.32352941176469,26.927087080804977,2903569.805443303,0.005001205942069833,317861.0860229625
sensitivity_common,base_initial_water_1,summer_reported_rain,17,0.5,0.5,2.975,35.08191670684898,27.579225140002762,50.405812702070904,1.435824879608043,0.00229103381383311,4.282304636467586,0.18345642065451237,0.0606922592786513,6.156176470588235,3.065650197826198,18.465631067813145,3.9910615849118054,22.929883051543605,0.043619119849794746,1.0772767222432307,6156176.470588237,6.8642726883258645,2.400000000000009,0.14860623744358942,597921.6321954211,2.9750000000000143,364085.2817367941,-2489279.328236394,33.32352941176469,28.360259803511298,2821656.8117338694,2.0704601511629097e-05,471547.6468283955
sensitivity_common,base_initial_water_1,summer_reported_rain,17,0.5,1.0,5.95,34.9528652773006,27.537517421864877,49.42017745093352,2.4214601307454195,0.004399193598395357,7.958120350483952,0.3125078502028959,0.10239997741653915,6.156176470588235,3.065650197826198,18.465631067813145,4.061546031974729,23.888985751029292,0.07175235182999937,1.7685153239159193,6156176.470588237,7.82336558769668,2.400000000000009,0.17673946942379404,590952.8093450344,5.950000000000029,433011.70008829545,-2465454.941507844,33.32352941176469,30.277539424982344,2768737.837965036,1.0904486457916002e-05,576089.3901191299
sensitivity_common,base_k_1,summer_zero_recorded_amount,33,0.1,0.0,0.0,57.54293810769363,36.729788060683134,204.74768340827723,0.0,0.0,0.0,0.0,0.0,2.283969696969697,0.38224710775011006,2.28952649922204,0.17650482041651946,1.8647136802900612,0.0,0.0,20555727.272727273,0.151775418537348,0.5750917910410178,0.055463315224020364,973708.0182702248,0.0,135885.12229884986,-7639905.005634363,0.0,0.0,11457503.892531237,0.0014964464277780723,-82835.13771534487
sensitivity_common,base_k_1,summer_zero_recorded_amount,33,0.1,0.5,2.975,56.59224345951898,36.409386807928435,197.05680560932024,7.690877798956973,1.916825659079592,11.691310173929566,0.9506946481746424,0.32040125275469666,2.283969696969697,0.38224710775011006,2.28952649922204,0.3139738737409762,2.5990481689456906,0.2309766013013402,0.0,20555727.272727273,2.7021918128906766,2.3926701431665034,0.2864399165253606,975406.0729506437,2.9750000000000143,701777.7954871334,-7428641.102279042,0.0,0.054641504593114176,11018557.304298656,0.0,-53166.774908397994
sensitivity_common,base_k_1,summer_zero_recorded_amount,33,0.1,1.0,5.95,55.769914405245274,36.12463967557001,190.23368196347397,14.514001444803275,1.9241161638925064,22.453219480368517,1.7730237024483546,0.6051483851131213,2.283969696969697,0.38224710775011006,2.28952649922204,0.5534679864917668,4.926831906278062,0.4356985884139187,0.0,20555727.272727273,5.033515047025612,2.396209639969218,0.49116190363793905,974243.1722478668,5.950000000000029,1203346.6639129505,-7243300.831564417,0.0,0.2541021705948208,10631340.436277745,0.0,208698.6530233353
sensitivity_common,base_k_1,summer_zero_recorded_amount,33,0.3,0.0,0.0,51.423997188324805,34.64702226052043,155.69248081508576,0.0,0.0,0.0,0.0,0.0,6.851909090909091,0.38224710775011006,2.28952649922204,0.18066798209447232,1.875318522839187,0.0,0.0,15987787.878787875,0.16194774239193083,0.5755189536223642,0.04026814841559309,826988.6967522406,0.0,98656.9636182031,-6329728.929011568,0.0,0.0,8608959.000008423,0.000636765151886259,-77765.72800901116
sensitivity_common,base_k_1,summer_zero_recorded_amount,33,0.3,0.5,2.975,50.73582242060742,34.4040099273607,149.85958279070158,5.832898024384199,1.4517067962444514,8.947447803687652,0.6881747677173786,0.24301233315973172,6.851909090909091,0.38224710775011006,2.28952649922204,0.3235324366104806,2.6653723592212013,0.17028469189042061,1.8579797745727744,15987787.878787875,2.768516014289412,2.392670154289713,0.2105528403060137,828310.0819077746,2.9750000000000143,515854.4587497335,-6176497.7143541025,0.0,0.05464581654422299,8276531.980025913,0.0,-26972.916502703898
sensitivity_common,base_k_1,summer_zero_recorded_amount,33,0.3,1.0,5.95,50.126949099106376,34.185458727013206,144.62513622715693,11.067344587928861,1.4525952073837232,17.308088220494028,1.2970480892184255,0.46156353350722606,6.851909090909091,0.38224710775011006,2.28952649922204,0.5695117409506825,5.038079972816002,0.3235647880535868,3.4466568568744136,15987787.878787875,5.144763114845921,2.3962096412515748,0.36383293646917986,827211.9717645436,5.950000000000029,891390.6943494908,-6040299.790104025,0.0,0.2541393154843582,7979893.474443314,0.0,248528.0547939884
sensitivity_common,base_k_1,summer_zero_recorded_amount,33,0.5,0.0,0.0,45.210530378841916,32.53518068970244,106.19183048043746,0.0,0.0,0.0,0.0,0.0,11.419848484848485,0.38224710775011006,2.28952649922204,0.18351049138679043,1.8850517807661569,0.0,0.0,11419848.48484848,0.17152968866434437,0.5758826999240069,0.027328634894665693,678220.7563958514,0.0,66955.15549193094,-5059216.115014448,0.0,0.0,5719928.225019949,0.00012170719569160634,-73651.40006845667
sensitivity_common,base_k_1,summer_zero_recorded_amount,33,0.5,0.5,2.975,44.75056845742182,32.36074815739647,102.01066792165972,4.181162558777749,1.0168150230257993,6.533441412161338,0.45996192142009446,0.17443253230596992,11.419848484848485,0.38224710775011006,2.28952649922204,0.33168764213723245,2.7214993996220205,0.11893764936690862,3.5097152401792213,11419848.48484848,2.8246430654634764,2.392670165062949,0.14626628426157431,677976.1230989395,2.9750000000000143,358352.3964408571,-4954063.482319614,0.0,0.05465011588784358,5481561.503412479,0.0,-5803.822151938615
sensitivity_common,base_k_1,summer_zero_recorded_amount,33,0.5,1.0,5.95,44.32845146427259,32.20198872038766,98.21745547456771,7.974375005869762,1.0157657424017117,12.681265799244159,0.882078914569332,0.33319196931478257,11.419848484848485,0.38224710775011006,2.28952649922204,0.5833046016693452,5.1329755285377034,0.22777931092616457,6.539626438933513,11419848.48484848,5.239658671838214,2.396209642522229,0.2551079458208303,676060.4664350913,5.950000000000029,625014.4672610342,-4859413.6315403795,0.0,0.25417588842175093,5266413.366326034,0.0,280227.4300198737
sensitivity_common,base_k_1,summer_reported_rain,17,0.1,0.0,0.0,44.33037110251422,30.0335713227943,110.18668030035259,0.0,0.0,0.0,0.0,0.0,1.2312352941176472,2.571484829974272,9.590047207669523,3.4768346076188292,14.081289468603428,0.0,0.0,11081117.647058824,6.2577653784173455,1.7658358502764013,0.13165138321657874,500710.814965121,0.0,322545.88888061786,-3926212.7456918536,33.32352941176469,26.029450139692017,6215712.259075794,0.0006872672057156615,456462.28304356174
sensitivity_common,base_k_1,summer_reported_rain,17,0.1,0.5,2.975,43.855289835322615,29.90256169470658,107.04630952479985,3.140370775552742,-0.0020397042851953984,10.032684591440756,0.47508126719160054,0.13100962808772215,1.2312352941176472,2.571484829974272,9.590047207669523,3.5506405976438806,14.935827299858314,0.08998873348394419,0.0,11081117.647058824,7.741853924134017,2.396073831943844,0.22164011670052292,500770.8240900168,2.9750000000000143,543018.2859162812,-3842932.934092503,33.32352941176469,27.35587960326067,6038327.257760067,0.0,529851.2490323945
sensitivity_common,base_k_1,summer_reported_rain,17,0.1,1.0,5.95,43.47199533672676,29.796951286273707,104.5190131187577,5.6676671815948945,-0.003854749589720541,19.33432303502576,0.8583757657874542,0.2366200365205967,1.2312352941176472,2.571484829974272,9.590047207669523,3.636451623336901,16.10619875338094,0.16046326642168807,0.0,11081117.647058824,8.914118845840562,2.397967300127934,0.29211464963826683,499911.98446462466,5.950000000000029,715680.8916137536,-3776439.324347866,33.32352941176469,29.00232912292342,5900653.240068212,0.0,653567.2576988046
sensitivity_common,base_k_1,summer_reported_rain,17,0.3,0.0,0.0,40.45616235607384,28.935205875062053,84.22039339785007,0.0,0.0,0.0,0.0,0.0,3.693705882352941,2.571484829974272,9.590047207669523,3.4807351545411005,14.103761726243155,0.0,0.0,8618647.058823533,6.279830236040764,1.76609765524195,0.09964281463897397,423226.1469749632,0.0,244124.89586548624,-3274971.1376022333,33.32352941176469,26.034824098742103,4705385.156387923,1.806222388370932e-05,475810.4460299924
sensitivity_common,base_k_1,summer_reported_rain,17,0.3,0.5,2.975,40.1020360751358,28.83437831995655,81.80295892004868,2.417434477801395,-0.0024028789612629,7.5170079708833555,0.3541262809380428,0.10082755510550398,3.693705882352941,2.571484829974272,9.590047207669523,3.555278463239159,14.979053310021456,0.06734955033431969,0.7229362977513477,8618647.058823533,7.785079939660305,2.396073837306983,0.16699236497329367,422855.1472265027,2.9750000000000143,409131.2941845695,-3213479.3593539875,33.32352941176469,27.362663473866345,4568995.410551045,0.0,556830.7267012986
sensitivity_common,base_k_1,summer_reported_rain,17,0.3,1.0,5.95,39.815798450934835,28.75219417178534,79.8377022901226,4.382691107727464,-0.004555304290633444,14.590715565376684,0.6403639051390032,0.18301170327671473,3.693705882352941,2.571484829974272,9.590047207669523,3.642418608638538,16.1628706358703,0.12083325966695344,1.28497607386743,8618647.058823533,8.970790728987224,2.3979673007852624,0.22047607430592742,421782.5484005612,5.950000000000029,540166.3820495222,-3163810.832582122,33.32352941176469,29.011328829807457,4462004.256114736,0.0,685296.3369833536
sensitivity_common,base_k_1,summer_reported_rain,17,0.5,0.0,0.0,36.53191497346632,27.822533592920223,58.019903377991035,0.0,0.0,0.0,0.0,0.0,6.156176470588235,2.571484829974272,9.590047207669523,3.4831459292415667,14.12475083682019,0.0,0.0,6156176.470588237,6.301022639487171,1.7663190103352715,0.07095134547049353,344709.5043487451,0.0,173830.79640270915,-2637956.7266359297,33.32352941176469,26.039894327539827,3174803.500310461,0.0,494008.045675985
sensitivity_common,base_k_1,summer_reported_rain,17,0.5,0.5,2.975,36.29340089313629,27.748912382176197,56.26509091552825,1.7548124624627828,-0.005027608374206238,5.320361321267967,0.23851408033002658,0.07362121074402615,6.156176470588235,2.571484829974272,9.590047207669523,3.5593456506719594,15.016790714341104,0.04792171366651994,1.3855583130899571,6156176.470588237,7.822817349316699,2.3960738426437236,0.11887305913701347,343489.4567293303,2.9750000000000143,291238.99488568294,-2594862.717192314,33.32352941176469,27.368978182613446,3075206.305777566,0.0,581321.3591621475
sensitivity_common,base_k_1,summer_reported_rain,17,0.5,1.0,5.95,36.091395377554484,27.68815751481405,54.82702425619683,3.1928791217941996,-0.009108537332181754,10.38641061221304,0.44051959591183437,0.13437607810617075,6.156176470588235,2.571484829974272,9.590047207669523,3.647646736865448,16.212117280512317,0.08659671398338355,2.4747880598006966,6156176.470588237,9.020037374284945,2.3979673014409486,0.15754805945387707,341925.60625029536,5.950000000000029,385992.7456619988,-2559622.436017018,33.32352941176469,29.019782071134866,2996120.502295636,0.0,713610.2408452742
sensitivity_common,base_k_2,summer_zero_recorded_amount,33,0.1,0.0,0.0,52.155428990318065,35.34994726082482,167.11517406932447,0.0,0.0,0.0,0.0,0.0,2.283969696969697,0.38320260741461193,2.2994486318596628,0.18023071392679896,1.8807088963711038,0.0,0.0,20555727.272727273,0.15996928022666757,0.577909399177488,0.043802229798364255,4116229.521035603,0.0,107315.46300599241,-6717884.257218278,0.0,0.0,9463689.687553985,0.0007996165372174159,-80288.7436654337
sensitivity_common,base_k_2,summer_zero_recorded_amount,33,0.1,0.5,2.975,51.57851143446367,35.13759605689448,162.0480617221878,5.0671123471366855,1.3310801474746086,7.678357067794849,0.5769175558543896,0.21235120393034485,2.283969696969697,0.38320260741461193,2.2994486318596628,0.32225309282712983,2.66334408406999,0.18090386461158078,0.0,20555727.272727273,2.756565943625436,2.392670491414578,0.22470609440994502,4043095.587605783,2.9750000000000143,550529.9313043654,-6582335.271179474,0.0,0.05467747655211995,9169900.592035724,0.0,-30876.852093807447
sensitivity_common,base_k_2,summer_zero_recorded_amount,33,0.1,1.0,5.95,51.04676073676768,34.94561792533975,157.43534161105333,9.679832458271136,1.3343369283104778,14.929326685130576,1.1086682535503816,0.4043293354850701,2.283969696969697,0.38320260741461193,2.2994486318596628,0.5664520336755825,5.025498375359393,0.3459574600489403,0.0,20555727.272727273,5.122259577378964,2.3962098338788573,0.3897596898473046,3981452.5182407396,5.950000000000029,954911.2401258962,-6461043.151152357,0.0,0.25473130651279097,8906263.90956728,0.0,242215.63213165803
sensitivity_common,base_k_2,summer_zero_recorded_amount,33,0.3,0.0,0.0,47.05479186160866,33.54933070410776,124.77309569608714,0.0,0.0,0.0,0.0,0.0,6.851909090909091,0.38320260741461193,2.2994486318596628,0.1831572150796451,1.8889422185784543,0.0,0.0,15987787.878787875,0.16798054580215804,0.5782227453237554,0.032329060291898734,3198441.180327108,0.0,79206.1977151519,-5628848.494692266,0.0,0.0,7010496.261796894,0.0002642137590901089,-75946.98317839956
sensitivity_common,base_k_2,summer_zero_recorded_amount,33,0.3,0.5,2.975,46.62480704277931,33.3864600992812,120.90323110210849,3.8698645939786656,0.9988237546678107,5.981198120187059,0.42998481882935485,0.16287060482654672,6.851909090909091,0.38320260741461193,2.2994486318596628,0.3294240528953173,2.7122968779736936,0.13624931329759424,1.1972477531580188,15987787.878787875,2.8055187491124767,2.3926705029978983,0.16857837358949299,3143216.4926433065,2.9750000000000143,413017.0152942578,-5528523.58095781,0.0,0.054681431817343064,6785409.632719142,0.0,-9797.865344690548
sensitivity_common,base_k_2,summer_zero_recorded_amount,33,0.3,1.0,5.95,46.224177275808586,33.23787625453819,117.3395661714593,7.433529524627846,0.9979424226274887,11.697465376560984,0.8306145858000789,0.3114544495695651,6.851909090909091,0.38320260741461193,2.2994486318596628,0.5786291502016725,5.108710943188999,0.262006698256709,2.2463029336432916,15987787.878787875,5.205472146639179,2.3962098353095076,0.2943357585486078,3096144.2499103667,5.950000000000029,721122.6084440891,-5437953.1507793,0.0,0.2547655520251848,6581688.883687254,0.0,272751.10754502995
sensitivity_common,base_k_2,summer_zero_recorded_amount,33,0.5,0.0,0.0,41.89530924841392,31.731542037693757,82.40280465034853,0.0,0.0,0.0,0.0,0.0,11.419848484848485,0.38320260741461193,2.2994486318596628,0.1848709009210027,1.8968842160614148,0.0,0.0,11419848.48484848,0.1759470658032961,0.5784948948073254,0.022401227484015043,2271877.4747418277,0.0,54883.00733583685,-4569015.323255965,0.0,0.0,4533538.865857242,1.6586793701848162e-05,-72203.86160077981
sensitivity_common,base_k_2,summer_zero_recorded_amount,33,0.5,0.5,2.975,41.59294547480843,31.612785362263065,79.59257418810641,2.810230462242112,0.6997484203479303,4.431056094907987,0.30236377360549294,0.11875667543069321,11.419848484848485,0.38320260741461193,2.2994486318596628,0.3356499587485416,2.7544438788788526,0.09780028303942859,2.2568818848945713,11419848.48484848,2.847665761538687,2.3926705145189486,0.12020151052344363,2231131.4471010757,2.9750000000000143,294493.7007824369,-4498428.265805474,0.0,0.05468537660395695,4369587.031537388,0.0,8189.759945787052
sensitivity_common,base_k_2,summer_zero_recorded_amount,33,0.5,1.0,5.95,41.30867968020349,31.503353395479984,76.99014854516676,5.412656105181765,0.6981938643477292,8.584607744040994,0.5866295682104323,0.2281886422137774,11.419848484848485,0.38320260741461193,2.2994486318596628,0.5892547920769095,5.180741087814726,0.18924473950317305,4.267176353089375,11419848.48484848,5.277502292691515,2.396209836736133,0.21164596698718807,2195872.5972460583,5.950000000000029,518532.6191186108,-4434100.428438219,0.0,0.2547995556590257,4219806.455870918,0.0,298142.9311926711
sensitivity_common,base_k_2,summer_reported_rain,17,0.1,0.0,0.0,40.99327942397009,29.43106147962883,93.50484192526278,0.0,0.0,0.0,0.0,0.0,1.2312352941176472,2.572457242516437,9.600874621762484,3.4798529979345263,14.105677628502175,0.0,0.0,11081117.647058824,6.271972132881352,1.7670857865371792,0.11392409531679182,1786903.4344087825,0.0,279114.0335261399,-3535898.799800091,33.32352941176469,26.030320767751736,5364664.720143666,8.333960318876476e-05,453349.0293252228
sensitivity_common,base_k_2,summer_reported_rain,17,0.1,0.5,2.975,40.708206727515915,29.34257594159589,91.38144139994822,2.1234005253145685,0.007850080279617089,6.406179475428701,0.2850726964541694,0.08848553803294248,1.2312352941176472,2.572457242516437,9.600874621762484,3.5541152876640525,14.97810095250831,0.07193277660011865,0.0,11081117.647058824,7.773300302610314,2.396073971863063,0.18585687191691047,1756951.3321872954,2.9750000000000143,455349.33619643067,-3481430.5489738295,33.32352941176469,27.357714192090004,5242905.082549267,0.0,531945.5654923506
sensitivity_common,base_k_2,summer_reported_rain,17,0.1,1.0,5.95,40.47776570261383,29.27034241842495,89.64478120806343,3.860060717199346,0.015065632016231234,12.530501575261042,0.5155137213562554,0.160719061203882,1.2312352941176472,2.572457242516437,9.600874621762484,3.640825422243792,16.158396153660718,0.12945362679803116,0.0,11081117.647058824,8.955488917770758,2.39796738587135,0.24337772211482295,1733820.0693915489,5.950000000000029,596275.4191813162,-3437342.8768892996,33.32352941176469,29.00629459215193,5147483.232103274,0.0,657551.2930477171
sensitivity_common,base_k_2,summer_reported_rain,17,0.3,0.0,0.0,37.78035469754664,28.482711240540887,71.03408498060772,0.0,0.0,0.0,0.0,0.0,3.693705882352941,2.572457242516437,9.600874621762484,3.482119621712352,14.124061482610273,0.0,0.0,8618647.058823533,6.290472233629718,1.7672853727806705,0.08850252508410607,1303296.9376966038,0.0,216831.18645605986,-2990538.3932948387,33.32352941176469,26.034892273855043,4057785.666810151,0.0,470546.3091414977
sensitivity_common,base_k_2,summer_reported_rain,17,0.3,0.5,2.975,37.57128492062997,28.413593044367893,69.37922904722947,1.654855933378251,0.00736961509215206,4.937932108642883,0.2090697769166722,0.06911819617299575,3.693705882352941,2.572457242516437,9.600874621762484,3.5577445820861824,15.01111765692528,0.05505289860107101,0.4685445919363172,8618647.058823533,7.8063170130148265,2.3960739778506532,0.14355542368517707,1279804.1327162154,2.9750000000000143,351710.7880286838,-2949371.690178204,33.32352941176469,27.363369635495086,3962809.4883542587,0.0,555268.681710087
sensitivity_common,base_k_2,summer_reported_rain,17,0.3,1.0,5.95,37.39373164436049,28.356630115835653,68.01231245052524,3.021772530082475,0.014137252191460448,9.713468628296852,0.3866230531861471,0.12608112470523486,3.693705882352941,2.572457242516437,9.600874621762484,3.6454801111698174,16.201594808863966,0.09956988590632554,0.8382881871168718,8618647.058823533,8.998687573643705,2.397967386541076,0.1880724109904316,1261398.0274494141,5.950000000000029,460777.40692655736,-2915743.5592555813,33.32352941176469,29.01374655847735,3887653.477583532,0.0,684263.5689802347
sensitivity_common,base_k_2,summer_reported_rain,17,0.5,0.0,0.0,34.5442876593714,27.52595855732821,48.497283525627324,0.0,0.0,0.0,0.0,0.0,6.156176470588235,2.572457242516437,9.600874621762484,3.484066940505194,14.140701102610043,0.0,0.0,6156176.470588237,6.307284624205469,1.76745814335665,0.06538964618715118,815334.3367519947,0.0,160204.63315852042,-2455866.14361027,33.32352941176469,26.0392454433834,2738972.1219626646,0.0,487004.8781867967
sensitivity_common,base_k_2,summer_reported_rain,17,0.5,0.5,2.975,34.39205220668011,27.474400936755416,47.274278955051656,1.2230045705756756,0.006888494267034417,3.4690457007684756,0.15223545269128783,0.051557620572791805,6.156176470588235,2.572457242516437,9.600874621762484,3.5609823676594696,15.040429928141613,0.04028837201566494,0.900395954738894,6156176.470588237,7.8356292897104725,2.3960739833299707,0.10567801820281612,797143.2924145795,2.9750000000000143,258911.14459689948,-2426141.028355341,33.32352941176469,27.36869697870851,2668196.3680941407,0.0,577033.8753214523
sensitivity_common,base_k_2,summer_reported_rain,17,0.5,1.0,5.95,34.261195015706335,27.431401211310888,46.254281806247505,2.2430017193798224,0.013207604097154046,6.872219037509026,0.28309264366506826,0.09455734601731666,6.156176470588235,2.572457242516437,9.600874621762484,3.6496229016224313,16.23966842314791,0.073338348884153,1.6170589978195244,6156176.470588237,9.036761188595754,2.3979673872091616,0.13872799507130418,782611.8342225903,5.950000000000029,339883.5879246952,-2401581.9066398176,33.32352941176469,29.020874568991808,2611485.3833138207,0.0,708807.0709913722
sensitivity_common,baseline,summer_zero_recorded_amount,33,0.1,0.0,0.0,54.42746529113331,36.03984781319906,184.23936685697998,0.0,0.0,0.0,0.0,0.0,2.283969696969697,0.38277116080265877,2.2952515971635457,0.17863913307490095,1.8739546834347558,0.0,0.0,20555727.272727273,0.15647499683176466,0.5766964412885565,0.048732500167464554,2601285.9649262666,0.0,119394.62541028815,-7158099.332039434,0.0,0.0,10421935.872672208,0.0010754692714701562,-81885.77920749245
sensitivity_common,baseline,summer_zero_recorded_amount,33,0.1,0.5,2.975,53.71226482595137,35.78152069238986,178.09216546418884,6.147201392791168,1.5631438143497292,9.408860294163588,0.7152004651819357,0.25832712080919795,2.283969696969697,0.38277116080265877,2.2952515971635457,0.31867631340483765,2.636200585030236,0.20208248840258067,0.0,20555727.272727273,2.733619295252716,2.3926703073855013,0.2508149885700452,2562041.51780579,2.9750000000000143,614496.7219966109,-6991522.7352371365,0.0,0.05466056357507823,10067595.647605771,0.0,-41880.70643025024
sensitivity_common,baseline,summer_zero_recorded_amount,33,0.1,1.0,5.95,53.079425281530206,35.548931201070204,172.54345648472176,11.69591037225823,1.5694306818365362,18.201346265187368,1.3480400096031073,0.4909166121288508,2.283969696969697,0.38277116080265877,2.2952515971635457,0.5607825072297544,4.983518417992943,0.3843413146886361,0.0,20555727.272727273,5.084476560115596,2.3962097392858226,0.43307381485610064,2526551.785620183,5.950000000000029,1061030.8463974467,-6843227.172464563,0.0,0.2544382786012395,9751021.6794161,0.0,226707.71554075272
sensitivity_common,baseline,summer_zero_recorded_amount,33,0.3,0.0,0.0,48.89893228134556,34.09836712914394,138.71646082192154,0.0,0.0,0.0,0.0,0.0,6.851909090909091,0.38277116080265877,2.2952515971635457,0.18214760149133946,1.8831064545188994,0.0,0.0,15987787.878787875,0.1653183284750935,0.5770563912700517,0.035712310685387126,2065196.0697030823,0.0,87495.16117919846,-5965959.228589079,0.0,0.0,7778172.640172487,0.0004070798491606217,-77060.47573155444
sensitivity_common,baseline,summer_zero_recorded_amount,33,0.3,0.5,2.975,48.378058897463774,33.9012077251678,134.03998584330674,4.676474978614824,1.1754085233517628,7.217378012274452,0.5208733838817867,0.19715940397614234,6.851909090909091,0.38277116080265877,2.2952515971635457,0.3268504221368923,2.692289057487379,0.15083595658669288,1.470726414176345,15987787.878787875,2.7897077794032015,2.3926703190788174,0.18654826727208002,2036026.5513200932,2.9750000000000143,457043.25481659605,-5843693.698578233,0.0,0.054664691990503646,7508107.281111123,0.0,-17873.506524559507
sensitivity_common,baseline,summer_zero_recorded_amount,33,0.3,1.0,5.95,47.90329828360511,33.721889672845585,129.7724766150759,8.943984206845643,1.1761659140780267,14.074602985939691,0.99563399774045,0.3764774562983511,6.851909090909091,0.38277116080265877,2.2952515971635457,0.5746025840915611,5.078363786412765,0.28866018169406327,2.7519261654125864,15987787.878787875,5.179321929969298,2.396209740719729,0.3243724923794504,2009181.6128858188,5.950000000000029,794712.6063296533,-5733693.997088377,0.0,0.2544741543623834,7264477.546811666,0.0,261831.43037229116
sensitivity_common,baseline,summer_zero_recorded_amount,33,0.5,0.0,0.0,43.30494303070712,32.13493130650669,93.0283307517602,0.0,0.0,0.0,0.0,0.0,11.419848484848485,0.38277116080265877,2.2952515971635457,0.18428810298198184,1.8918429838919855,0.0,0.0,11419848.48484848,0.17400886459592632,0.5773663445566899,0.024525326535027387,1523052.759345712,0.0,60087.05001081708,-4807303.170109884,0.0,0.0,5104017.4326794045,5.1133310275129245e-05,-72970.26601940059
sensitivity_common,baseline,summer_zero_recorded_amount,33,0.5,0.5,2.975,42.941498649379426,31.992121822686034,89.6536724971877,3.3746582545724957,0.8244650246393519,5.2820244608197555,0.3634443813277007,0.14280948382064637,11.419848484848485,0.38277116080265877,2.2952515971635457,0.33389674715008105,2.7402048652973745,0.10705667934377708,2.772543138218675,11419848.48484848,2.837623598842277,2.3926703307079022,0.13158200587880445,1501389.1917380476,2.9750000000000143,322375.9144030709,-4722138.172951375,0.0,0.05466880893151456,4908626.032100125,0.0,2301.472381876173
sensitivity_common,baseline,summer_zero_recorded_amount,33,0.5,1.0,5.95,42.60599872502294,31.8608674298562,86.54496966422556,6.483361087534632,0.8234956756296299,10.345766226836759,0.6989443056841762,0.2740638766504851,11.419848484848485,0.38277116080265877,2.2952515971635457,0.5865880369586177,5.159911413844974,0.2062784966775767,5.212549284723595,11419848.48484848,5.260869558831013,2.396209742149271,0.23080382321260406,1481196.4604166513,5.950000000000029,565469.3668708799,-4644708.822252376,0.0,0.25450974180045544,4730600.287674757,0.0,290643.37549947295
sensitivity_common,baseline,summer_reported_rain,17,0.1,0.0,0.0,42.42668191643369,29.726530335207663,101.05293923332314,0.0,0.0,0.0,0.0,0.0,1.2312352941176472,2.5720470489372587,9.596435136968879,3.478688968646557,14.09531852206514,0.0,0.0,11081117.647058824,6.265714631316288,1.7665521681415512,0.12158522359198838,1166300.9383351177,0.0,297883.79780037154,-3719846.2200465417,33.32352941176469,26.029866715224397,5775453.266097034,0.00027907807719807165,453381.4996171936
sensitivity_common,baseline,summer_reported_rain,17,0.1,0.5,2.975,42.070113433630134,29.61997680390134,98.50069875788395,2.5522404754391737,0.002802312279925445,7.846460406396886,0.35656848280355624,0.10655353130632171,1.2312352941176472,2.5720470489372587,9.596435136968879,3.552554829108931,14.960313702134414,0.07963059516926388,0.0,11081117.647058824,7.759952432859497,2.3960738676925493,0.20121581876125227,1150190.5931441302,2.9750000000000143,492978.755965068,-3653565.675207974,33.32352941176469,27.356853379972417,5630138.125745504,0.0,529639.4701057775
sensitivity_common,baseline,summer_reported_rain,17,0.1,1.0,5.95,41.77446126717741,29.53325105326345,96.42146893879541,4.631470294527723,0.005397052581308515,15.302245909330765,0.6522206492562792,0.19327928194421667,1.2312352941176472,2.5720470489372587,9.596435136968879,3.6388598602224187,16.136369466537335,0.14277429585558798,0.0,11081117.647058824,8.937901658326927,2.39796732875729,0.26435951944757635,1136989.558042903,5.950000000000029,647680.8226465621,-3600090.1237558676,33.32352941176469,29.004455422705206,5516410.181324726,0.0,654396.7393461766
sensitivity_common,baseline,summer_reported_rain,17,0.3,0.0,0.0,38.924840450271134,28.705183986640083,76.91495817063787,0.0,0.0,0.0,0.0,0.0,3.693705882352941,2.5720470489372587,9.596435136968879,3.4814975148401106,14.115583696128375,0.0,0.0,8618647.058823533,6.28592638785197,1.7667778286912108,0.09332942042350056,885296.7357230345,0.0,228657.08003757638,-3125471.697421823,33.32352941176469,26.03482313758645,4370433.844314612,0.0,472056.1473672842
sensitivity_common,baseline,summer_reported_rain,17,0.3,0.5,2.975,38.65970881936651,28.622491533039668,74.94126859245489,1.9736895781829835,0.002271236791408171,5.973829217282201,0.2651316309046288,0.0826924536004142,3.693705882352941,2.5720470489372587,9.596435136968879,3.5566321112255834,14.997568484825692,0.06037854216742661,0.5785508972561902,8618647.058823533,7.797207221470235,2.3960738736120524,0.15370796259092717,872680.6866434377,2.9750000000000143,376584.5083477716,-3075860.6003010464,33.32352941176469,27.36302916541534,4257803.535868173,0.0,555231.860975791
sensitivity_common,baseline,summer_reported_rain,17,0.3,1.0,5.95,38.44428681835405,28.554511264764862,73.31518594143492,3.599772229202959,0.00437180075994803,11.718926659279475,0.4805536319170833,0.1506727218752219,3.693705882352941,2.5720470489372587,9.596435136968879,3.6440950020082385,16.185177334539784,0.10883558825701795,1.0316980653247636,8618647.058823533,8.986709526998421,2.3979673294263373,0.2021650086805185,862169.4469521865,5.950000000000029,495304.2712672703,-3035431.4242260195,33.32352941176469,29.01260692301495,4168775.693511978,0.0,683919.2581447752
sensitivity_common,baseline,summer_reported_rain,17,0.5,0.0,0.0,35.39896162902753,27.673080351361072,52.652309423397625,0.0,0.0,0.0,0.0,0.0,6.156176470588235,2.5720470489372587,9.596435136968879,3.483653886691958,14.134061677517948,0.0,0.0,6156176.470588237,6.304597754252377,1.7669712137020366,0.06779534864776893,601295.6980159923,0.0,166098.6041870339,-2543248.416949805,33.32352941176469,26.03952947110994,2950177.951780988,0.0,489831.6854611463
sensitivity_common,baseline,summer_reported_rain,17,0.5,0.5,2.975,35.214184977913916,27.61195240537177,51.204382277691685,1.4479271457059364,0.0017396063694974373,4.178993857263578,0.18477665111362473,0.06112794598930423,6.156176470588235,2.5720470489372587,9.596435136968879,3.5602434895982604,15.030396018352809,0.04367965323778372,1.1043133297332384,6156176.470588237,7.830034760453541,2.3960738790682314,0.11147500188555266,591297.4003421904,2.9750000000000143,273113.754619604,-2507859.9122590157,33.32352941176469,27.36882320876474,2866970.533239666,0.0,578908.36198793
sensitivity_common,baseline,summer_reported_rain,17,0.5,1.0,5.95,35.05619217707829,27.561104752596776,49.99983383571603,2.6524755876815878,0.003345476241769063,8.240088857643912,0.34276945194925024,0.1119755987642988,6.156176470588235,2.5720470489372587,9.596435136968879,3.6487240750325327,16.227914411115663,0.07925673455771007,1.9789947068461353,6156176.470588237,9.029446604241683,2.3979673300937314,0.147052083205479,582856.4767276627,5.950000000000029,360277.6038534236,-2478687.6398322727,33.32352941176469,29.020353698222436,2800400.83218495,0.0,710788.0509252563
sensitivity_common,beta_1,summer_zero_recorded_amount,33,0.1,0.0,0.0,54.49539999398799,36.06296211134554,184.77323897981555,0.0,0.0,0.0,0.0,0.0,2.283969696969697,0.3857288739033318,2.3195020129362884,0.18591304450851306,1.9093886452941407,0.0,0.0,20555727.272727273,0.17367971612208424,0.5837033751337064,0.026225821902745815,2608281.8304930013,0.0,64253.26366172725,-7172284.54450295,0.0,0.0,10455969.436694387,8.970863001072338e-05,-78569.67587273382
sensitivity_common,beta_1,summer_zero_recorded_amount,33,0.1,0.5,2.975,54.069836714489554,35.903864295427745,180.93957829755462,3.833660682260961,1.007134756731972,5.7913960760612895,0.4255632794984358,0.15909781591779681,2.283969696969697,0.3857288739033318,2.3195020129362884,0.33631153700579325,2.762572395268058,0.10769736160623603,0.0,20555727.272727273,2.835741860361998,2.392671478029681,0.13392318350898186,2598989.6116550444,2.9750000000000143,328111.7995970055,-7068095.327863863,0.0,0.05475229302657594,10237612.318242528,0.0,-19335.52394862334
sensitivity_common,beta_1,summer_zero_recorded_amount,33,0.1,1.0,5.95,53.68487233712485,35.75776223608508,177.39289904057904,7.380339939236504,1.0134330493473271,11.309559926888568,0.8105276568631344,0.3051998752604647,2.283969696969697,0.3857288739033318,2.3195020129362884,0.5892529685961099,5.179799976031104,0.20715761839291907,0.0,20555727.272727273,5.25650823830339,2.3962102752082686,0.23338344029566488,2589964.8486284185,5.950000000000029,571789.4287243789,-6973563.739120324,0.0,0.2565842267082012,10039160.327550814,0.0,264447.2299150742
sensitivity_common,beta_1,summer_zero_recorded_amount,33,0.3,0.0,0.0,48.94869684015804,34.11581867801066,139.1132974773339,0.0,0.0,0.0,0.0,0.0,6.851909090909091,0.3857288739033318,2.3195020129362884,0.18698730307462677,1.9154069474312267,0.0,0.0,15987787.878787875,0.17981014872820394,0.583905214232756,0.018931422100502082,2070643.8358312114,0.0,46381.9841462301,-5976250.551863767,0.0,0.0,7803742.003941286,0.0,-75075.89929464724
sensitivity_common,beta_1,summer_zero_recorded_amount,33,0.3,0.5,2.975,48.64201938127717,33.99461282911891,136.18882903502026,2.9244684423136253,0.7551019192031276,4.420730879849913,0.3066774588808655,0.1212058488917508,6.851909090909091,0.3857288739033318,2.3195020129362884,0.34090998430709857,2.793757817792028,0.07920579754693674,0.9091922399473348,15987787.878787875,2.866927288735213,2.3926714838789485,0.09813721964743882,2064002.4220299236,2.9750000000000143,240436.1881362251,-5899786.751254509,0.0,0.05475438121359636,7637439.279123227,0.0,-2441.845243395946
sensitivity_common,beta_1,summer_zero_recorded_amount,33,0.3,1.0,5.95,48.35509793537956,33.882623634573335,133.46287564521575,5.650421832118141,0.7556564510789769,8.705978912526973,0.59359890477848,0.23319504343733066,6.851909090909091,0.3857288739033318,2.3195020129362884,0.5971313913892349,5.233268458998114,0.15308697396927504,1.729918107118364,15987787.878787875,5.309976721987578,2.3962102759254624,0.1720183960697771,2057442.8839994636,5.950000000000029,421445.070370954,-5830039.640962486,0.0,0.25660236445677564,7485456.834399107,0.0,287902.0913707061
sensitivity_common,beta_1,summer_zero_recorded_amount,33,0.5,0.0,0.0,43.33883806203303,32.14729784356299,93.30406919701667,0.0,0.0,0.0,0.0,0.0,11.419848484848485,0.3857288739033318,2.3195020129362884,0.18781157436078552,1.9205048459721807,0.0,0.0,11419848.48484848,0.18507852833280433,0.5840756952964021,0.0128387712097435,1527138.8678416933,0.0,31454.989463871567,-4814308.534776945,0.0,0.0,5122012.726078554,0.0,-72022.74690465344
sensitivity_common,beta_1,summer_zero_recorded_amount,33,0.5,0.5,2.975,43.12445939372882,32.059625319757295,91.177719929866,2.126349267150683,0.5311812694299078,3.254173920626158,0.2143786683042078,0.08767252380569335,11.419848484848485,0.3857288739033318,2.3195020129362884,0.34475788194657486,2.8196809111191916,0.05552536940571865,1.707311415110281,11419848.48484848,2.8928503878794927,2.3926714896960655,0.06836414061546216,1521535.4718968018,2.9750000000000143,167492.1445078823,-4761018.555681873,0.0,0.054756463461822,5001601.091519209,0.0,12169.814592953417
sensitivity_common,beta_1,summer_zero_recorded_amount,33,0.5,1.0,5.95,42.920586406251346,31.97811745039652,89.18128362683392,4.122785570182764,0.5298757567438486,6.442130471163125,0.41825165578168727,0.1691803931664651,11.419848484848485,0.3857288739033318,2.3195020129362884,0.6037515027315854,5.277909781288506,0.10790019891651381,3.257554369053743,11419848.48484848,5.354618044992969,2.396210276640474,0.1207389701262573,1516082.5343755162,5.950000000000029,295810.4768093304,-4712169.45412017,0.0,0.2566203560525517,4890958.21778192,0.0,307463.03864840046
sensitivity_common,beta_1,summer_reported_rain,17,0.1,0.0,0.0,42.623391603636186,29.7851279576134,102.40513295059125,0.0,0.0,0.0,0.0,0.0,1.2312352941176472,2.5753718381771424,9.628022552714727,3.4856184199612037,14.160605045279464,0.0,0.0,11081117.647058824,6.302751918987772,1.7701694264218153,0.06378340906364625,1184233.5147720901,0.0,156269.3522059333,-3752455.654549774,33.32352941176469,26.0467475019293,5861909.481379423,0.0,457257.69615816465
sensitivity_common,beta_1,summer_reported_rain,17,0.1,0.5,2.975,42.39077428502039,29.717166760272814,100.77033926449835,1.6347936860929007,0.0031250747048829908,5.000991557117402,0.2326173186157947,0.06796119734058881,1.2312352941176472,2.5753718381771424,9.628022552714727,3.5626572289274594,15.060416094793789,0.04242383454151553,0.0,11081117.647058824,7.8284687163577305,2.39607517427734,0.10620724360516179,1179718.0279143061,2.9750000000000143,260207.74683264643,-3709702.7378798425,33.32352941176469,27.376568061051636,5770677.566127835,0.0,540041.5845065038
sensitivity_common,beta_1,summer_reported_rain,17,0.1,1.0,5.95,42.19065493923954,29.66082073777296,99.41286664819168,2.9922663023995617,0.0060138207205397975,9.867778611509294,0.4327366643966447,0.12430721984044373,1.2312352941176472,2.5753718381771424,9.628022552714727,3.6511440535616453,16.2560972844821,0.07657238439501757,0.0,11081117.647058824,9.026042700259083,2.397967968490561,0.1403557934586638,1175787.696178202,5.950000000000029,343871.69397372636,-3674611.3986863503,33.32352941176469,29.031358702662622,5698256.305001333,0.0,668756.5388858891
sensitivity_common,beta_1,summer_reported_rain,17,0.3,0.0,0.0,39.06960184987175,28.750811572319094,77.95629183648178,0.0,0.0,0.0,0.0,0.0,3.693705882352941,2.5753718381771424,9.628022552714727,3.4869308072170444,14.171758654655056,0.0,0.0,8618647.058823533,6.314034022514759,1.7702979205732123,0.048585227391137006,899712.7403220076,0.0,119033.80710828569,-3150244.7675893917,33.32352941176469,26.049351192818985,4437673.290612459,0.0,474184.8310526178
sensitivity_common,beta_1,summer_reported_rain,17,0.3,0.5,2.975,38.89713341510979,28.69800430350396,76.68810539770482,1.2681864387769752,0.0025771955135525104,3.850931021498127,0.17246843476195983,0.052807268815131016,3.693705882352941,2.5753718381771424,9.628022552714727,3.5649042919823533,15.080774991819654,0.03173717230541179,0.3666072473159255,8618647.058823533,7.84882761634423,2.396075177237961,0.08032239969654881,895927.367889282,2.9750000000000143,196789.87925654455,-3118165.8645723537,33.32352941176469,27.379846941918846,4366913.142915262,0.0,561971.8161498221
sensitivity_common,beta_1,summer_reported_rain,17,0.3,1.0,5.95,38.753811248611896,28.653901364547472,75.6260505817808,2.3302412547009834,0.00495628334421383,7.630163614510423,0.3157906012598557,0.09691020777162027,3.693705882352941,2.5753718381771424,9.628022552714727,3.654063352421162,16.28295925388545,0.05752946570226462,0.6620250476985795,8618647.058823533,9.052904669995698,2.3979679688238855,0.10611469309340164,892597.2835820081,5.950000000000029,259980.998078834,-3091667.6003935114,33.32352941176469,29.035818534431762,4310330.596652968,0.0,693313.676051747
sensitivity_common,beta_1,summer_reported_rain,17,0.5,0.0,0.0,35.49836451463728,27.706723364717817,53.40724531312745,0.0,0.0,0.0,0.0,0.0,6.156176470588235,2.5753718381771424,9.628022552714727,3.488081245426139,14.18156183868627,0.0,0.0,6156176.470588237,6.32394482407789,1.7704055381051258,0.035069140512980664,612489.4988704997,0.0,85919.39425680263,-2561076.176748366,33.32352941176469,26.051806039924912,2999691.8345248247,0.0,490601.1689833944
sensitivity_common,beta_1,summer_reported_rain,17,0.5,0.5,2.975,35.379183385289615,27.667612339263215,52.47287741397252,0.9343678991549278,0.002028867401058676,2.6952966569940457,0.119181129347668,0.0391110254545998,6.156176470588235,2.5753718381771424,9.628022552714727,3.566849936289716,15.098342402839016,0.022696834266627428,0.7004257869379714,6156176.470588237,7.866395030092504,2.3960751799668936,0.0577659747796081,608894.8075655459,2.9750000000000143,141526.63821003982,-2538116.7670263327,33.32352941176469,27.382890308780144,2947290.257545791,0.0,582783.1066588731
sensitivity_common,beta_1,summer_reported_rain,17,0.5,1.0,5.95,35.272975293561665,27.634656468545266,51.68434030982789,1.7229050032995554,0.0038978783178222898,5.36222650257632,0.2253892210756207,0.07206689617255038,6.156176470588235,2.5753718381771424,9.628022552714727,3.6565799780276342,16.305985765199495,0.04137910043282167,1.2693612991000052,6156176.470588237,9.075931181642257,2.3979679691563827,0.07644824094580234,605750.080124037,5.950000000000029,187298.19031721572,-2519005.78098127,33.32352941176469,29.039941849326308,2905001.0959458747,0.0,716285.9786162616
sensitivity_common,beta_2,summer_zero_recorded_amount,33,0.1,0.0,0.0,54.31840124659365,36.00220373173066,183.3714181108605,0.0,0.0,0.0,0.0,0.0,2.283969696969697,0.3772980453414889,2.252276090236369,0.16131483161857293,1.8185930583856011,0.0,0.0,20555727.272727273,0.1353641542652927,0.564376796965342,0.08528944860779801,2589830.751556309,0.0,208959.14908910514,-7135070.476847629,0.0,0.0,10366447.928263487,0.00467038915017538,-86995.52968247632
sensitivity_common,beta_2,summer_zero_recorded_amount,33,0.1,0.5,2.975,53.12784839770222,35.57655136833702,173.32340029183797,10.04801781902254,2.386870160904408,15.310470759236182,1.1905528488914332,0.42565236339363616,2.283969696969697,0.3772980453414889,2.252276090236369,0.28859985017502626,2.423533708644423,0.36106394867633496,0.0,20555727.272727273,2.563140296640772,2.3915945603567184,0.446353397284133,2499744.2241914636,2.9750000000000143,1093565.823346126,-6863795.877743788,0.0,0.054492619117056294,9783454.142421642,0.0002881178754787322,-78481.40872172355
sensitivity_common,beta_2,summer_zero_recorded_amount,33,0.1,1.0,5.95,52.10469108845893,35.20549165832665,164.57715514063557,18.794262970224928,2.3929730194994647,29.181065123922394,2.213710158134726,0.7967120734040052,2.283969696969697,0.3772980453414889,2.252276090236369,0.5135532375085047,4.658391407469775,0.6757058046066488,0.0,20555727.272727273,4.802612558230366,2.3962088141118643,0.7609952532144468,2421799.4454881684,5.950000000000029,1864438.3703753948,-6630371.7902075425,0.0,0.25042542327290707,9278310.547618575,0.00028842688470497025,167105.6490448262
sensitivity_common,beta_2,summer_zero_recorded_amount,33,0.3,0.0,0.0,48.815239225347476,34.068743909488944,138.04506395030666,0.0,0.0,0.0,0.0,0.0,6.851909090909091,0.3772980453414889,2.252276090236369,0.17068255430369864,1.829785699752173,0.0,0.0,15987787.878787875,0.14459423986333422,0.5649549938264036,0.06415088769503799,2055905.7001062867,0.0,157169.67485284308,-5948534.433519242,0.0,0.0,7734746.778609571,0.002129636520582132,-80276.44671586322
sensitivity_common,beta_2,summer_zero_recorded_amount,33,0.3,0.5,2.975,47.925373720287105,33.7386939347393,130.3032218151358,7.74184213517085,1.8150732332149033,11.977649371472353,0.8898655050603733,0.33004997474964837,6.851909090909091,0.3772980453414889,2.252276090236369,0.3025728075806585,2.514641071053137,0.27604039859186474,2.3061756838516905,15987787.878787875,2.655033261045007,2.3926682802277095,0.34019128628690276,1987130.6790373307,2.9750000000000143,833468.6514029115,-5746396.377043914,0.0,0.054500690428936106,7283498.6679183,0.0,-44153.63349065477
sensitivity_common,beta_2,summer_zero_recorded_amount,33,0.3,1.0,5.95,47.142194537911415,33.447265093431405,123.4763775711378,14.568686379168847,1.8161088746278153,23.00589482236478,1.6730446874360616,0.62147881605754,6.851909090909091,0.3772980453414889,2.252276090236369,0.5363469466443054,4.812148726506825,0.5202231296113201,4.225576591056082,15987787.878787875,4.9560814532488,2.396208816977959,0.5843740173063582,1926455.8958643773,5.950000000000029,1431716.3424005776,-5569922.938698258,0.0,0.25049562814205756,6887616.163099987,0.0,218702.5592863413
sensitivity_common,beta_2,summer_zero_recorded_amount,33,0.5,0.0,0.0,43.2456859129514,32.11320661078247,92.54450974741565,0.0,0.0,0.0,0.0,0.0,11.419848484848485,0.3772980453414889,2.252276090236369,0.17625929359275258,1.8428071580847165,0.0,0.0,11419848.48484848,0.1568651021961237,0.5654717181036814,0.045035965796159254,1515873.3739762334,0.0,110338.11620059016,-4795018.315314397,0.0,0.0,5072395.055760948,0.0008623162435488286,-74580.73036391387
sensitivity_common,beta_2,summer_zero_recorded_amount,33,0.5,0.5,2.975,42.616108157549995,31.870802135835124,86.91353205359995,5.6309776938157015,1.293244560692628,8.88221839982289,0.629577755401405,0.24240447494734832,11.419848484848485,0.3772980453414889,2.252276090236369,0.31457888703188097,2.5977115620056765,0.20007067696718428,4.417040125206841,11419848.48484848,2.738103775236906,2.3926683034670586,0.24510664276334357,1465095.817126244,2.9750000000000143,600511.2747701916,-4652400.349665866,0.0,0.05450874030937855,4741746.233181123,0.0,-15161.918584024192
sensitivity_common,beta_2,summer_zero_recorded_amount,33,0.5,1.0,5.95,42.05732447742219,31.65367368939985,81.90028509038375,10.644224657031899,1.2928472052836497,17.00087983804754,1.1883614355292047,0.45953292138262125,11.419848484848485,0.3772980453414889,2.252276090236369,0.5564580148245702,4.951208464447134,0.3800975983033822,8.150038313193033,11419848.48484848,5.095141194046491,2.3962088198353353,0.42513356409954145,1419429.7046217108,5.950000000000029,1041577.2320438765,-4525918.350649314,0.0,0.2505652723709189,4447603.9897595635,0.0,261638.77365641698
sensitivity_common,beta_2,summer_reported_rain,17,0.1,0.0,0.0,42.08312247273046,29.62359158365424,98.68408843652112,0.0,0.0,0.0,0.0,0.0,1.2312352941176472,2.5661766520281755,9.53961648907465,3.4593974911509466,13.987696594012396,0.0,0.0,11081117.647058824,6.211394584817309,1.7601683097459009,0.22281829291283362,1134823.0206790455,0.0,545904.8176364424,-3662894.0495803724,33.32352941176469,25.999241865044084,5624232.338346438,0.0031461701322169876,447314.6654477208
sensitivity_common,beta_2,summer_reported_rain,17,0.1,0.5,2.975,41.51483437335733,29.451124965548725,94.56790289480232,4.116185541718809,0.0022448216960100353,12.654712563783647,0.5682880993731324,0.17246661810551073,1.2312352941176472,2.5661766520281755,9.53961648907465,3.5351748486652705,14.785960364442742,0.1429025009189759,0.0,11081117.647058824,7.64241548393116,2.396071608561536,0.36572079383180955,1098752.3024531116,2.9750000000000143,896015.9448879334,-3556711.8156515807,33.32352941176469,27.32139493736477,5387396.432041938,0.0,512856.27218197426
sensitivity_common,beta_2,summer_reported_rain,17,0.1,1.0,5.95,41.07059268101282,29.31455962987832,91.30694234407814,7.3771460924429775,0.004330823363950742,24.256838348961764,1.0125297917176386,0.30903195377591847,1.2312352941176472,2.5661766520281755,9.53961648907465,3.618016833383481,15.92995870568534,0.2534864949486119,0.0,11081117.647058824,8.788308422913655,2.397966206301627,0.47630478786144553,1070312.5336851508,5.950000000000029,1166946.7302605417,-3473434.05597151,33.32352941176469,28.95707601963446,5206230.3657624945,0.0,631646.8819720387
sensitivity_common,beta_2,summer_reported_rain,17,0.3,0.0,0.0,38.66653073925428,28.62349406343638,75.05612339708914,0.0,0.0,0.0,0.0,0.0,3.693705882352941,2.5661766520281755,9.53961648907465,3.4687386114667,14.01846610966423,0.0,0.0,8618647.058823533,6.24068644801403,1.7605243193712357,0.17328493630055922,859547.6155953301,0.0,424548.0939363701,-3081289.608633143,33.32352941176469,26.008308576063484,4250430.896390713,0.0013125080518157487,468619.6888383839
sensitivity_common,beta_2,summer_reported_rain,17,0.3,0.5,2.975,38.239201875183454,28.488241004143248,71.8421630534274,3.213960343661742,0.0017443432017074656,9.71086852125589,0.4273288640708226,0.1352530592931305,3.693705882352941,2.5661766520281755,9.53961648907465,3.542071495356224,14.849844477084485,0.11054497633697852,0.9022251980570664,8618647.058823533,7.7062996084051445,2.3960716203938204,0.2838299126375377,831308.4903522907,2.9750000000000143,695383.2859619674,-3000984.495066922,33.32352941176469,27.332505047394108,4064742.427464378,0.0,543930.2879460535
sensitivity_common,beta_2,summer_reported_rain,17,0.3,1.0,5.95,37.902311491445765,28.37974695902603,69.26078805931034,5.795335337778798,0.003364358669799117,18.742162633215003,0.7642192478085155,0.24374710441035402,3.693705882352941,2.5661766520281755,9.53961648907465,3.6267247323324874,16.012332732646463,0.19737477921541263,1.5818107546641789,8618647.058823533,8.87068245121226,2.39796620763915,0.3706597155159719,808589.9700764678,5.950000000000029,908116.3030141311,-2937116.301986395,33.32352941176469,28.97163916473232,3920881.793382839,0.0,668363.8311324202
sensitivity_common,beta_2,summer_reported_rain,17,0.5,0.0,0.0,35.21851236935195,27.611886550725558,51.287684391132544,0.0,0.0,0.0,0.0,0.0,6.156176470588235,2.5661766520281755,9.53961648907465,3.4755556879466956,14.048616519775237,0.0,0.0,6156176.470588237,6.2699503478621565,1.7608421845193671,0.12729375193144504,581030.8651863943,0.0,311869.6922320403,-2510897.0925187482,33.32352941176469,26.01701440869348,2860312.7949544117,0.00010813264081890644,488572.1480314542
sensitivity_common,beta_2,summer_reported_rain,17,0.5,0.5,2.975,34.91518538249588,27.510990489858628,48.91505060579597,2.372633785336574,0.0012432275226785805,6.864391956176206,0.3033269868560667,0.10089606086693127,6.156176470588235,2.5661766520281755,9.53961648907465,3.548400816283761,14.908031723920262,0.08142319673085298,1.7435517563822351,6156176.470588237,7.764486866146763,2.396071631299671,0.208716948662298,559431.1686931266,2.9750000000000143,511356.52422263013,-2453118.6937004584,33.32352941176469,27.34310143270018,2721819.2697000788,0.0,572172.6202053564
sensitivity_common,beta_2,summer_reported_rain,17,0.5,1.0,5.95,34.66690803413733,27.428834556844652,46.98779028655617,4.299894104576373,0.0023966620880955247,13.32811580229054,0.5516043352146205,0.18305199388090437,6.156176470588235,2.5661766520281755,9.53961648907465,3.6347252091091224,16.087316458373365,0.14651445887410736,3.0772519878666027,6156176.470588237,8.945666178273367,2.3979662089733687,0.2738082108055524,541707.0826317602,5.950000000000029,670830.1164736034,-2406436.624187459,33.32352941176469,28.98550646560502,2612894.674995313,0.0,701303.6728054803
sensitivity_common,beta_shape_1,summer_zero_recorded_amount,33,0.1,0.0,0.0,54.15749509354332,35.93439923870578,181.78644908890448,0.0,0.0,0.0,0.0,0.0,2.283969696969697,0.342478918015485,2.2093016395043086,0.11432966268851152,1.7638631015878345,0.0,0.0,20555727.272727273,0.1017055930148857,0.5262152093710551,0.14737258387186591,2567609.9947537202,0.0,361062.8304860716,-7093046.065254412,0.0,0.0,10275680.608164346,0.020928921559777065,-93264.61191884364
sensitivity_common,beta_shape_1,summer_zero_recorded_amount,33,0.1,0.5,2.975,51.17226415050886,34.98648351567192,159.64438029514727,22.1420687937572,0.18975910173583088,31.34529849735128,2.9852309430344555,0.9479157230338601,2.283969696969697,0.342478918015485,2.2093016395043086,0.19704856628865983,2.174333578894046,0.8636682155394684,0.0,20555727.272727273,2.061572999400431,2.08977136849553,1.0110407994113344,2326818.042575617,2.9750000000000143,2477049.958557769,-6495301.295208447,0.0,0.05458624442970493,8958551.399011334,0.006769691514626901,-148234.49045094915
sensitivity_common,beta_shape_1,summer_zero_recorded_amount,33,0.1,1.0,5.95,51.09481830984546,34.77741724588901,155.45852280356075,26.327926285343707,0.1942112488723069,46.0308788765264,3.062676783697858,1.1569819928167624,2.283969696969697,0.342478918015485,2.2093016395043086,0.42625231751551496,4.2783700602542085,1.01540392663944,0.0,20555727.272727273,4.46622460848206,2.396037527451151,1.162776510511306,2310614.070266871,5.950000000000029,2848802.4507526993,-6373808.660736701,0.0,0.23834414178718333,8702034.686121333,0.0011186602805547583,95746.55594017147
sensitivity_common,beta_shape_1,summer_zero_recorded_amount,33,0.3,0.0,0.0,48.59457732905176,34.00000306290889,136.44801887804357,0.0,0.0,0.0,0.0,0.0,6.851909090909091,0.342478918015485,2.2093016395043086,0.12572668089859187,1.7726580483322978,0.0,0.0,15987787.878787875,0.10751309679470725,0.5267753284513904,0.1266204998369775,2033680.335719236,0.0,310220.22460059496,-5907500.82551284,0.0,0.0,7642490.682477627,0.01738135951479109,-86074.38268834878
sensitivity_common,beta_shape_1,summer_zero_recorded_amount,33,0.3,0.5,2.975,46.495217980968256,33.211652670109146,118.4616858964673,17.986332981576258,0.17886235755210578,28.3945474106973,2.0993593480835084,0.7883503927997463,6.851909090909091,0.342478918015485,2.2093016395043086,0.22087874982990446,2.230161742556273,0.7083647683420399,4.15573581218094,15987787.878787875,2.2087697600709832,2.1861644125979853,0.8349852681790173,1838549.3516753553,2.9750000000000143,2045713.9070385925,-5433661.691532562,0.0,0.05459038435608867,6563398.25052999,0.0017452444204904699,-103433.72758210143
sensitivity_common,beta_shape_1,summer_zero_recorded_amount,33,0.3,1.0,5.95,46.42635669112393,33.12919279033318,117.05634273053231,19.391676147511255,0.1783324263884225,34.899187061482365,2.1682206379278375,0.8708102725757095,6.851909090909091,0.342478918015485,2.2093016395043086,0.4682016584820349,4.518373582247507,0.7541764925653411,6.936250137832453,15987787.878787875,4.705333849033793,2.3960375570208057,0.8807969924023187,1845290.0029317415,5.950000000000029,2157952.6313856803,-5386032.3257853165,0.0,0.23837076736673346,6463504.269921386,0.0002243492693633622,171234.6638816214
sensitivity_common,beta_shape_1,summer_zero_recorded_amount,33,0.5,0.0,0.0,43.08074317227912,32.0474536714519,91.03530404613201,0.0,0.0,0.0,0.0,0.0,11.419848484848485,0.342478918015485,2.2093016395043086,0.1349754405033085,1.7849717564750749,0.0,0.0,11419848.48484848,0.11740674185546955,0.5274709647318372,0.10436239580904066,1494988.7787031666,0.0,255687.86973214961,-4757845.719178814,0.0,0.0,4983605.15301387,0.01426566015233359,-78950.19221612086
sensitivity_common,beta_shape_1,summer_zero_recorded_amount,33,0.5,0.5,2.975,41.62120012593434,31.45606701267115,78.3169938578362,12.718310188295805,0.1403434253458471,23.466677128896848,1.4595430463447847,0.5913866587807471,11.419848484848485,0.342478918015485,2.2093016395043086,0.24271135202137614,2.2942342286501787,0.5237143055545128,9.4237586054614,11419848.48484848,2.392362039174614,2.3071637626835195,0.6280767013635535,1351866.0749071918,2.9750000000000143,1538787.9183407063,-4416882.319473353,0.0,0.054594512800631316,4188874.1194870165,0.000265687344671649,-63087.20884428082
sensitivity_common,beta_shape_1,summer_zero_recorded_amount,33,0.5,1.0,5.95,41.58142357348375,31.42279743005203,77.6524702410535,13.382833805078496,0.13855706763227715,25.04583077356628,1.499319598795379,0.6246562413998688,11.419848484848485,0.342478918015485,2.2093016395043086,0.5027780570713533,4.7260660377240304,0.5341393194765222,12.945092480265208,11419848.48484848,4.9128782997818226,2.396037586503994,0.6385017152855628,1361490.3152793823,5.950000000000029,1564329.2024496289,-4397011.410552118,0.0,0.2383971609344795,4143532.0056602936,7.63150577054195e-05,231309.84895241164
sensitivity_common,beta_shape_1,summer_reported_rain,17,0.1,0.0,0.0,42.05024293845222,29.591110771546578,97.96200825214038,0.0,0.0,0.0,0.0,0.0,1.2312352941176472,2.557797060714876,9.51238693911678,3.4380462679611137,13.970430080132914,0.0,0.0,11081117.647058824,6.184008329725262,1.717792163253607,0.2600461979635619,1125296.6793846576,0.0,637113.1850107266,-3642263.139368903,33.32352941176469,26.007398702283925,5559690.055328034,0.00817302545420343,441515.60475176905
sensitivity_common,beta_shape_1,summer_reported_rain,17,0.1,0.5,2.975,41.11034191660195,29.302687484127233,91.08337916188519,6.878629090255187,0.002732107175788201,29.184175078249183,0.9399010218502667,0.28842328741934614,1.2312352941176472,2.557797060714876,9.51238693911678,3.513696743247788,14.6633697433553,0.24646138709329696,0.0,11081117.647058824,7.509875992435254,2.3577453222233635,0.5065075850568589,1054964.7090135645,2.9750000000000143,1240943.583389304,-3462207.6344022513,33.32352941176469,27.327394017711754,5179991.896920702,0.0011478659719425521,485679.8881895068
sensitivity_common,beta_shape_1,summer_reported_rain,17,0.1,1.0,5.95,41.042211362103046,29.239539221734564,89.58428759274523,8.377720659395159,0.005262894957127173,37.61756153063433,1.0080315763491772,0.3515715498120161,1.2312352941176472,2.557797060714876,9.51238693911678,3.6017658386072426,15.830411285615773,0.28739097472545866,0.0,11081117.647058824,8.71597154810456,2.3979471823711322,0.5474371726890205,1051818.8672095602,5.950000000000029,1341221.0730881004,-3426498.1180040212,33.32352941176469,28.96615193231213,5098350.032797993,1.9233194671081443e-08,611914.7587715503
sensitivity_common,beta_shape_1,summer_reported_rain,17,0.3,0.0,0.0,38.634181592114444,28.596989192915707,74.49758019901894,0.0,0.0,0.0,0.0,0.0,3.693705882352941,2.557797060714876,9.51238693911678,3.4531998279103187,14.003264069170772,0.0,0.0,8618647.058823533,6.214296575794485,1.7188175661653895,0.20316731547987457,851571.1989347675,0.0,497759.9229256927,-3065075.011437179,33.32352941176469,26.015264632868774,4198708.353242115,0.004601879573795341,465184.9577873072
sensitivity_common,beta_shape_1,summer_reported_rain,17,0.3,0.5,2.975,37.94252018698408,28.347029031479707,68.58697822567831,5.91060197334064,0.002201937199600934,25.419909773972705,0.6916614051303649,0.24996016143599883,3.693705882352941,2.557797060714876,9.51238693911678,3.520885798652161,14.723360966010679,0.21248939914089798,0.9680271169145466,8618647.058823533,7.584428587640735,2.3729837045362103,0.4156567146207726,791740.2057274556,2.9750000000000143,1018358.9508208926,-2916964.62282232,33.32352941176469,27.33582622777528,3869656.158746766,0.00047085620924142157,520641.71345489606
sensitivity_common,beta_shape_1,summer_reported_rain,17,0.3,1.0,5.95,37.884069502800266,28.325478424299703,68.09491072464344,6.402669474375507,0.004239395509010535,28.271587761142,0.7501120893141828,0.27151076861600343,3.693705882352941,2.557797060714876,9.51238693911678,3.6132190290426673,15.931786612291539,0.21819916328907055,1.975051185019653,8618647.058823533,8.817346888342326,2.397947195933152,0.4213664787689451,795531.4893997464,5.950000000000029,1032347.8729839154,-2904511.370663909,33.32352941176469,28.979394095559,3843677.682543801,1.9233194671081443e-08,654601.6444302833
sensitivity_common,beta_shape_1,summer_reported_rain,17,0.5,0.0,0.0,35.19770404749069,27.589205698193286,50.861010924943606,0.0,0.0,0.0,0.0,0.0,6.156176470588235,2.557797060714876,9.51238693911678,3.4659344914536248,14.033132625441826,0.0,0.0,6156176.470588237,6.242556053921872,1.720038109229237,0.15196053767767523,574112.9479126568,0.0,372303.3173103042,-2497690.8975966894,33.32352941176469,26.02264764779281,2818018.714783791,0.0017722583663241933,486907.07625025127
sensitivity_common,beta_shape_1,summer_reported_rain,17,0.5,0.5,2.975,34.690604537069426,27.399352518066564,46.554439784429874,4.306571140513731,0.0016711410622853862,18.19376876008529,0.5070995104212619,0.18985318012671848,6.156176470588235,2.557797060714876,9.51238693911678,3.5306133865806175,14.785822359299022,0.15999592365975754,2.5720579497414575,6156176.470588237,7.6694678477182325,2.396032408301402,0.31195646133743277,529237.147499023,2.9750000000000143,764293.3302767101,-2389795.489930559,33.32352941176469,27.34428879607663,2568907.5868750303,1.9233194671081443e-08,554007.9950781838
sensitivity_common,beta_shape_1,summer_reported_rain,17,0.5,1.0,5.95,34.65106369749899,27.388491485345963,46.269293958076275,4.591716966867331,0.0032146855056076618,19.201835601029543,0.5466403499916985,0.20071421284731983,6.156176470588235,2.557797060714876,9.51238693911678,3.6232907805643357,16.019954257744043,0.15898202058095853,3.7860036925278298,6156176.470588237,8.905514547328501,2.39794720946686,0.31094255825863376,532138.3577724824,5.950000000000029,761809.2677336525,-2383218.69428143,33.32352941176469,28.991578605561475,2556291.9017881956,1.9233194671081443e-08,691700.0024936772
sensitivity_common,deep_boundary_1,summer_zero_recorded_amount,33,0.1,0.0,0.0,55.30926355661141,37.27268707731895,210.73586270236947,0.0,0.0,0.0,0.0,0.0,2.283969696969697,0.38218493165375084,2.2930622390369204,0.17766468136646282,1.8707370953494358,0.0,0.0,20555727.272727273,0.15480820945424661,0.5759701854714332,0.05087520850281882,0.0,0.0,124644.2608319061,-7847619.471456948,0.0,0.0,11852556.836779488,0.0011631676697774665,-90473.92458951658
sensitivity_common,deep_boundary_1,summer_zero_recorded_amount,33,0.1,0.5,2.975,54.54605002814685,36.96759645806656,203.42296833696355,7.312894365405944,1.6679841078043296,11.20554784308473,0.7632135284645639,0.3050906192523939,2.283969696969697,0.38218493165375084,2.2930622390369204,0.31562671922972513,2.619095696279523,0.21734779178253574,0.0,20555727.272727273,2.718703263140913,2.392669805897781,0.26822300028535456,0.0,2.9750000000000143,657146.3506991187,-7652547.759580306,0.0,0.05463194899777537,11442565.088863205,0.0,-93420.41152310652
sensitivity_common,deep_boundary_1,summer_zero_recorded_amount,33,0.1,1.0,5.95,53.87025338099224,36.69044841541879,196.78106595874507,13.954796743624412,1.6873342169998296,21.765116764150378,1.4390101756191747,0.582238661900154,2.283969696969697,0.38218493165375084,2.2930622390369204,0.5554739266325175,4.955316740029399,0.4134389418341594,0.0,20555727.272727273,5.058464049050667,2.3962095480578185,0.46431415033697826,0.0,5.950000000000029,1137569.668325597,-7477279.476191466,0.0,0.2539328056336166,11073002.89667657,0.0,172867.1823479725
sensitivity_common,deep_boundary_1,summer_zero_recorded_amount,33,0.3,0.0,0.0,49.75248175292515,35.2205777200443,161.64369531327108,0.0,0.0,0.0,0.0,0.0,6.851909090909091,0.38218493165375084,2.2930622390369204,0.18134466128408408,1.8800462492295695,0.0,0.0,15987787.878787875,0.16379022917237016,0.5763453894680007,0.03751087070849007,0.0,0.0,91901.6332358007,-6584830.973618667,0.0,0.0,9085582.024758445,0.00046082951119399946,-84660.16030462018
sensitivity_common,deep_boundary_1,summer_zero_recorded_amount,33,0.3,0.5,2.975,49.19255656045902,34.982429592269376,155.95312335709804,5.690571956173046,1.242996732155234,8.818753022535475,0.5599251924661289,0.23814812777492173,6.851909090909091,0.38218493165375084,2.2930622390369204,0.3241935641861269,2.677197285599346,0.1640395291612552,1.622322409232899,15987787.878787875,2.7768048650332733,2.3926698184703086,0.20155039986974524,0.0,2.9750000000000143,493798.479680876,-6438311.057520031,0.0,0.05463610256462341,8766804.139059901,0.0,-64016.060853625946
sensitivity_common,deep_boundary_1,summer_zero_recorded_amount,33,0.3,1.0,5.95,48.680674026746,34.76428343186758,150.74236046477256,10.901334848498498,1.2559333972101,17.217423390929525,1.0718077261791525,0.45629428817671347,6.851909090909091,0.38218493165375084,2.2930622390369204,0.5699786351115284,5.0536036490260825,0.31397486424749727,3.053461895125914,15987787.878787875,5.156750959589943,2.3962095496004197,0.3514857349559873,0.0,5.950000000000029,861140.0506421687,-6305382.865934383,0.0,0.25396960199632146,8476954.316063397,0.0,213860.18102987268
sensitivity_common,deep_boundary_1,summer_zero_recorded_amount,33,0.5,0.0,0.0,44.130611343031624,33.14468721611729,112.22757125872232,0.0,0.0,0.0,0.0,0.0,11.419848484848485,0.38218493165375084,2.2930622390369204,0.18373095302977974,1.8888527979257888,0.0,0.0,11419848.48484848,0.17252511719114208,0.5766694468944952,0.025993972840084773,0.0,0.0,63685.233458207695,-5355768.779557479,0.0,0.0,6286106.6381029105,6.511140725576926e-05,-79581.9333916113
sensitivity_common,deep_boundary_1,summer_zero_recorded_amount,33,0.5,0.5,2.975,43.73627193156528,32.9661739009912,108.0058788475492,4.221692411173119,0.8696216220628799,6.63538326494097,0.3943394114663539,0.17851331512608645,11.419848484848485,0.38218493165375084,2.2930622390369204,0.33162468177241594,2.726972481710872,0.1183459587918359,3.0912019542328286,11419848.48484848,2.82658007364912,2.3926698309746235,0.1443399316319207,0.0,2.9750000000000143,353632.83249820565,-5250105.197910056,0.0,0.054640244600313845,6048369.136293993,0.0,-38517.27134542264
sensitivity_common,deep_boundary_1,summer_zero_recorded_amount,33,0.5,1.0,5.95,43.36898277202616,32.8015255232633,104.1189578839632,8.108613374759132,0.8765035676100723,13.001480349870548,0.7616285710054653,0.3431616928539868,11.419848484848485,0.38218493165375084,2.2930622390369204,0.5826398772140783,5.1383648902341275,0.2280327444169319,5.846183368865278,11419848.48484848,5.241512202336202,2.396209551138674,0.2540267172570167,0.0,5.950000000000029,622365.4572796909,-5153456.641735684,0.0,0.25400613484648726,5830551.548337586,0.0,248396.50150665737
sensitivity_common,deep_boundary_1,summer_reported_rain,17,0.1,0.0,0.0,42.90937252511238,30.30875134303113,113.98163491515287,0.0,0.0,0.0,0.0,0.0,1.2312352941176472,2.5715975484540774,9.59435215483624,3.4767174804750716,14.089444650550506,0.0,0.0,11081117.647058824,6.261368379649822,1.7658707981281894,0.1311776015119338,0.0,0.0,321385.1237042378,-4034301.574024629,33.32352941176469,26.026268584388127,6538660.437124267,0.00040508580609188477,415761.11706956563
sensitivity_common,deep_boundary_1,summer_reported_rain,17,0.1,0.5,2.975,42.533642681286246,30.182961494569298,110.97369608683069,3.0079388283221786,0.0010322620402973826,9.017783672815511,0.37572984382614,0.12578984846183036,1.2312352941176472,2.5715975484540774,9.59435215483624,3.5501109514080333,14.948590319156333,0.0856354540009579,0.0,11081117.647058824,7.750311412465548,2.396073248144082,0.2168130555128917,0.0,2.9750000000000143,531191.9860065846,-3956822.8711865195,33.32352941176469,27.352891540832427,6368263.907356583,0.0,478985.45129364263
sensitivity_common,deep_boundary_1,summer_reported_rain,17,0.1,1.0,5.95,42.22194641173401,30.079546606218486,108.49893334284931,5.482701572303548,0.0020120111417085695,17.651361768655903,0.6874261133783698,0.22920473681264147,1.2312352941176472,2.5715975484540774,9.59435215483624,3.635927463754793,16.121836963942307,0.15363859022365006,0.0,11081117.647058824,8.925451848326233,2.3979670392190084,0.28481619173558387,0.0,5.950000000000029,697799.6697521803,-3893626.766855843,33.32352941176469,28.998931456402342,6233066.55846393,0.0,601894.975385706
sensitivity_common,deep_boundary_1,summer_reported_rain,17,0.3,0.0,0.0,39.39924276324443,29.23729003572418,88.5102357536001,0.0,0.0,0.0,0.0,0.0,3.693705882352941,2.5715975484540774,9.59435215483624,3.4800372811112728,14.110018191302775,0.0,0.0,8618647.058823533,6.281770991362332,1.766104954894533,0.1017578230376365,0.0,0.0,249306.66644220942,-3409934.258103902,33.32352941176469,26.031560864707608,5069178.965705267,0.0,437876.49031128595
sensitivity_common,deep_boundary_1,summer_reported_rain,17,0.3,0.5,2.975,39.1162583483736,29.1373784417953,86.12293471875462,2.3873010348454744,0.0004715186158676943,6.917135628814719,0.2829844148708318,0.09991159392887994,3.693705882352941,2.5715975484540774,9.59435215483624,3.554516003798313,14.986984120002901,0.06570693027165471,0.6206377934767043,8618647.058823533,7.788705220514278,2.3960732553462756,0.16746475330929123,0.0,2.9750000000000143,410288.6456077635,-3350536.0787233873,33.32352941176469,27.359440982597032,4934167.46779788,0.0,509116.07708938705
sensitivity_common,deep_boundary_1,summer_reported_rain,17,0.3,1.0,5.95,38.88548029205264,29.054519966917837,84.1408297102493,4.369406043350786,0.000929300321985238,13.615407505563894,0.5137624711917806,0.18277006880634014,3.693705882352941,2.5715975484540774,9.59435215483624,3.641552058713544,16.172170323348865,0.11850531368148898,1.1132955289527624,8618647.058823533,8.975785208621774,2.397967040107975,0.2202631367191255,0.0,5.950000000000029,539644.6849618575,-3301620.1813693433,33.32352941176469,29.007526556164514,4826037.015959845,0.0,636051.9214087899
sensitivity_common,deep_boundary_1,summer_reported_rain,17,0.5,0.0,0.0,35.8632927859058,28.154303182795914,62.857948628398056,0.0,0.0,0.0,0.0,0.0,6.156176470588235,2.5715975484540774,9.59435215483624,3.4824305902502064,14.129030446082547,0.0,0.0,6156176.470588237,6.3009847244008235,1.7663064331532552,0.07511269863352031,0.0,0.0,184026.1116521248,-2797721.587831903,33.32352941176469,26.036598946934316,3583466.2223871606,0.0,459102.8883225918
sensitivity_common,deep_boundary_1,summer_reported_rain,17,0.5,0.5,2.975,35.66249854515632,28.077810025683338,61.03223926526942,1.825709363128642,-8.99566129355378e-05,5.049028010243475,0.20079424074948177,0.07649315711257391,6.156176470588235,2.5715975484540774,9.59435215483624,3.558437237236193,15.020864623905966,0.048387783005221056,1.182229465193537,6156176.470588237,7.822585731584153,2.3960732625130454,0.12350048163874136,0.0,2.9750000000000143,302576.1800149163,-2753807.780032598,33.32352941176469,27.365603509759815,3480366.5390092656,0.0,537324.865291738
sensitivity_common,deep_boundary_1,summer_reported_rain,17,0.5,1.0,5.95,35.490844287259556,28.013801086515173,59.50530727386354,3.3526413545345197,-0.00015482612583994637,9.992299030448237,0.3724484986462431,0.14050209628074087,6.156176470588235,2.5715975484540774,9.59435215483624,3.6465525352825883,16.216428943856553,0.08781303998853063,2.1300602177690307,6156176.470588237,9.020043830016132,2.3979670409946623,0.16292573862205093,0.0,5.950000000000029,399168.05962402484,-2717284.9695736775,33.32352941176469,29.01560485629818,3396940.593088353,0.0,667547.4188316623
sensitivity_common,downward_1,summer_zero_recorded_amount,33,0.1,0.0,0.0,54.28412496365424,35.99379850230028,183.15474559194175,0.0,0.0,0.0,0.0,0.0,2.283969696969697,0.6474097507240207,0.6303240189197826,0.22131279837171144,0.4788472504001668,0.0,0.0,20555727.272727273,0.33408819222001873,0.4855649607397895,0.09200876013229,2598957.460481846,0.0,225421.46232411047,-7128832.386681569,0.0,0.0,10358045.883758217,0.0,-79232.62027660201
sensitivity_common,downward_1,summer_zero_recorded_amount,33,0.1,0.5,2.975,52.85397681718695,35.53001204310896,172.24833490819782,10.906410683743923,0.6712652208258874,17.000870447673464,1.4301481464672943,0.4637864591913182,2.283969696969697,0.6474097507240207,0.6303240189197826,1.0985504049359,0.7068027118519845,0.4082957639899177,0.0,20555727.272727273,1.9305256517930893,1.8540469588610191,0.5003045241222077,2488744.588342524,2.9750000000000143,1225746.0840994087,-6835850.943356719,0.0,0.09302916987284567,9726515.720559178,0.0,-22900.365927071805
sensitivity_common,downward_1,summer_zero_recorded_amount,33,0.1,1.0,5.95,51.78138426020047,35.17026034466772,163.7962354246476,19.35851016729416,0.6749274366212035,31.910148761340764,2.5027407034537767,0.8235381576325654,2.283969696969697,0.6474097507240207,0.6303240189197826,1.9032049171521617,1.5413038866305384,0.7230718016489278,0.0,20555727.272727273,3.295891614589046,2.3849117468781964,0.8150805617812178,2403223.361047204,5.950000000000029,1996947.3763639834,-6611548.790330945,0.0,0.5832326572016391,9240095.374659883,0.0,121106.87899864846
sensitivity_common,downward_1,summer_zero_recorded_amount,33,0.3,0.0,0.0,48.79220826332112,34.062978947871834,137.88722903436823,0.0,0.0,0.0,0.0,0.0,6.851909090909091,0.6474097507240207,0.6303240189197826,0.2332969033177252,0.48625640427337097,0.0,0.0,15987787.878787875,0.34568884159119945,0.48975645623776665,0.06842400581509464,2062827.9584486887,0.0,167638.81424698187,-5944452.362707395,0.0,0.0,7729271.434921297,0.0,-72354.3304433423
sensitivity_common,downward_1,summer_zero_recorded_amount,33,0.3,0.5,2.975,47.73276595379648,33.70715830466553,129.569631936511,8.31759709785722,0.5033716361758422,13.10642778660906,1.059442309524643,0.3558206432063064,6.851909090909091,0.6474097507240207,0.6303240189197826,1.1594599633744804,0.7259453500540732,0.31024804925485666,2.588813585886702,15987787.878787875,1.9912307772271498,1.895609446092993,0.3786720550699512,1978982.7551479628,2.9750000000000143,927746.5349213806,-5728793.298625173,0.0,0.09304695505246208,7246315.934994849,0.0,8364.870144006098
sensitivity_common,downward_1,summer_zero_recorded_amount,33,0.3,1.0,5.95,46.9163937651824,33.42671987711985,123.01603190583363,14.871197128534597,0.5022836234248302,24.852106765358428,1.8758144981387255,0.6362590707519828,6.851909090909091,0.6474097507240207,0.6303240189197826,2.001706872592714,1.6355866555176939,0.5537792325493966,4.487313038759563,15987787.878787875,3.3901744654196158,2.384911828821614,0.6222032383644912,1912921.3832808484,5.950000000000029,1524397.9339930036,-5560577.044464802,0.0,0.5833251743472467,6868137.16713997,0.0,177225.5494952348
sensitivity_common,downward_1,summer_zero_recorded_amount,33,0.5,0.0,0.0,43.22990649077633,32.10890516157226,92.42468259425799,0.0,0.0,0.0,0.0,0.0,11.419848484848485,0.6474097507240207,0.6303240189197826,0.24373621057860184,0.4926706383173355,0.0,0.0,11419848.48484848,0.3556888913565732,0.49334227195917296,0.047984648788846035,1520235.4883299936,0.0,117562.38953267281,-4792190.214036909,0.0,0.0,5068237.749550341,0.0,-66730.03926055577
sensitivity_common,downward_1,summer_zero_recorded_amount,33,0.5,0.5,2.975,42.484760781284464,31.849136815494443,86.40845837490527,6.016224219352704,0.3535098919849844,9.652675909702552,0.7451457094918635,0.2597683460778133,11.419848484848485,0.6474097507240207,0.6303240189197826,1.2128083692550995,0.7435615802401718,0.22473890919002978,4.89018646439122,11419848.48484848,2.043813274142221,1.930575712821969,0.27272355797887576,1459063.5442440475,2.9750000000000143,668172.7170482457,-4641185.795996794,0.0,0.09306454934785094,4716865.397886816,0.0,33866.738032907415
sensitivity_common,downward_1,summer_zero_recorded_amount,33,0.5,1.0,5.95,41.900953357684884,31.64104720268282,81.60060890517622,10.824073689081763,0.351361386097949,18.367854467344088,1.3289531330914501,0.4678579588894357,11.419848484848485,0.6474097507240207,0.6303240189197826,2.0888004361736683,1.7181226007905184,0.4044978585027883,8.534436478212397,11419848.48484848,3.47271049193372,2.38491191006289,0.4524825072916343,1410159.2621929995,5.950000000000029,1108582.1428645041,-4521201.836786346,0.0,0.5834163153250365,4437081.02268652,0.0,222999.30012682374
sensitivity_common,downward_1,summer_reported_rain,17,0.1,0.0,0.0,42.24552354557103,29.69198233215284,100.2449945335794,0.0,0.0,0.0,0.0,0.0,1.2312352941176472,2.843015292342567,2.4140253448695255,4.06233630399333,3.677543431471851,0.0,0.0,11081117.647058824,2.9783856905542714,1.714867603952464,0.1648527917122434,1165033.0500496752,0.0,403889.33969499636,-3700182.3870374076,33.32352941176469,28.96096991784753,5722809.112544388,0.0,155547.90498157986
sensitivity_common,downward_1,summer_reported_rain,17,0.1,0.5,2.975,41.62816177460167,29.51195709819764,95.95082435454569,4.29417017903371,0.002434205278312618,14.439713302165046,0.617361770969359,0.1800252339552016,1.2312352941176472,2.843015292342567,2.4140253448695255,4.344333195619067,3.915106913185892,0.15276541818604183,0.0,11081117.647058824,3.776909864649001,2.275828296333139,0.31761820989828526,1122225.8072575082,2.9750000000000143,778164.614250799,-3589969.431900144,33.32352941176469,30.702683433941075,5479661.173003307,0.0,180088.96578066747
sensitivity_common,downward_1,summer_reported_rain,17,0.1,1.0,5.95,41.19291533139384,29.385504855999756,92.93207179274201,7.312922740837397,0.004693482764047019,27.244994118951013,1.0526082141771982,0.3064774761530873,1.2312352941176472,2.843015292342567,2.4140253448695255,4.586133172318271,4.389671528846744,0.2558558870777575,0.0,11081117.647058824,4.367346613609504,2.391700429632685,0.42070867879000096,1092394.2076389182,5.950000000000029,1030736.2630355023,-3513453.879409322,33.32352941176469,32.7423562393897,5318345.033507064,0.0,239529.73335441455
sensitivity_common,downward_1,summer_reported_rain,17,0.3,0.0,0.0,38.78739765503017,28.677828752999922,76.28823665968558,0.0,0.0,0.0,0.0,0.0,3.693705882352941,2.843015292342567,2.4140253448695255,4.072776418039681,3.6902889529406733,0.0,0.0,8618647.058823533,2.9924229077802984,1.7161592997096822,0.1270912178525734,882894.068075161,0.0,311373.48373880476,-3110460.515870061,33.32352941176469,28.97425416043481,4328885.31098976,0.0,177342.80129533377
sensitivity_common,downward_1,summer_reported_rain,17,0.3,0.5,2.975,38.3207409448072,28.53747103931631,72.95500923804498,3.333227421640593,0.0019032932575058226,11.029472763121248,0.46665671022297084,0.14035771368361402,3.693705882352941,2.843015292342567,2.4140253448695255,4.36621071945119,3.9333249853206134,0.117771895886628,0.9609427573931166,8618647.058823533,3.8071454258438933,2.2878457853933125,0.24486311373920142,849635.3082596265,2.9750000000000143,599914.6286610434,-3027793.96739782,33.32352941176469,30.72332544507314,4139786.2462115856,0.0,210949.27148754994
sensitivity_common,downward_1,summer_reported_rain,17,0.3,1.0,5.95,37.993221649587085,28.437107396492486,70.56849609439105,5.719740565294531,0.003668558619288831,21.002262407518458,0.7941760054430892,0.2407213565074364,3.693705882352941,2.843015292342567,2.4140253448695255,4.6155928070745755,4.42955002389031,0.19885631848874255,1.5931821755428663,8618647.058823533,4.407225157209717,2.391700478189336,0.32594753634131596,826041.1429743385,5.950000000000029,798571.4640362242,-2969247.3179871757,33.32352941176469,32.767779203481865,4011933.3342793453,0.0,278046.42690595344
sensitivity_common,downward_1,summer_reported_rain,17,0.5,0.0,0.0,35.299098751160805,27.65208336796608,52.17749766369576,0.0,0.0,0.0,0.0,0.0,6.156176470588235,2.843015292342567,2.4140253448695255,4.0820662297372055,3.7017002628820728,0.0,0.0,6156176.470588237,3.004928909663073,1.7172539916510452,0.09287065826185961,597520.1018114166,0.0,227533.11274155608,-2532126.2167215776,33.32352941176469,28.986678906445224,2918403.7503745817,0.0,198008.36483333202
sensitivity_common,downward_1,summer_reported_rain,17,0.5,0.5,2.975,34.969394177693225,27.547525935194212,49.72568029318619,2.4518173705095734,0.0013717960550039265,7.8180874582468505,0.3297045734675855,0.10455743277187178,6.156176470588235,2.843015292342567,2.4140253448695255,4.3856595201858255,3.9496541040958033,0.08688589328381077,1.8423528085241347,6156176.470588237,3.8337817631104696,2.298153003884704,0.1797565515456704,572595.0070415509,2.9750000000000143,440403.5512868925,-2472860.012758055,33.32352941176469,30.74234686926546,2777811.668537795,0.0,239264.53612317107
sensitivity_common,downward_1,summer_reported_rain,17,0.5,1.0,5.95,34.72752901867414,27.47119911174666,47.9457087513419,4.231788912353863,0.0026425032209758115,14.928208629871406,0.5715697324866682,0.18088425621941961,6.156176470588235,2.843015292342567,2.4140253448695255,4.641894162387862,4.4648138333984795,0.14816279339635705,3.0811338284835337,6156176.470588237,4.442489013410746,2.3917005248822023,0.24103345165821666,554555.4001627045,5.950000000000029,590531.9565626308,-2429937.6136364685,33.32352941176469,32.791128076650665,2680590.5789523292,0.0,312798.8707119974
sensitivity_common,downward_2,summer_zero_recorded_amount,33,0.1,0.0,0.0,54.35624835691648,36.020428059440746,183.79173203042646,0.0,0.0,0.0,0.0,0.0,2.283969696969697,0.41252434690693,4.162018953255447,0.306187714728506,3.5856665882994454,0.0,0.0,20555727.272727273,0.049198684665787654,0.6162464856525977,0.06644251148360254,2584729.3837798135,0.0,162784.15313482622,-7146522.075643837,0.0,0.0,10391649.926953048,0.00930456397096597,-89837.88621686562
sensitivity_common,downward_2,summer_zero_recorded_amount,33,0.1,0.5,2.975,54.165636657192685,35.92838527247858,181.60963485941264,2.1820971710138215,0.736306372905176,3.3263023843838653,0.1906116997237976,0.09204278696216062,2.283969696969697,0.41252434690693,4.162018953255447,0.40732791882890407,4.565764364778939,0.060483031221697216,0.0,20555727.272727273,2.8099478794292807,2.397947556752015,0.12692554270529977,2558788.069604797,2.9750000000000143,310967.5796279844,-7087972.710379481,0.0,0.051577917098608296,10268531.294315327,0.008254911155156919,-16594.284770865193
sensitivity_common,downward_2,summer_zero_recorded_amount,33,0.1,1.0,5.95,53.95849974031569,35.8349675887691,179.38296249139103,4.408769539035415,0.7547713493317758,6.859508378878161,0.39774861660079935,0.1854604706716378,2.283969696969697,0.41252434690693,4.162018953255447,0.6361756393616161,7.073651511324705,0.126137464695091,0.0,20555727.272727273,5.319075432558839,2.3988334427390785,0.19257997617869355,2531306.932387318,5.950000000000029,471820.94163779926,-7028804.0489312345,0.0,0.22330273055922634,10143953.26647103,0.0086094317514354,278046.441455229
sensitivity_common,downward_2,summer_zero_recorded_amount,33,0.3,0.0,0.0,48.845651623020316,34.08385518274364,138.38499486822298,0.0,0.0,0.0,0.0,0.0,6.851909090909091,0.41252434690693,4.162018953255447,0.31666427423751764,3.592499489877321,0.0,0.0,15987787.878787875,0.05266693925917811,0.6162754850131313,0.04910405103616982,2052738.1905484397,0.0,120304.92503861604,-5957623.982352802,0.0,0.0,7755555.747214135,0.005910917625935875,-83939.9908952793
sensitivity_common,downward_2,summer_zero_recorded_amount,33,0.3,0.5,2.975,48.70798192432902,34.01310054347117,136.7209452201581,1.6640496480648923,0.5365975558176217,2.5464881853325494,0.1376696986912969,0.07075463927247345,6.851909090909091,0.41252434690693,4.162018953255447,0.4187989542974422,4.5870450477526274,0.04505721407116808,0.5180475229489298,15987787.878787875,2.8280000548752797,2.3979475569360957,0.09416126510733788,2031090.8421572975,2.9750000000000143,230695.09951297785,-5914130.438559238,0.0,0.05159047607026189,7661064.242890013,0.005026403443384411,-909.2741196320487
sensitivity_common,downward_2,summer_zero_recorded_amount,33,0.3,1.0,5.95,48.557663739141766,33.94107838470566,135.01537735761337,3.3696175106096,0.5465734808153684,5.294948569361566,0.28798788387854407,0.14277679803798043,6.851909090909091,0.41252434690693,4.162018953255447,0.6493393254763036,7.109447526456975,0.09450288378585238,1.0391520284258147,15987787.878787875,5.351377428877265,2.3988334427619984,0.1436069348220222,2008414.5600582997,5.950000000000029,351836.99031395436,-5870146.6214299025,0.0,0.22331607064604458,7565243.700336761,0.005115412914697921,297811.59597939154
sensitivity_common,downward_2,summer_zero_recorded_amount,33,0.5,0.0,0.0,43.26812961971901,32.12499567956913,92.80214437407635,0.0,0.0,0.0,0.0,0.0,11.419848484848485,0.41252434690693,4.162018953255447,0.32490356077027666,3.5993831686698887,0.0,0.0,11419848.48484848,0.05686134868967447,0.616300101222339,0.03395646950164073,1514718.7246496244,0.0,83193.35027901983,-4801813.405523618,0.0,0.0,5088503.499708988,0.0031970320546627034,-78966.75661720574
sensitivity_common,downward_2,summer_zero_recorded_amount,33,0.5,0.5,2.975,43.17231927871042,32.07323842788241,91.59495623954922,1.207188134527119,0.36603708026372317,1.8502173804732678,0.09581034100860183,0.05175725168671683,11.419848484848485,0.41252434690693,4.162018953255447,0.42775827294068147,4.606135786735499,0.03214231223632431,0.9749090364867025,11419848.48484848,2.8446530109210393,2.3979475571196316,0.06609878173796503,1496528.84939648,2.9750000000000143,161942.01525801435,-4771055.1880138675,0.0,0.05160290162996929,5019437.197088605,0.0025886203227200462,12937.882654515177
sensitivity_common,downward_2,summer_zero_recorded_amount,33,0.5,1.0,5.95,43.06644612658832,32.02030690559859,90.35261889681625,2.449525477260083,0.3716463315387273,3.865811126160793,0.20168349313069736,0.10468877397054152,11.419848484848485,0.41252434690693,4.162018953255447,0.6595124236424922,7.141017339612575,0.06789435823367529,1.9592440617753317,11419848.48484848,5.380444455347736,2.3988334427847984,0.10185082773531601,1477855.818267902,5.950000000000029,249534.52795152421,-4739887.005676327,0.0,0.22332926638817135,4949149.104176531,0.002612626206776105,314733.13600768254
sensitivity_common,downward_2,summer_reported_rain,17,0.1,0.0,0.0,42.41436217785004,29.720053324726745,100.91442108688855,0.0,0.0,0.0,0.0,0.0,1.2312352941176472,2.6852645106027127,19.422401513698258,3.4825311223414728,26.946951244994704,0.0,0.0,11081117.647058824,9.321257223825027,1.791378260265242,0.12059719301384089,1134633.4079420913,0.0,295463.12288391026,-3716384.285640302,33.32352941176469,23.089737615459523,5770055.329649074,0.005329232272356759,743417.004097779
sensitivity_common,downward_2,summer_reported_rain,17,0.1,0.5,2.975,42.30530837561801,29.677764196811903,99.90304543596535,1.0113756509231928,0.0032228918512515747,2.7293345759827616,0.10905380223202578,0.04228912791484351,1.2312352941176472,2.6852645106027127,19.422401513698258,3.566006828550694,28.056277941601795,0.025952309457287298,0.0,11081117.647058824,11.037697411098536,2.3989606648938144,0.14654950247112822,1122148.0609983457,2.9750000000000143,359046.28105426417,-3690682.2058610343,33.32352941176469,24.238400498557404,5713294.126079464,0.0048603183102043515,851049.2049468633
sensitivity_common,downward_2,summer_reported_rain,17,0.1,1.0,5.95,42.20555482771853,29.6402826617305,99.00289287655295,1.9115282103356028,0.006201041793360673,5.723886581091961,0.20880735013151006,0.07977066299624729,1.2312352941176472,2.6852645106027127,19.422401513698258,3.66009565507196,29.36207134474499,0.050405694039292306,0.0,11081117.647058824,12.343995719239386,2.3994092668863307,0.1710028870531332,1111292.9480979152,5.950000000000029,418957.0732801763,-3667827.419851455,33.32352941176469,25.7886162823189,5663357.646513455,0.004916621315793971,996000.8852113679
sensitivity_common,downward_2,summer_reported_rain,17,0.3,0.0,0.0,38.917530066157234,28.701056142730067,76.8270131255737,0.0,0.0,0.0,0.0,0.0,3.693705882352941,2.6852645106027127,19.422401513698258,3.490181550105089,26.96397753504652,0.0,0.0,8618647.058823533,9.33635041970708,1.7914658008773867,0.09183265016909266,861337.5297485522,0.0,224989.99291427704,-3123353.5817822446,33.32352941176469,23.093737899876672,4367332.9672750635,0.0033085974904320335,761381.5671485091
sensitivity_common,downward_2,summer_reported_rain,17,0.3,0.5,2.975,38.83468360178058,28.667851589002,76.03910333967622,0.787909785897477,0.0026931489205281878,2.1025078291583554,0.08284646437664837,0.03320455372806438,3.693705882352941,2.6852645106027127,19.422401513698258,3.5740406888356526,28.07890541148049,0.01971552587443413,0.2234658650257162,8618647.058823533,11.058348358553822,2.3989606649781026,0.11154817604352679,850357.8415580171,2.9750000000000143,273293.0313066406,-3103790.6484669824,33.32352941176469,24.242740494737042,4322811.961565138,0.0028837958024905282,872493.4591590891
sensitivity_common,downward_2,summer_reported_rain,17,0.3,1.0,5.95,38.758519035269615,28.638331519885863,75.33350000033928,1.4935131252344291,0.005178360797430059,4.413304447878147,0.15901103088762375,0.06272462284420233,3.693705882352941,2.6852645106027127,19.422401513698258,3.668554898303648,29.38963493812413,0.03851422587210782,0.4180150851011733,8618647.058823533,12.369547084712396,2.3994092668969427,0.1303468760412005,840923.5022850288,5.950000000000029,319349.8463009412,-3086380.280476769,33.32352941176469,25.793249456709393,4283517.301984764,0.0029043933990573283,1019109.7569733306
sensitivity_common,downward_2,summer_reported_rain,17,0.5,0.0,0.0,35.396093612017296,27.671235693495312,52.611281382208325,0.0,0.0,0.0,0.0,0.0,6.156176470588235,2.6852645106027127,19.422401513698258,3.496706954859652,26.979568075985625,0.0,0.0,6156176.470588237,9.350378267654952,1.791539619422877,0.06585558311357503,585139.9463180667,0.0,161346.1786282588,-2542367.9722631266,33.32352941176469,23.09752520269305,2949362.565070225,0.0016720859537161874,778405.0695579064
sensitivity_common,downward_2,summer_reported_rain,17,0.5,0.5,2.975,35.33762259991332,27.64630285180855,52.02550698566385,0.5857743965444729,0.002162849987144,1.4681541781751548,0.05847101210398035,0.024932841686762477,6.156176470588235,2.6852645106027127,19.422401513698258,3.5808379311909215,28.09932478961135,0.014387818958046653,0.4256012543787191,6156176.470588237,11.07720175951051,2.3989606650622792,0.08024340207162169,575370.5792413683,2.9750000000000143,196596.3350754731,-2528117.395883243,33.32352941176469,24.24682864813863,2915918.6859490685,0.0013178185441495337,892674.9748702747
sensitivity_common,downward_2,summer_reported_rain,17,0.5,1.0,5.95,35.2832738578277,27.624012853699167,51.49957630448566,1.111705077722663,0.004154605060200822,3.067062058588988,0.1128197541895933,0.04722283979614496,6.156176470588235,2.6852645106027127,19.422401513698258,3.675710555430483,29.41428464596015,0.028343383870112558,0.7998231326129369,6156176.470588237,12.392617685288231,2.3994092669075484,0.09419896698368758,567092.6244062738,5.950000000000029,230787.46911003458,-2515396.103750782,33.32352941176469,25.79759200079351,2886232.9595840233,0.001325286128335967,1040646.2424503979
sensitivity_common,drainage_1,summer_zero_recorded_amount,33,0.1,0.0,0.0,54.34590903916521,36.01685713062744,183.68753024593843,0.0,0.0,0.0,0.0,0.0,2.283969696969697,0.481767404564803,3.726550346847929,0.3146883373038089,3.8234432332987156,0.0,0.0,20555727.272727273,0.10851823415740726,0.0,0.07018618081019538,2590437.835540209,0.0,171956.14298497868,-7143825.248234236,0.0,0.0,10388392.610006792,0.011625347706609848,-13547.149256759038
sensitivity_common,drainage_1,summer_zero_recorded_amount,33,0.1,0.5,2.975,53.61756737512801,35.755099672859586,177.44125324318756,6.246277002750877,1.2578152885656948,9.594805780914669,0.7283416640372029,0.2617574577678532,2.283969696969697,0.481767404564803,3.726550346847929,0.5967422428306725,6.2476967434709945,0.207728769846886,0.0,20555727.272727273,2.521189259087875,0.0,0.27791495065708144,2550863.533271385,2.9750000000000143,680891.6291098495,-6975285.503421682,0.0,0.06096381445398947,10029574.813219039,4.286246479600311e-05,263877.750151033
sensitivity_common,drainage_1,summer_zero_recorded_amount,33,0.1,1.0,5.95,53.00240883030244,35.527782246147616,172.0216010640674,11.665929181871052,1.2633045670798708,18.38150591679377,1.3435002088627679,0.48907488447982067,2.283969696969697,0.481767404564803,3.726550346847929,0.8337996063570763,8.546900847922835,0.3853816516700521,0.0,20555727.272727273,4.820392829173248,0.0,0.4555678324802475,2515923.1711053206,5.950000000000029,1116141.1895766065,-6830393.133539272,0.0,0.3220494646526182,9720953.695934182,4.2328098355217944e-05,526583.2981683242
sensitivity_common,drainage_1,summer_zero_recorded_amount,33,0.3,0.0,0.0,48.838629975384485,34.081239657302724,138.30477753150788,0.0,0.0,0.0,0.0,0.0,6.851909090909091,0.481767404564803,3.726550346847929,0.3252359543093119,3.831008793540744,0.0,0.0,15987787.878787875,0.1132151681304313,0.0,0.05207300356267417,2058049.3543416613,0.0,127578.85872855173,-5955753.230475984,0.0,0.0,7753207.072815075,0.008756721437614523,-9096.134380438942
sensitivity_common,drainage_1,summer_zero_recorded_amount,33,0.3,0.5,2.975,48.30772474041895,33.8814610060416,133.55170070221348,4.7530768292944,0.9488677509737045,7.3655670531395,0.5309052349655407,0.19977865126112748,6.851909090909091,0.481767404564803,3.726550346847929,0.6060345643865692,6.3089810056774365,0.15526123383406748,1.4932001734564757,15987787.878787875,2.582432356244262,0.0,0.20733423739674164,2028903.6094231454,2.9750000000000143,507968.881622017,-5832059.978141382,0.0,0.06096794395199823,7479721.510870654,1.6974147455039698e-06,281785.35102478566
sensitivity_common,drainage_1,summer_zero_recorded_amount,33,0.3,1.0,5.95,47.84581284103258,33.70603828120821,129.37996718037496,8.924810351132907,0.9490655576271365,14.219505606812163,0.9928171343519079,0.37520137609451576,6.851909090909091,0.481767404564803,3.726550346847929,0.8485738903338116,8.645800079045364,0.28975307958828067,2.7411188307381433,15987787.878787875,4.919250691240954,0.0,0.3418260831509548,2002392.6479847692,5.950000000000029,837473.9037198394,-5724473.871239081,0.0,0.32211769888262626,7241972.652033028,9.59043514135842e-07,555449.3650553175
sensitivity_common,drainage_1,summer_zero_recorded_amount,33,0.5,0.0,0.0,43.26347925369417,32.1230826932885,92.74286008665212,0.0,0.0,0.0,0.0,0.0,11.419848484848485,0.481767404564803,3.726550346847929,0.3328276051186312,3.839081447165839,0.0,0.0,11419848.48484848,0.11929606229169633,0.0,0.036408699128271806,1519491.3405973979,0.0,89201.31286426591,-4800531.513418127,0.0,0.0,5086743.043176804,0.0067649619737972745,-5696.563003744003
sensitivity_common,drainage_1,summer_zero_recorded_amount,33,0.5,0.5,2.975,42.89253573033249,31.978298241242197,89.31068824316678,3.432171843485342,0.6668200636366066,5.396267855672832,0.37094352336169073,0.1447844520463094,11.419848484848485,0.481767404564803,3.726550346847929,0.6138914096571886,6.361581055809271,0.1104645248142591,2.814105159265537,11419848.48484848,2.6350324063755983,0.0,0.1468732239425309,1498121.7436532276,2.9750000000000143,359839.39865920076,-4714344.590572136,0.0,0.060972062003779796,4888778.860901453,1.6974142745332235e-06,295394.8341718827
sensitivity_common,drainage_1,summer_zero_recorded_amount,33,0.5,1.0,5.95,42.565924958031,31.849753659365593,86.2689407560889,6.47391933056322,0.6654784546906569,10.457998188232082,0.6975542956631804,0.2733290339229117,11.419848484848485,0.481767404564803,3.726550346847929,0.8612309592151496,8.731072562832939,0.20742042318860796,5.192009851307834,11419848.48484848,5.004523175028468,0.0,0.24382912231687975,1478122.4795501037,5.950000000000029,597381.3496763554,-4638526.581080515,0.0,0.3221851070477965,4714846.627830003,9.590434590789255e-07,577594.7899994715
sensitivity_common,drainage_1,summer_reported_rain,17,0.1,0.0,0.0,42.36902086890829,29.713197001980802,100.72851657459125,0.0,0.0,0.0,0.0,0.0,1.2312352941176472,2.668470982927155,11.904515169357436,3.632499423387835,17.714003094327154,0.0,0.0,11081117.647058824,5.813119591646906,0.0,0.13507929132673174,1160190.0775517093,0.0,330944.2637504927,-3711826.176235454,33.32352941176469,26.41493375500764,5755570.410248179,0.003631666677170821,610202.2110912482
sensitivity_common,drainage_1,summer_reported_rain,17,0.1,0.5,2.975,42.011194517284004,29.606169070620876,98.16222530916323,2.5662912654280365,0.003050619661514986,8.038874246394244,0.35782635162428195,0.10702793135992712,1.2312352941176472,2.668470982927155,11.904515169357436,3.746094784119126,19.13138267300351,0.08081557043463311,0.0,11081117.647058824,7.226867503646046,0.0,0.21589486176136485,1144468.7299382936,2.9750000000000143,528942.4113153439,-3645340.9108093,33.32352941176469,27.778143245165452,5609903.15478822,0.0,762036.681545667
sensitivity_common,drainage_1,summer_reported_rain,17,0.1,1.0,5.95,41.7237034847916,29.522197632879834,96.14942459208129,4.579091982509977,0.0058715769706410015,15.489213820172466,0.6453173841166883,0.19099936910096585,1.2312352941176472,2.668470982927155,11.904515169357436,3.826910095994269,20.257745017235354,0.14154001102942704,0.0,11081117.647058824,8.353229847877907,0.0,0.2766193023561588,1131602.107142685,5.950000000000029,677717.290772589,-3593591.3384705633,33.32352941176469,29.485241148463693,5500475.423644762,0.0,880831.144262386
sensitivity_common,drainage_1,summer_reported_rain,17,0.3,0.0,0.0,38.88228108911028,28.695610301394623,76.6796530148629,0.0,0.0,0.0,0.0,0.0,3.693705882352941,2.668470982927155,11.904515169357436,3.639771201844381,17.7330260456413,0.0,0.0,8618647.058823533,5.830539150373353,0.0,0.10357056628924634,882247.6339151445,0.0,253747.88740865354,-3119917.270344355,33.32352941176469,26.420147750274477,4356136.817105763,0.002028274089513505,627650.5409268709
sensitivity_common,drainage_1,summer_reported_rain,17,0.3,0.5,2.975,38.615571601039534,28.61250094427296,74.6938293802676,1.9858236345952955,0.002520431988031646,6.12573629163839,0.2667094880707457,0.08310935712166871,3.693705882352941,2.668470982927155,11.904515169357436,3.7505011955134986,19.17078506591735,0.061359968561911,0.5804676308327407,8618647.058823533,7.2662698965599155,0.0,0.16493053485115733,870053.5636489112,2.9750000000000143,404079.81038533547,-3070120.0450898753,33.32352941176469,27.785298767767397,4243151.629159124,0.0,784595.1817069702
sensitivity_common,drainage_1,summer_reported_rain,17,0.3,1.0,5.95,38.406032836291686,28.54657638554827,73.11734482316562,3.562308191697266,0.0048480413550962,11.867867195392137,0.47624825281858646,0.1490339158463544,3.693705882352941,2.668470982927155,11.904515169357436,3.832481838394951,20.30843939746363,0.108043510187682,1.0167837908127113,8618647.058823533,8.403924228106176,0.0,0.21161407647692834,859768.816439593,5.950000000000029,518454.4873684744,-3030930.5093600494,33.32352941176469,29.493980251713964,4157330.7589830863,0.0,907278.3651838026
sensitivity_common,drainage_1,summer_reported_rain,17,0.5,0.0,0.0,35.37014343965174,27.66695214628854,52.49824097008664,0.0,0.0,0.0,0.0,0.0,6.156176470588235,2.668470982927155,11.904515169357436,3.6457551027342667,17.750534610022584,0.0,0.0,6156176.470588237,5.846855232617677,0.0,0.07512424714607754,601265.301195644,0.0,184054.40550789,-2539816.06767737,33.32352941176469,26.425101604146477,2940969.8129280023,0.000835791952548486,644017.4783001317
sensitivity_common,drainage_1,summer_reported_rain,17,0.5,0.5,2.975,35.18402369104372,27.60543078486753,51.03917453443342,1.4590664356532175,0.0019896918161563804,4.299090910659956,0.18611974860801647,0.06152136142101086,6.156176470588235,2.668470982927155,11.904515169357436,3.7544003731105304,19.205455160330523,0.04450982516493301,1.1072248297748186,6156176.470588237,7.300939990973095,0.0,0.11963407231101056,591686.6993937299,2.9750000000000143,293103.47716197587,-2504246.74959062,33.32352941176469,27.79202595829736,2857373.0666880645,0.0,805033.2922648878
sensitivity_common,drainage_1,summer_reported_rain,17,0.5,1.0,5.95,35.02996739959471,27.556021610133307,49.869489855805924,2.6287511142807105,0.0038234377897765626,8.35632927112907,0.3401760400570269,0.11093053615523353,6.156176470588235,2.668470982927155,11.904515169357436,3.837412827019644,20.352946230251575,0.07886782493297549,1.9503408682292662,6156176.470588237,8.44843106089416,0.0,0.15399207207905305,583394.43478621,5.950000000000029,377280.57659367996,-2475909.1017893283,33.32352941176469,29.502164434699168,2793044.165821181,0.0,930905.5333340218
sensitivity_common,drainage_2,summer_zero_recorded_amount,33,0.1,0.0,0.0,54.554546239216435,36.07665394909204,185.1118289884395,0.0,0.0,0.0,0.0,0.0,2.283969696969697,0.2390089623210874,0.21440438718807922,0.008065590512026122,3.7670505820951603e-06,0.0,0.0,20555727.272727273,0.21459069749708534,0.428991317634539,0.01635267431197656,2624686.855235363,0.0,40064.05206434257,-7180861.803076176,0.0,0.0,10476991.35466658,0.0,-54616.592162996974
sensitivity_common,drainage_2,summer_zero_recorded_amount,33,0.1,0.5,2.975,53.8777427597422,35.829782028805376,179.2339479274943,5.8778810609452075,1.9833321581720895,8.93774785732694,0.6768034794742381,0.2468719202866702,2.283969696969697,0.2390089623210874,0.21440438718807922,0.05746155972546274,0.030952844425417365,0.19176190256253411,0.0,20555727.272727273,2.9186015522162956,3.102053094978905,0.20811457687451065,2598863.642348839,2.9750000000000143,509880.71334255114,-7020956.467169508,0.0,0.0298312735048352,10136980.781400874,0.0,-107902.32571086001
sensitivity_common,drainage_2,summer_zero_recorded_amount,33,0.1,1.0,5.95,53.25309688815622,35.59866103482341,173.74470979413496,11.36711919430454,2.9343234183888,17.382906170375378,1.3014493510602183,0.4779929142686391,2.283969696969697,0.2390089623210874,0.21440438718807922,0.10439713262787692,0.03176106939219923,0.36822967493579584,0.0,20555727.272727273,5.555220881748875,5.737864199544714,0.3845823492477724,2566519.063104104,5.950000000000029,942226.7556570424,-6873182.262682172,0.0,0.14480859869658885,9821397.634305103,0.0,-174082.19849641089
sensitivity_common,drainage_2,summer_zero_recorded_amount,33,0.3,0.0,0.0,48.99224201406032,34.125599811856894,139.3616121163878,0.0,0.0,0.0,0.0,0.0,6.851909090909091,0.2390089623210874,0.21440438718807922,0.008485676029745787,3.963251912430142e-06,0.0,0.0,15987787.878787875,0.21867452806191356,0.43307495199803714,0.011848758229427861,2082458.7082019087,0.0,29029.457662098263,-5982144.328273739,0.0,0.0,7818905.296864299,0.0,-52746.36289900633
sensitivity_common,drainage_2,summer_zero_recorded_amount,33,0.3,0.5,2.975,48.50089861825737,33.93736650753387,134.89400204106093,4.467610075326859,1.6739884127405418,6.85531701601289,0.4913433958029507,0.18823330432302451,6.851909090909091,0.2390089623210874,0.21440438718807922,0.060763363600960345,0.03422251021296612,0.14265936363702117,1.4102709856183486,15987787.878787875,2.9689021408958984,3.149084017870957,0.15450812186644902,2063527.3624850258,2.9750000000000143,378544.8985728001,-5864866.264303257,0.0,0.029835335957795195,7559989.280143542,0.0,-93409.05958591565
sensitivity_common,drainage_2,summer_zero_recorded_amount,33,0.3,1.0,5.95,48.032956305330764,33.75938288713934,130.67893500770793,8.682677108679853,2.181905273996449,13.436785479603799,0.959285708729558,0.3662169247175656,6.851909090909091,0.2390089623210874,0.21440438718807922,0.11030447408841082,0.03503377132213401,0.2754076063693336,2.684442085624688,15987787.878787875,5.646629700315647,5.826000316181551,0.28725636459876147,2038805.7899737237,5.950000000000029,703778.0932669656,-5755334.23910816,0.0,0.14481842331830083,7317386.42698098,0.0,-145703.2345759762
sensitivity_common,drainage_2,summer_zero_recorded_amount,33,0.5,0.0,0.0,43.368742751064566,32.15364668667498,93.47201774172225,0.0,0.0,0.0,0.0,0.0,11.419848484848485,0.2390089623210874,0.21440438718807922,0.008851047186853688,4.133898740168912e-06,0.0,0.0,11419848.48484848,0.2221370735371571,0.43653732682645174,0.00802084159707641,1534449.1992781458,0.0,19651.061912837205,-4817987.131475489,0.0,0.0,5132026.635198279,0.0,-51039.12074857566
sensitivity_common,drainage_2,summer_zero_recorded_amount,33,0.5,0.5,2.975,43.02660317953457,32.01748573716149,90.25095175389407,3.221065987828167,1.3770774175168015,5.020970514684777,0.34213957153,0.13616094951349275,11.419848484848485,0.2390089623210874,0.21440438718807922,0.06362054678919098,0.03703176820437749,0.10078138769635393,2.6568150731170355,11419848.48484848,3.0117467993602496,3.1891194183438976,0.10880222929343035,1519952.2174745656,2.9750000000000143,266565.46176890435,-4736380.572013999,0.0,0.029839386878229443,4944925.244581174,0.0,-80828.20857805901
sensitivity_common,drainage_2,summer_zero_recorded_amount,33,0.5,1.0,5.95,42.696956345188966,31.88753659384776,87.18825702050214,6.283760721220117,1.5146620739912464,9.869793470562698,0.6717864058756006,0.26611009282722964,11.419848484848485,0.2390089623210874,0.21440438718807922,0.11545541201283845,0.0378456431103357,0.19561960314998852,5.083358473084423,11419848.48484848,5.72508490554382,5.901643649621524,0.2036404447470649,1500966.4324466907,5.950000000000029,498919.089630309,-4659429.051088091,0.0,0.1448282000173895,4768063.960943496,0.0,-120332.94850908831
sensitivity_common,drainage_2,summer_reported_rain,17,0.1,0.0,0.0,42.57395133111438,29.75850192023267,101.8334526924324,0.0,0.0,0.0,0.0,0.0,1.2312352941176472,2.309947874465421,2.576084739378471,3.0472423485522264,3.3302963377097283,0.0,0.0,11081117.647058824,7.830630718684357,7.07641912035378,0.09002688741745297,1185253.3092020098,0.0,220565.8741727597,-3738744.1437639687,33.32352941176469,24.665577331576152,5823282.117996781,0.0,22228.11274205534
sensitivity_common,drainage_2,summer_reported_rain,17,0.1,0.5,2.975,42.228727771507025,29.655672642035025,99.37279557904345,2.4606571133889625,0.0018083430817910084,7.4055186506982125,0.3452235596073545,0.1028292781976486,1.2312352941176472,2.309947874465421,2.576084739378471,3.073021877287456,3.489716988196141,0.07588754767354992,0.0,11081117.647058824,9.429362896362543,8.515730647545587,0.1659144350910029,1172901.3783865068,2.9750000000000143,406490.3659729571,-3674527.0661032125,33.32352941176469,25.940178077489225,5682602.346347229,0.0,8271.848342433812
sensitivity_common,drainage_2,summer_reported_rain,17,0.1,1.0,5.95,41.918100092537216,29.56348090513778,97.16971049227276,4.6637422001596525,0.003497549450841575,14.510637151267076,0.6558512385771631,0.19502101509489164,1.2312352941176472,2.309947874465421,2.576084739378471,3.1000267732945437,3.6063594472175424,0.14173496981838915,0.0,11081117.647058824,10.859753892928888,9.829479185090515,0.23176185723584214,1158679.1089529078,5.950000000000029,567816.5502278131,-3617523.171023077,33.32352941176469,27.391934762770997,5559597.040728578,0.0,-11778.724443792913
sensitivity_common,drainage_2,summer_reported_rain,17,0.3,0.0,0.0,39.03253884740469,28.727754766840054,77.472702173508,0.0,0.0,0.0,0.0,0.0,3.693705882352941,2.309947874465421,2.576084739378471,3.048543961439724,3.3402424742831975,0.0,0.0,8618647.058823533,7.84547322647853,7.081315491574494,0.06982563751737221,895638.8207700719,0.0,171072.8119175619,-3138376.2772473614,33.32352941176469,24.669634460794573,4404291.744046681,0.0,42871.41817355569
sensitivity_common,drainage_2,summer_reported_rain,17,0.3,0.5,2.975,38.7777095943967,28.648087961219403,75.57344075239442,1.899261421113572,0.00127394566447947,5.6351153515431065,0.2548292530079851,0.07966680562065086,3.693705882352941,2.309947874465421,2.576084739378471,3.0750443704888286,3.499905083348688,0.057267850563779366,0.5613956922753909,8618647.058823533,9.461346758799552,8.537526414830076,0.1270934880811516,885790.1066702568,2.9750000000000143,311379.0457988214,-3090388.954084979,33.32352941176469,25.944992668860696,4295464.534366183,0.0,34364.83901783306
sensitivity_common,drainage_2,summer_reported_rain,17,0.3,1.0,5.95,38.55280666021125,28.576113834885824,73.85817825131295,3.614523922195051,0.002465878537158517,11.100321915197497,0.4797321871934321,0.1516409319542321,3.693705882352941,2.309947874465421,2.576084739378471,3.102694204306776,3.6183097031023608,0.10735158893847616,1.0492182779646018,8618647.058823533,10.905048962871374,9.862823999148194,0.17717722645584838,874360.6386432236,5.950000000000029,434084.20481682854,-3047450.2842370747,33.32352941176469,27.39855689259627,4199626.964586579,0.0,20428.093838600904
sensitivity_common,drainage_2,summer_reported_rain,17,0.5,0.0,0.0,35.47146549755411,27.687092262985907,53.00780085387484,0.0,0.0,0.0,0.0,0.0,6.156176470588235,2.309947874465421,2.576084739378471,3.049721834248516,3.3492767858347174,0.0,0.0,6156176.470588237,7.85885666109188,7.085664614636324,0.051397240602791015,603212.6465941054,0.0,125923.23947683796,-2551005.5688247513,33.32352941176469,24.673501550287003,2971408.1426404114,0.0,63118.95565014261
sensitivity_common,drainage_2,summer_reported_rain,17,0.5,0.5,2.975,35.29441410683859,27.62831096381825,51.617108321840924,1.3906925320339254,0.0007389875303616122,3.926543146694911,0.17705139071553103,0.058781299167656356,6.156176470588235,2.309947874465421,2.576084739378471,3.0768558982953538,3.50916371794166,0.04117601300489508,1.0699645813550358,6156176.470588237,9.489498373380636,8.556419394818178,0.09257325360768609,595017.7300994543,2.9750000000000143,226804.47133883092,-2516833.490918377,33.32352941176469,25.94954976094657,2891175.3892923445,0.0,59506.919440823214
sensitivity_common,drainage_2,summer_reported_rain,17,0.5,1.0,5.95,35.13045216112144,27.574823400282035,50.353383235897844,2.654417617977001,0.0014331235919016194,7.772459884746738,0.3410133364326773,0.11226886270387272,6.156176470588235,2.309947874465421,2.576084739378471,3.105076397350611,3.629226836243065,0.07747295632131046,2.0093245821826535,6156176.470588237,10.944720956304932,9.89157885944104,0.12887019692410148,585738.1233837642,5.950000000000029,315731.98246404855,-2486036.5265613166,33.32352941176469,27.404809735650623,2820047.067076412,0.0,51312.04383338148
sensitivity_common,emissivity_1,summer_zero_recorded_amount,33,0.1,0.0,0.0,54.7596630632645,36.20765629175217,187.74951364707653,0.0,0.0,0.0,0.0,0.0,2.283969696969697,0.3826556832242763,2.294394385197316,0.178331158348415,1.872750216386558,0.0,0.0,20555727.272727273,0.15591334533378873,0.5764368515829918,0.04953184210310139,2652524.76379507,0.0,121353.01315259842,-6884565.137292967,0.0,0.0,10637244.533211075,0.001120662561028355,-82193.98069327667
sensitivity_common,emissivity_1,summer_zero_recorded_amount,33,0.1,0.5,2.975,54.02214156395515,35.94111965984777,181.40114746990093,6.34836617717559,1.601229048225747,9.817640131887913,0.7375214993093515,0.26653663190440124,2.283969696969697,0.3826556832242763,2.294394385197316,0.3180057602535593,2.631610842492723,0.20557468662365264,0.0,20555727.272727273,2.729886719263398,2.392670261967462,0.255106528726754,2611373.3031467847,2.9750000000000143,625010.9953805474,-6721333.344208815,0.0,0.0546566749805852,10272088.65353412,0.0,-43728.33977105164
sensitivity_common,emissivity_1,summer_zero_recorded_amount,33,0.1,1.0,5.95,53.37100746419732,35.701492729752864,175.68118306231872,12.068330584757787,1.608730194440227,18.89305851286764,1.3886555990671774,0.5061635619993083,2.283969696969697,0.3826556832242763,2.294394385197316,0.559716653900334,4.976517734117795,0.3907224489545822,0.0,20555727.272727273,5.078333068663785,2.3962097197429335,0.4402542910576836,2574215.2859628056,5.950000000000029,1078623.0130913248,-6576211.587422234,0.0,0.2543516696024999,9946238.450905163,0.0,224129.84616284803
sensitivity_common,emissivity_1,summer_zero_recorded_amount,33,0.3,0.0,0.0,49.16310816582248,34.240709167646884,141.54942310790614,0.0,0.0,0.0,0.0,0.0,6.851909090909091,0.3826556832242763,2.294394385197316,0.18192331521757155,1.8820448492795914,0.0,0.0,15987787.878787875,0.164886716917882,0.5768035058954223,0.03627839802847911,2109640.9483552896,0.0,88882.07516977382,-5736484.732729345,0.0,0.0,7959502.898657501,0.0004327469396555868,-77275.9418994184
sensitivity_common,emissivity_1,summer_zero_recorded_amount,33,0.3,0.5,2.975,48.62875751870557,34.037444635528004,136.7259135602338,4.823509547672334,1.2057740676654873,7.476217068566996,0.5343506471169116,0.2032645321188766,6.851909090909091,0.3826556832242763,2.294394385197316,0.326340338439026,2.688795791435417,0.153304447700247,1.5248566295032562,15987787.878787875,2.7870716799664597,2.392670273727817,0.1895828457287261,2079116.405832945,2.9750000000000143,464477.972035379,-5616834.148710145,0.0,0.05466081909008375,7681456.840591452,0.0,-19207.83372251544
sensitivity_common,emissivity_1,summer_zero_recorded_amount,33,0.3,1.0,5.95,48.140614850302924,33.852800896136564,132.3344041689216,9.215018938984537,1.2074446085146349,14.567190686767958,1.0224933155195557,0.38790827151032214,6.851909090909091,0.3826556832242763,2.294394385197316,0.5737991621236936,5.0731474207467,0.29322761022179517,2.853311645773251,15987787.878787875,5.174962756734558,2.396209721184821,0.32950600825027426,2051054.945757841,5.950000000000029,807289.720213172,-5509296.023143607,0.0,0.2543877561157828,7430854.698862582,0.0,260022.29336843904
sensitivity_common,emissivity_1,summer_zero_recorded_amount,33,0.5,0.0,0.0,43.50407907714572,32.25201144211818,95.18454518812791,0.0,0.0,0.0,0.0,0.0,11.419848484848485,0.3826556832242763,2.294394385197316,0.1841499502356987,1.890876408784238,0.0,0.0,11419848.48484848,0.17365840953771425,0.5771187187862807,0.024904990614849153,1560762.0574739506,0.0,61017.22700638043,-4621410.023453026,0.0,0.0,5251652.677105854,5.766716398555826e-05,-73115.21232787143
sensitivity_common,emissivity_1,summer_zero_recorded_amount,33,0.5,0.5,2.975,43.13184230502285,32.104861576653505,91.70588497597436,3.4786602121535535,0.8433948733976564,5.493321951012405,0.3722367721228639,0.14714986546467776,11.419848484848485,0.3826556832242763,2.294394385197316,0.33351614214952435,2.7375784190400916,0.10871527955953128,2.869705965022036,11419848.48484848,2.835854319267219,2.392670285423896,0.13362027017438044,1538181.6300157355,2.9750000000000143,327369.66192723205,-4538158.781985201,0.0,0.05466495163317182,5050646.869556118,0.0,1354.278138760487
sensitivity_common,emissivity_1,summer_zero_recorded_amount,33,0.5,1.0,5.95,42.78767145760131,31.969756507745565,88.50675442338516,6.677790764742743,0.8427432077537134,10.759498303567398,0.7164076195444019,0.2822549343726121,11.419848484848485,0.3826556832242763,2.294394385197316,0.5859992991612235,5.15612550172678,0.20938698833316774,5.390539820015042,11419848.48484848,5.257940839152405,2.396209722622619,0.2342919789480169,1517145.233172901,5.950000000000029,574015.3484226414,-4462523.479220106,0.0,0.2544235659626623,4867625.747007123,0.0,289407.20490098704
sensitivity_common,emissivity_1,summer_reported_rain,17,0.1,0.0,0.0,42.61999034858387,29.811614739674198,102.90630298981446,0.0,0.0,0.0,0.0,0.0,1.2312352941176472,2.571920700086069,9.59545634536729,3.4783642769015266,14.093269505186152,0.0,0.0,11081117.647058824,6.264559632442451,1.7664278039621903,0.12356001999589372,1194822.2839330265,0.0,302722.0489899396,-3574119.7952678525,33.32352941176469,26.02928485117109,5888325.968089849,0.0003186686601030641,451060.6593058482
sensitivity_common,emissivity_1,summer_reported_rain,17,0.1,0.5,2.975,42.252632765678236,29.701795952797646,100.27628752001135,2.6300154698030997,0.0035297359732595623,8.113730519006452,0.3673575829056349,0.10981878687655441,1.2312352941176472,2.571920700086069,9.59545634536729,3.5521753627256785,14.956993746414028,0.08092586698812948,0.0,11081117.647058824,7.757611222264551,2.3960738212164006,0.2044858869840232,1177972.730774555,2.9750000000000143,500990.42311085685,-3509251.368695511,33.32352941176469,27.356177639876655,5738731.100202324,0.0,526706.8992784345
sensitivity_common,emissivity_1,summer_reported_rain,17,0.1,1.0,5.95,41.948768896768954,29.61248630885197,98.1335323894801,4.772770600334378,0.0067873572811123495,15.806094626359908,0.6712214518149215,0.1991284308222316,1.2312352941176472,2.571920700086069,9.59545634536729,3.638404965056616,16.132367149752724,0.14503631676089312,0.0,11081117.647058824,8.934878110846414,2.3979673064597713,0.26859633675678685,1164182.6945148197,5.950000000000029,658061.0250541279,-3456947.425439046,33.32352941176469,29.00357069919111,5621689.806535799,0.0,651121.4768870017
sensitivity_common,emissivity_1,summer_reported_rain,17,0.3,0.0,0.0,39.08042062649233,28.77786681588836,78.44786409754408,0.0,0.0,0.0,0.0,0.0,3.693705882352941,2.571920700086069,9.59545634536729,3.4812889270012675,14.113791110829053,0.0,0.0,8618647.058823533,6.284992355341228,1.7666575898782408,0.09486317391161869,910520.6942883877,0.0,232414.77608346575,-3002530.4395286012,33.32352941176469,26.034305655596732,4466507.747779197,0.0,469991.2561924555
sensitivity_common,emissivity_1,summer_reported_rain,17,0.3,0.5,2.975,38.80725395727332,28.692688853094047,76.41345818482539,2.034405912718695,0.0029933749724904146,6.191965528314569,0.2731666692190091,0.08517796279431021,3.693705882352941,2.571920700086069,9.59545634536729,3.5563290513777446,14.994890079878788,0.061311484667833496,0.595609557084404,8618647.058823533,7.79550756196557,2.396073827452683,0.15617465857945217,897365.6550395461,2.9750000000000143,382627.91351965786,-2954030.533181753,33.32352941176469,27.36243883992814,4350642.589894449,0.0,552695.2205553114
sensitivity_common,emissivity_1,summer_reported_rain,17,0.3,1.0,5.95,38.58608031992149,28.622712170483556,74.73909114074843,3.7087729567956482,0.0057519491287223445,12.141758848964713,0.4943403065708376,0.15515464540480525,3.693705882352941,2.571920700086069,9.59545634536729,3.6437371820390285,16.182024701201186,0.11047910683669843,1.0639976435387297,8618647.058823533,8.98453566296702,2.3979673071319425,0.20534228074831712,886416.3743410537,5.950000000000029,503088.58783337683,-2914522.21422622,33.32352941176469,29.011834986096595,4259070.070137076,0.0,681120.0842227143
sensitivity_common,emissivity_1,summer_reported_rain,17,0.5,0.0,0.0,35.51688939448924,27.733375691662058,53.86061697554866,0.0,0.0,0.0,0.0,0.0,6.156176470588235,2.571920700086069,9.59545634536729,3.4834842427778123,14.132543960571363,0.0,0.0,6156176.470588237,6.303941812544245,1.7668541973389165,0.06895509608369278,623228.2915623775,0.0,168939.98540504734,-2442901.33960224,33.32352941176469,26.039068960445103,3029463.6600844488,0.0,487999.31617206364
sensitivity_common,emissivity_1,summer_reported_rain,17,0.5,0.5,2.975,35.327295165027046,27.67042695371601,52.36500682884428,1.4956101467043765,0.002456436557324082,4.376023213203453,0.18959422946219084,0.06294873794604887,6.156176470588235,2.571920700086069,9.59545634536729,3.560004436720922,15.028241893963502,0.04432397855219932,1.1344053230987254,6156176.470588237,7.828859381761328,2.396073833163734,0.11327907463589211,612851.1967207163,2.9750000000000143,277533.7328579357,-2408333.8112515765,33.32352941176469,27.368307218732767,2943908.391951728,0.0,576710.7349026182
sensitivity_common,emissivity_1,summer_reported_rain,17,0.5,1.0,5.95,35.16533309073763,27.618095468024844,51.12439341046022,2.7362235650884315,0.0047154249529342,8.568399067533477,0.3515563037516053,0.115280223637216,6.156176470588235,2.571920700086069,9.59545634536729,3.6484476331567883,16.22546769710118,0.08039981691138454,2.0365470352459476,6156176.470588237,9.027978659537396,2.39796730780236,0.1493549129950773,604098.1770326516,5.950000000000029,365919.53683793946,-2379844.6481099203,33.32352941176469,29.01966890616169,2875461.16115947,0.0,708388.5881558318
sensitivity_common,emissivity_2,summer_zero_recorded_amount,33,0.1,0.0,0.0,54.23235216287151,35.9413532856556,182.19842129376917,0.0,0.0,0.0,0.0,0.0,2.283969696969697,0.38283862876172714,2.2957534563999373,0.17881933362079072,1.8746602816347842,0.0,0.0,20555727.272727273,0.1568043242385193,0.5768483519484413,0.04826411795712495,2571206.4835682465,0.0,118247.08899495612,-7318695.184513364,0.0,0.0,10295506.02776346,0.0010491470547079624,-81705.37014015629
sensitivity_common,emissivity_2,summer_zero_recorded_amount,33,0.1,0.5,2.975,53.53016582912471,35.68777312274448,176.16525405281342,6.033167240955764,1.5409158265103144,9.177531886270714,0.7021863337467935,0.25358016291112473,2.283969696969697,0.38283862876172714,2.2957534563999373,0.3190683474727166,2.638884443498613,0.2000420511505059,0.0,20555727.272727273,2.7358013210025125,2.392670333903304,0.24830616910763087,2533059.8371551055,2.9750000000000143,608350.1143136956,-7150252.784467281,0.0,0.05466279117888731,9947420.627669502,0.0,-40801.90282831934
sensitivity_common,emissivity_2,summer_zero_recorded_amount,33,0.1,1.0,5.95,52.90757724593387,35.45926007861437,170.71488238635627,11.483538907412912,1.546493870778903,17.806665519340868,1.3247749169376293,0.4820932070412377,2.283969696969697,0.38283862876172714,2.2957534563999373,0.561405906522667,4.9876148171826475,0.38060861346462976,0.0,20555727.272727273,5.088071111478144,2.3962097506950517,0.4288727314217547,2498532.7401396777,5.950000000000029,1050738.191983299,-7000178.830035002,0.0,0.2544888793391898,9636220.936172491,0.0,228212.62897614375
sensitivity_common,emissivity_2,summer_zero_recorded_amount,33,0.3,0.0,0.0,48.743493945705644,34.014796316315014,137.070104027784,0.0,0.0,0.0,0.0,0.0,6.851909090909091,0.38283862876172714,2.2957534563999373,0.18227656277624488,1.8837308236194712,0.0,0.0,15987787.878787875,0.1655741543450955,0.5772043903379871,0.03538030842743202,2039100.6591017414,0.0,86681.75564720845,-6100732.204154745,0.0,0.0,7671662.721558693,0.000392396787045347,-76934.14598957782
sensitivity_common,emissivity_2,summer_zero_recorded_amount,33,0.3,0.5,2.975,48.230676723973204,33.82117145223025,132.4766556225649,4.593448405219104,1.1590937829043213,7.070933376065341,0.5128172217324497,0.1936248640847584,6.851909090909091,0.38283862876172714,2.2957534563999373,0.3271488179216332,2.694333378979689,0.14939232403812272,1.4397188357366595,15987787.878787875,2.791250268135135,2.392670345554845,0.18477263246555473,2010711.8419240336,2.9750000000000143,452692.9495406091,-5977000.8810116425,0.0,0.05466691023942183,7406218.6606285265,0.0,-17093.195290269003
sensitivity_common,emissivity_2,summer_zero_recorded_amount,33,0.3,1.0,5.95,47.76342658838069,33.64494086217591,128.28027155901188,8.789832468772117,1.159414359671871,13.805891374276541,0.9800673573249559,0.3698554541391043,6.851909090909091,0.38283862876172714,2.2957534563999373,0.5750726924643285,5.081418089305449,0.285986615451662,2.693706438640797,15987787.878787875,5.181874385028323,2.3962097521224694,0.32136692387909405,1984569.1792911708,5.950000000000029,787348.9635037803,-5865617.050517006,0.0,0.25452462739001097,7166631.982303211,0.0,262889.0315516036
sensitivity_common,emissivity_2,summer_zero_recorded_amount,33,0.5,0.0,0.0,43.18773042129964,32.066177687445865,91.77468377977114,0.0,0.0,0.0,0.0,0.0,11.419848484848485,0.38283862876172714,2.2957534563999373,0.18436876539798538,1.892409596865664,0.0,0.0,11419848.48484848,0.1742148776440796,0.5775112697560985,0.024302453141397198,1500910.8514045302,0.0,59541.010196423136,-4916510.0487229265,0.0,0.0,5017279.492724773,4.7467421735805964e-05,-72885.14351711127
sensitivity_common,emissivity_2,summer_zero_recorded_amount,33,0.5,0.5,2.975,42.82965439059156,31.92588393508504,88.4579445791087,3.3167392006624468,0.8134035591080391,5.190972805999735,0.358076030708087,0.14029375236082467,11.419848484848485,0.38283862876172714,2.2957534563999373,0.334119543442997,2.741742989975876,0.10608572358000619,2.7164280402933163,11419848.48484848,2.8386598907171012,2.3926703571406236,0.13038817672140338,1479775.9230594125,2.9750000000000143,319451.0329674383,-4830268.544800127,0.0,0.054671017880243034,4825143.192527638,0.0,2856.1945519005835
sensitivity_common,emissivity_2,summer_zero_recorded_amount,33,0.5,1.0,5.95,42.498929570514306,31.796863659437218,85.40121723952568,6.373466540245474,0.8122524018118753,10.124871972585638,0.6888008507853365,0.2693140280086423,11.419848484848485,0.38283862876172714,2.2957534563999373,0.586932702916265,5.162129554322247,0.20445754355654336,5.11007236716744,11419848.48484848,5.262585851467149,2.3962097535445275,0.22875999669794056,1460070.4262650188,5.950000000000029,560461.9919099543,-4751827.940398983,0.0,0.2545600776804066,4650016.617085463,0.0,291367.04697719077
sensitivity_common,emissivity_2,summer_reported_rain,17,0.1,0.0,0.0,42.31279057824721,29.676516271806303,99.97041193300981,0.0,0.0,0.0,0.0,0.0,1.2312352941176472,2.5721205292471128,9.597009903577082,3.478874549504353,14.096524090937308,0.0,0.0,11081117.647058824,6.2663961999748965,1.7666249512268124,0.12042799590900585,1149538.8274670702,0.0,295048.58997706434,-3805529.775355391,33.32352941176469,26.030208257010223,5709083.55275734,0.0002570613865878116,454748.17721645895
sensitivity_common,emissivity_2,summer_reported_rain,17,0.1,0.5,2.975,41.9624834317521,29.57185342555037,97.46394035283963,2.506471580170187,0.0023770101878000105,7.692434539354025,0.3503071464951126,0.1046628462559334,1.2312352941176472,2.5721205292471128,9.597009903577082,3.552776086834745,14.962258818788802,0.0788731500180181,0.0,11081117.647058824,7.761322810033575,2.396073894820475,0.19930114592702394,1133854.4529947902,2.9750000000000143,488287.80752120866,-3738457.6724880273,33.32352941176469,27.357249898216608,5566246.586090064,0.0,531364.0898399712
sensitivity_common,emissivity_2,summer_reported_rain,17,0.1,1.0,5.95,41.671597988848106,29.486625462578758,95.42103275612816,4.549379176881663,0.004584026068535252,15.011517510144103,0.6411925893991025,0.18989080922754678,1.2312352941176472,2.5721205292471128,9.597009903577082,3.6391253271822275,16.138714382746453,0.14145045065011538,0.0,11081117.647058824,8.93967182098737,2.3979673418168135,0.2618784465591212,1120993.2700119,5.950000000000029,641602.1940698471,-3684324.4451453714,33.32352941176469,29.004974346283262,5454438.843965561,0.0,656322.1049361083
sensitivity_common,emissivity_2,summer_reported_rain,17,0.3,0.0,0.0,38.8331683355269,28.66245424325447,76.02161425109708,0.0,0.0,0.0,0.0,0.0,3.693705882352941,2.5721205292471128,9.597009903577082,3.481618934322369,14.116635672803792,0.0,0.0,8618647.058823533,6.286473970925598,1.7668482016976281,0.09242986526223425,870472.5271307351,0.0,226453.16989247393,-3197773.776506858,33.32352941176469,26.035127170501692,4313933.728793679,0.0,473272.57862510823
sensitivity_common,emissivity_2,summer_reported_rain,17,0.3,0.5,2.975,38.57271466438372,28.581202659225397,74.08144367573205,1.9401705753650318,0.001849065829645724,5.860718790214804,0.2604536711431815,0.08125158402907384,3.693705882352941,2.5721205292471128,9.597009903577082,3.556808851342037,14.99913890863142,0.05983242732716933,0.5663010048051551,8618647.058823533,7.7982029056108715,2.3960739005551255,0.15226229258940355,858167.3762305317,2.9750000000000143,373042.61684403877,-3147537.6427865564,33.32352941176469,27.363375891469637,4203178.765125444,0.0,556724.767656938
sensitivity_common,emissivity_2,summer_reported_rain,17,0.3,1.0,5.95,38.36063269343246,28.514380570681084,72.48321033977919,3.5384039113178933,0.0035647908101736903,11.489156048744917,0.47253564209444826,0.14807367257338744,3.693705882352941,2.5721205292471128,9.597009903577082,3.644303847273732,16.18702580160155,0.10787300569658594,1.0109752655637687,8618647.058823533,8.987983240509719,2.3979673424840886,0.20030287095882016,847908.9982480356,5.950000000000029,490742.03384910943,-3106590.076947741,33.32352941176469,29.01305998226971,4115626.8712331327,0.0,685566.1559486566
sensitivity_common,emissivity_2,summer_reported_rain,17,0.5,0.0,0.0,35.32947844632239,27.637631891571875,51.95262633436684,0.0,0.0,0.0,0.0,0.0,6.156176470588235,2.5721205292471128,9.597009903577082,3.4837531149358245,14.134952757663337,0.0,0.0,6156176.470588237,6.304982554966239,1.7670397008787277,0.06711470068427364,588406.971251716,0.0,164431.0166764704,-2602272.3510361793,33.32352941176469,26.03979957042556,2903546.7998442277,0.0,490911.885523553
sensitivity_common,emissivity_2,summer_reported_rain,17,0.5,0.5,2.975,35.147500107418566,27.57756047717865,50.53139177053002,1.421234563836822,0.001320579216589124,4.070302128972443,0.18197833890382728,0.060071414393227524,6.156176470588235,2.5721205292471128,9.597009903577082,3.560383383973183,15.031659834584138,0.043302182474922235,1.085237016333366,6156176.470588237,7.830723836954231,2.396073905945803,0.11041688315919587,578627.3333635865,2.9750000000000143,270521.3637400299,-2566421.0514374315,33.32352941176469,27.36912583692535,2821701.854852655,0.0,580202.9065683979
sensitivity_common,emissivity_2,summer_reported_rain,17,0.5,1.0,5.95,34.99181547198424,27.527574247014954,49.346937723887315,2.6056886104795285,0.0025445072958731885,8.057267475395733,0.3376629743381476,0.11005764455691956,6.156176470588235,2.5721205292471128,9.597009903577082,3.648885905569596,16.2293499428006,0.0785868178660184,1.9436905664021342,6156176.470588237,9.030307382374378,2.3979673431497144,0.14570151855029204,570366.6360473203,5.950000000000029,356968.72044821555,-2536863.55809713,33.32352941176469,29.020755134517724,2756221.977141855,0.0,712201.1461228973
sensitivity_common,initial_temperature_1,summer_zero_recorded_amount,33,0.1,0.0,0.0,54.427373342701976,36.039785812528926,184.23803633867038,0.0,0.0,0.0,0.0,0.0,2.283969696969697,0.38282398930605244,2.295895650439722,0.17867685305115247,1.8743636025831396,0.0,0.0,20555727.272727273,0.15648246414649453,0.5769388187670256,0.048740365343941425,2601144.480379144,0.0,119413.89509265649,-7158063.580442858,0.0,0.0,10421856.914453894,0.001075693235535605,-81917.61266756066
sensitivity_common,initial_temperature_1,summer_zero_recorded_amount,33,0.1,0.5,2.975,53.712179363803166,35.781461246006046,178.09089464067404,6.147141697996309,1.5629259426210922,9.408758863320202,0.7151939788988091,0.2583245665228806,2.283969696969697,0.38282398930605244,2.295895650439722,0.31873332220595324,2.6368303464109517,0.20208109409457525,0.0,20555727.272727273,2.7336050037721984,2.3926703078004365,0.2508214594385167,2561901.871884902,2.9750000000000143,614512.5756243658,-6991488.663151453,0.0,0.05466420388940455,10067520.363347212,0.0,-41880.1268959871
sensitivity_common,initial_temperature_1,summer_zero_recorded_amount,33,0.1,1.0,5.95,53.07934956075345,35.54887548447319,172.54227825028363,11.695758088386732,1.5691901203539373,18.201216670377107,1.3480237819485317,0.49091032805573526,2.283969696969697,0.38282398930605244,2.295895650439722,0.5608369626435565,4.984123518961306,0.3843370761010111,0.0,20555727.272727273,5.084437608010882,2.3962097394889224,0.43307744144495247,2526412.9043592233,5.950000000000029,1061039.7315401335,-6843195.496637761,0.0,0.2544719772066914,9750951.681909747,0.0,226705.73663441557
sensitivity_common,initial_temperature_1,summer_zero_recorded_amount,33,0.3,0.0,0.0,48.89884928882484,34.098307190801606,138.7152209556382,0.0,0.0,0.0,0.0,0.0,6.851909090909091,0.38282398930605244,2.295895650439722,0.18218580201172432,1.8835164043953176,0.0,0.0,15987787.878787875,0.16532722026558425,0.5772993104491673,0.03571812288903973,2065056.0815739618,0.0,87509.40107814732,-5965925.58245187,0.0,0.0,7778096.901508289,0.00040715586029641345,-77091.1923069555
sensitivity_common,initial_temperature_1,summer_zero_recorded_amount,33,0.3,0.5,2.975,48.37798066365862,33.901150050569676,134.0387960629041,4.676424892734056,1.1752458339495035,7.217333058136916,0.5208686251662147,0.19715714023192676,6.851909090909091,0.38282398930605244,2.295895650439722,0.32690768626779676,2.6929203652102407,0.1508348136271945,1.4707168052622541,15987787.878787875,2.7896950342647115,2.392670319493653,0.18655293651623425,2035888.2437163398,2.9750000000000143,457054.6944647739,-5843661.472355018,0.0,0.05466833225733026,7508034.70972759,0.0,-17872.56552408615
sensitivity_common,initial_temperature_1,summer_zero_recorded_amount,33,0.3,1.0,5.95,47.90322742482163,33.7218350914719,129.77135918783415,8.943861767804046,1.1759884232963316,14.074531892518678,0.9956218640032098,0.37647209932970604,6.851909090909091,0.38282398930605244,2.295895650439722,0.5746572205780919,5.0789699144973355,0.2886567874445028,2.751896320582686,15987787.878787875,5.17928400498077,2.3962097409228105,0.3243749103335425,2009043.9487321025,5.950000000000029,794718.530317179,-5733663.687529171,0.0,0.25450785341368115,7264409.304368366,0.0,261829.67843664583
sensitivity_common,initial_temperature_1,summer_zero_recorded_amount,33,0.5,0.0,0.0,43.30486818782708,32.134873196767444,93.02718857644447,0.0,0.0,0.0,0.0,0.0,11.419848484848485,0.38282398930605244,2.295895650439722,0.18432668698396967,1.8922538847470833,0.0,0.0,11419848.48484848,0.17401911710220774,0.577609728878329,0.0245293391358665,1522914.2239640467,0.0,60096.88088287293,-4807271.394534484,0.0,0.0,5103944.542358323,5.1153915991672794e-05,-72999.95045617808
sensitivity_common,initial_temperature_1,summer_zero_recorded_amount,33,0.5,0.5,2.975,42.94142623728202,31.992065716025866,89.65256928482877,3.3746192916157036,0.824352855923209,5.2820008701668115,0.36344195054506817,0.1428074807415725,11.419848484848485,0.38282398930605244,2.295895650439722,0.3339542367010092,2.7408375212525864,0.10705576238219064,2.772522406380603,11419848.48484848,2.8376122019360404,2.392670331122627,0.13158510151805713,1501252.1706641552,2.9750000000000143,322383.49871924,-4722107.597718279,0.0,0.05467244915096539,4908555.858380654,0.0,2302.688695548299
sensitivity_common,initial_temperature_1,summer_zero_recorded_amount,33,0.5,1.0,5.95,42.60593250104099,31.860813846194954,86.54392867074829,6.483259905696183,0.8233765639298127,10.345670501314018,0.6989356867860994,0.27405935057248654,11.419848484848485,0.38282398930605244,2.295895650439722,0.5866428336531183,5.160518436646492,0.20627584685596295,5.212498182690546,11419848.48484848,5.260832528559424,2.396209742352333,0.23080518599182945,1481059.98763266,5.950000000000029,565472.7056799822,-4644679.753949811,0.0,0.25454344110171256,4730533.585850999,0.0,290641.796714754
sensitivity_common,initial_temperature_1,summer_reported_rain,17,0.1,0.0,0.0,42.42659952455894,29.726468929334118,101.05160523360794,0.0,0.0,0.0,0.0,0.0,1.2312352941176472,2.5720674268298946,9.59686803183548,3.4787077917480675,14.095699590098619,0.0,0.0,11081117.647058824,6.265665515257139,1.7665545698699932,0.12158672727161435,1166136.7782343877,0.0,297887.48181545513,-3719813.3129189126,33.32352941176469,26.029916191440567,5775372.223406753,0.0002793871227066262,453382.12895420415
sensitivity_common,initial_temperature_1,summer_reported_rain,17,0.1,0.5,2.975,42.07003359258226,29.619916919356882,98.49940102537225,2.5522042082356933,0.0027932856723609234,7.846419383366367,0.3565659319766771,0.10655200997723589,1.2312352941176472,2.5720674268298946,9.59686803183548,3.5525744443274934,14.960696001833957,0.07962983015983344,0.0,11081117.647058824,7.759901841194098,2.3960738711942513,0.20121655743144778,1150027.0518698436,2.9750000000000143,492980.56570704706,-3653533.6862920923,33.32352941176469,27.356903995641687,5630059.085192163,0.0,529641.6902212218
sensitivity_common,initial_temperature_1,summer_reported_rain,17,0.1,1.0,5.95,41.77438643360572,29.533193477571302,96.4202298282911,4.631375405316852,0.005379816195102194,15.302172671661708,0.6522130909532173,0.1932754517628144,1.2312352941176472,2.5720674268298946,9.59686803183548,3.6388778488626676,16.13673611400429,0.14277198314672884,0.0,11081117.647058824,8.937835412758528,2.397967330588525,0.2643587104183432,1136826.5076829374,5.950000000000029,647678.8405249408,-3600059.5553143695,33.32352941176469,29.004524866555236,5516334.560821044,0.0,654398.0507663263
sensitivity_common,initial_temperature_1,summer_reported_rain,17,0.3,0.0,0.0,38.9247613198809,28.70512329739555,76.91367119907397,0.0,0.0,0.0,0.0,0.0,3.693705882352941,2.5720674268298946,9.59686803183548,3.4815169791198137,14.115964906189838,0.0,0.0,8618647.058823533,6.285877114277603,1.7667802399219734,0.09333013055223792,885133.1965392967,0.0,228658.81985298288,-3125439.6948416852,33.32352941176469,26.034872614645025,4370354.002780344,0.0,472057.00045364106
sensitivity_common,initial_temperature_1,summer_reported_rain,17,0.3,0.5,2.975,38.65963256001711,28.62243226261132,74.94001443018794,1.9736567688860258,0.002262204689436942,5.973781329022472,0.26512875986378315,0.08269103478423101,3.693705882352941,2.5720674268298946,9.59686803183548,3.556651825450644,14.997951389503546,0.06037787267100949,0.5785474393496678,8618647.058823533,7.797157234782689,2.396073877113233,0.1537080032232474,872517.746341307,2.9750000000000143,376584.60789695615,-3075829.4196518697,33.32352941176469,27.363079775138154,4257725.530513729,0.0,555234.2606418384
sensitivity_common,initial_temperature_1,summer_reported_rain,17,0.3,1.0,5.95,38.444214352187785,28.554453967331902,73.31397767364031,3.5996935254336666,0.0043545538455944666,11.71884887494457,0.48054696769311095,0.15066933006364908,3.693705882352941,2.5720674268298946,9.59686803183548,3.644113049186996,16.185544305985015,0.10883369726653029,1.0316818798831848,8618647.058823533,8.98664360540827,2.3979673312575667,0.2021638278187682,862006.9385601822,5.950000000000029,495301.3781559821,-3035401.4139830125,33.32352941176469,29.012676356180734,4168700.557619369,0.0,683920.6795630368
sensitivity_common,initial_temperature_1,summer_reported_rain,17,0.5,0.0,0.0,35.398886175048425,27.673020296337505,52.65107539867781,0.0,0.0,0.0,0.0,0.0,6.156176470588235,2.5720674268298946,9.59686803183548,3.483673447809459,14.134443493182342,0.0,0.0,6156176.470588237,6.304549094109583,1.7669736327614944,0.0677953486472618,601132.7739751404,0.0,166098.60418579145,-2543217.2292095604,33.32352941176469,26.039578948028378,2950099.1697281078,0.0,489832.71718307113
sensitivity_common,initial_temperature_1,summer_reported_rain,17,0.5,0.5,2.975,35.21411078863042,27.611893678333978,51.203181071549594,1.447894327128214,0.0017305688765958394,4.178899159060293,0.18477538641800267,0.06112661800352872,6.156176470588235,2.5720674268298946,9.59686803183548,3.560263291421542,15.030779454463014,0.04367907968007034,1.1043098811074796,6156176.470588237,7.829985305198039,2.396073882569143,0.11147442832733215,591135.0452034108,2.9750000000000143,273112.34940196376,-2507829.466559169,33.32352941176469,27.368873813647824,2866893.444712234,0.0,578910.9020509106
sensitivity_common,initial_temperature_1,summer_reported_rain,17,0.5,1.0,5.95,35.05612075904615,27.561047692641882,49.99867420430344,2.6524011943743666,0.003328219002135313,8.239959280855189,0.3427654160022747,0.11197260369562176,6.156176470588235,2.5720674268298946,9.59686803183548,3.648742173780422,16.228281653464585,0.07925522915855288,1.978974210942485,6156176.470588237,9.029380953555217,2.3979673319249555,0.14705057780581465,582694.5059705059,5.950000000000029,360273.91562424594,-2478658.148398994,33.32352941176469,29.02042313345331,2800326.111378693,0.0,710789.558091864
sensitivity_common,initial_temperature_2,summer_zero_recorded_amount,33,0.1,0.0,0.0,54.427558627428574,36.03991017335674,184.24070608184476,0.0,0.0,0.0,0.0,0.0,2.283969696969697,0.382716311299957,2.294584364323857,0.1785996527476306,1.873525914013255,0.0,0.0,20555727.272727273,0.15646761986296898,0.5764508474759613,0.04872426138644195,2601427.525214715,0.0,119374.44039678272,-7158135.310163701,0.0,0.0,10422015.39430913,0.0010752226970846164,-81853.46717572006
sensitivity_common,initial_temperature_2,summer_zero_recorded_amount,33,0.1,0.5,2.975,53.71235158148178,35.78158047739642,178.093444548118,6.147261533726788,1.5633638534128806,9.40896166536379,0.7152070459468015,0.25832969596032673,2.283969696969697,0.382716311299957,2.294584364323857,0.3186172498217165,2.635548082534192,0.2020838975610988,0.0,20555727.272727273,2.7336340251813196,2.392670306970462,0.2508081589475407,2562181.2326245382,2.9750000000000143,614479.9894214747,-6991557.017666169,0.0,0.05465687734939814,10067671.45468465,0.0,-41881.2149657074
sensitivity_common,initial_temperature_2,summer_zero_recorded_amount,33,0.1,1.0,5.95,53.0795018202307,35.548987114582374,172.5446395776869,11.696066504157878,1.5696733727503442,18.20147578382506,1.348056807197872,0.49092305877436543,2.283969696969697,0.382716311299957,2.294584364323857,0.5607261507607901,4.982892047812971,0.38434569104571614,0.0,20555727.272727273,5.084517422572167,2.396209739082665,0.4330699524321581,2526690.7164046783,5.950000000000029,1061021.3834587876,-6843258.968135705,0.0,0.254402785534874,9751091.97912699,0.0,226709.93539447244
sensitivity_common,initial_temperature_2,summer_zero_recorded_amount,33,0.3,0.0,0.0,48.899016271351215,34.098427319637715,138.71770685992584,0.0,0.0,0.0,0.0,0.0,6.851909090909091,0.382716311299957,2.294584364323857,0.18210760645357935,1.882676601135217,0.0,0.0,15987787.878787875,0.16530948308510568,0.5768102482310142,0.03570621980347262,2065336.070559452,0.0,87480.2385185079,-5965993.027761651,0.0,0.0,7778248.7771928115,0.00040699804220209874,-77029.31016867465
sensitivity_common,initial_temperature_2,summer_zero_recorded_amount,33,0.3,0.5,2.975,48.37813807136632,33.90126563741961,134.0411815003529,4.676525359572958,1.1755728293484253,7.217422940019162,0.5208781999848945,0.19716168221810376,6.851909090909091,0.382716311299957,2.294584364323857,0.32679109072630275,2.6916349307874534,0.150837109829948,1.4707361741538287,15987787.878787875,2.7897208851280197,2.392670318663878,0.1865433296334206,2036164.8641631862,2.9750000000000143,457031.1576018805,-5843726.067264547,0.0,0.05466100581223371,7508180.222713032,0.0,-17874.396969941445
sensitivity_common,initial_temperature_2,summer_zero_recorded_amount,33,0.3,1.0,5.95,47.90336973555814,33.72194438618939,129.7735973775943,8.944109482331545,1.1763449971343647,14.074674037631723,0.9956465357930775,0.3764829334483239,6.851909090909091,0.382716311299957,2.294584364323857,0.5745460382762921,5.077736340275035,0.2886636759706451,2.7519570218263345,15987787.878787875,5.179361716468123,2.3962097405165896,0.3243698957741177,2009319.2691016996,5.950000000000029,794706.2446465882,-5733724.38408809,0.0,0.2544386607814568,7264545.99484682,0.0,261833.4093980901
sensitivity_common,initial_temperature_2,summer_zero_recorded_amount,33,0.5,0.0,0.0,43.30501853204944,32.1349895711381,93.02947683709996,0.0,0.0,0.0,0.0,0.0,11.419848484848485,0.382716311299957,2.294584364323857,0.1842477008326327,1.8914121249763787,0.0,0.0,11419848.48484848,0.17399860163410064,0.577119729944013,0.024521119870268993,1523191.2449329095,0.0,60076.743682159045,-4807335.036487719,0.0,0.0,5104090.5729268165,5.111103704453475e-05,-72940.1573951219
sensitivity_common,initial_temperature_2,summer_zero_recorded_amount,33,0.5,0.5,2.975,42.94157169109738,31.992178076078222,89.6547794632151,3.3746973738848594,0.8245783191401301,5.282048037647954,0.3634468409520561,0.14281149505987734,11.419848484848485,0.382716311299957,2.294584364323857,0.3338371792855092,2.7395493224944243,0.10705760087948141,2.772564159841928,11419848.48484848,2.837635288464186,2.3926703302930727,0.1315787207497504,1501526.1571276353,2.9750000000000143,322367.86583688855,-4722168.8331043925,0.0,0.054665122800529334,4908696.438927248,0.0,2300.2908788103673
sensitivity_common,initial_temperature_2,summer_zero_recorded_amount,33,0.5,1.0,5.95,42.60606533932147,31.860921086430857,86.54601263439685,6.483464202703113,0.8236159028364511,10.345861896106527,0.6989531927279682,0.2740684847072444,11.419848484848485,0.382716311299957,2.294584364323857,0.5865313235505957,5.159283030026128,0.20628121232896726,5.212602301454765,11419848.48484848,5.26090840764873,2.3962097419461506,0.2308023321992363,1481332.8689199674,5.950000000000029,565465.7138881289,-4644737.931733449,0.0,0.25447424790143,4730667.107519603,0.0,290645.1702981574
sensitivity_common,initial_temperature_2,summer_reported_rain,17,0.1,0.0,0.0,42.426764474643306,29.726591758986437,101.05427384003313,0.0,0.0,0.0,0.0,0.0,1.2312352941176472,2.5720263532870593,9.595992425114368,3.4786698744440434,14.094929189226677,0.0,0.0,11081117.647058824,6.265765295989709,1.7665497674261759,0.12158366662386066,1166465.0310750771,0.0,297879.98322845856,-3719879.14057916,33.32352941176469,26.029815692444185,5775534.345245851,0.0002787644499522537,453381.03691099136
sensitivity_common,initial_temperature_2,summer_reported_rain,17,0.1,0.5,2.975,42.07019343091443,29.62003670404348,98.50199692302965,2.5522769170034905,0.002811332903839059,7.846501404200069,0.3565710437288755,0.10655505494296069,1.2312352941176472,2.5720263532870593,9.595992425114368,3.552534934879336,14.959923191144503,0.07963136259172239,0.0,11081117.647058824,7.760004630219777,2.3960738641882826,0.20121502921558304,1150354.066421872,2.9750000000000143,492976.82157817855,-3653597.6758415285,33.32352941176469,27.356801170737192,5630217.198462765,0.0,529637.4210781326
sensitivity_common,initial_temperature_2,summer_reported_rain,17,0.1,1.0,5.95,41.77453620188433,29.53330862765825,96.42270807781406,4.6315657622190605,0.005414277539784962,15.30231910195522,0.6522282727589769,0.1932831313281856,1.2312352941176472,2.5720263532870593,9.595992425114368,3.638841615354948,16.13599482643004,0.14277662664061636,0.0,11081117.647058824,8.937969728241582,2.3979673269247073,0.264360293264477,1137152.538379322,5.950000000000029,647682.7184979686,-3600120.6931725214,33.32352941176469,29.004384128190924,5516485.805510275,0.0,654395.6249944654
sensitivity_common,initial_temperature_2,summer_reported_rain,17,0.3,0.0,0.0,38.92491968982661,28.7052446784447,76.91624529466735,0.0,0.0,0.0,0.0,0.0,3.693705882352941,2.5720263532870593,9.595992425114368,3.4814777701138584,14.115194218131322,0.0,0.0,8618647.058823533,6.285977211498097,1.766775418479864,0.0933286703334962,885460.1948546141,0.0,228655.24231706565,-3125503.703603719,33.32352941176469,26.03477211310639,4370513.698631442,0.0,472055.4571890082
sensitivity_common,initial_temperature_2,summer_reported_rain,17,0.3,0.5,2.975,38.65978518235771,28.62255080465848,74.94252287247002,1.973722422197331,0.002280262907348174,5.973877076075098,0.26513450746890127,0.08269387378621636,3.693705882352941,2.5720263532870593,9.595992425114368,3.556612116431398,14.997177358482965,0.060379213368333524,0.5785544948061596,8618647.058823533,7.797258803478274,2.396073870108307,0.15370788370182972,872843.5463648061,2.9750000000000143,376584.3150694829,-3075891.783588509,33.32352941176469,27.362976961440395,4257881.551363402,0.0,555229.6289730144
sensitivity_common,initial_temperature_2,summer_reported_rain,17,0.3,1.0,5.95,38.444359348038454,28.554568550813443,73.31639402349234,3.5998512711750075,0.0043890362415197615,11.71900439575819,0.480560341788159,0.1506761276312559,3.693705882352941,2.5720263532870593,9.595992425114368,3.6440766975755126,16.184802363670542,0.10883749248915664,1.0317144910440534,8618647.058823533,8.986777266151071,2.39796732759376,0.20216616282265285,862331.8734305749,5.950000000000029,495307.09891549946,-3035461.429404964,33.32352941176469,29.012535638502694,4168850.8182701278,0.0,683918.0311754855
sensitivity_common,initial_temperature_2,summer_reported_rain,17,0.5,0.0,0.0,35.39903714172868,27.673140394845632,52.6535433009283,0.0,0.0,0.0,0.0,0.0,6.156176470588235,2.5720263532870593,9.595992425114368,3.4836340436372395,14.133671584070738,0.0,0.0,6156176.470588237,6.304647954623086,1.7669687956654454,0.06779532075110539,601458.5293708009,0.0,166098.5358402082,-2543279.599861162,33.32352941176469,26.039478446040413,2950256.7250280776,0.0,489830.81353160663
sensitivity_common,initial_temperature_2,summer_reported_rain,17,0.5,0.5,2.975,35.214259222690494,27.612011120307752,51.20558332318988,1.4479599777384222,0.0017486378683102544,4.179088497081139,0.18477791903817156,0.06112927453788268,6.156176470588235,2.5720263532870593,9.595992425114368,3.5602234058090567,15.030004351340878,0.043680227728102775,1.1043169392650678,6156176.470588237,7.830085801792617,2.3960738755647557,0.11147554847920815,591459.6625442421,2.9750000000000143,273115.09377406,-2507890.352717478,33.32352941176469,27.368771008971027,2867047.611682286,0.0,578905.9867283581
sensitivity_common,initial_temperature_2,summer_reported_rain,17,0.5,1.0,5.95,35.056263623554976,27.56116179178407,50.00099309787906,2.65255020304924,0.0033627220372807187,8.240218354583021,0.34277351817369456,0.11197860306156257,6.156176470588235,2.5720263532870593,9.595992425114368,3.6487057181157225,16.227539163256115,0.07925824878953465,1.9790155591698217,6156176.470588237,9.029514066404069,2.3979673282611595,0.14705356954064003,583018.3537483362,5.950000000000029,360281.24537456804,-2478717.120913235,33.32352941176469,29.020282410991516,2800475.5281658634,0.0,710786.7359440669
sensitivity_common,longwave_1,summer_zero_recorded_amount,33,0.1,0.0,0.0,53.36629194307973,34.82617732948239,165.82651943771307,0.0,0.0,0.0,0.0,0.0,2.283969696969697,0.383954032365155,2.303675758413968,0.18069913550642988,1.8836996624431912,0.0,0.0,20555727.272727273,0.1596587286870055,0.5787658659801372,0.04446512684884724,2215671.822313596,0.0,108939.56077967571,-8997604.386123104,0.0,0.0,8982715.609017208,0.0008689586771267528,-79961.77174652134
sensitivity_common,longwave_1,summer_zero_recorded_amount,33,0.1,0.5,2.975,52.69230037389082,34.59163100416108,160.24369061288115,5.582828824831901,1.428322072824841,8.656200154282402,0.6739915691888975,0.23454632532130726,2.283969696969697,0.383954032365155,2.303675758413968,0.32266421707326615,2.662833032193316,0.1852704140290895,0.0,20555727.272727273,2.7518279906767513,2.392670716896866,0.22973554087793674,2180368.9461873197,2.9750000000000143,562852.0751509451,-8846527.519412113,0.0,0.05472628373721916,8657766.07768646,0.0,-31390.696520722846
sensitivity_common,longwave_1,summer_zero_recorded_amount,33,0.1,1.0,5.95,52.08309538194499,34.38061935331135,155.18309178814806,10.643427649565027,1.4104600371564402,16.819990156536562,1.2831965611347365,0.4455579761710343,2.283969696969697,0.383954032365155,2.303675758413968,0.5669911128897165,5.0220731383593336,0.35239063471566984,0.0,20555727.272727273,5.114607276415817,2.396209896470079,0.39685576156451713,2148734.4980434603,5.950000000000029,972296.615833067,-8712274.630412698,0.0,0.25549988149513336,8368004.396098787,0.0,241194.70496017628
sensitivity_common,longwave_1,summer_zero_recorded_amount,33,0.3,0.0,0.0,47.83114303781739,32.87875522865359,121.64459827451974,0.0,0.0,0.0,0.0,0.0,6.851909090909091,0.383954032365155,2.303675758413968,0.18384120306130486,1.8927830526085199,0.0,0.0,15987787.878787875,0.16849886158672123,0.5791166776961102,0.03188885741266672,1678002.5203579927,0.0,78127.70066103348,-7814439.30633539,0.0,0.0,6331093.258854953,0.0002748896955380737,-75298.9674812565
sensitivity_common,longwave_1,summer_zero_recorded_amount,33,0.3,0.5,2.975,47.338843505318906,32.70378169219493,117.45155591411186,4.193042360407881,1.0646231039806224,6.593261709193001,0.492299532498485,0.17497353645865477,6.851909090909091,0.383954032365155,2.303675758413968,0.33054787004580066,2.7169716932223262,0.13582436211412588,1.3897864644240212,15987787.878787875,2.8059666590553607,2.3926707242464618,0.1677132195267926,1652149.1185262275,2.9750000000000143,410897.3878406419,-7705923.690161886,0.0,0.05472628373721916,6088228.228935252,0.0,-8304.054575791437
sensitivity_common,longwave_1,summer_zero_recorded_amount,33,0.3,1.0,5.95,46.885152991400325,32.5448263616835,113.61504694425905,8.029551330260695,1.0542522789427977,12.907596154057387,0.9459900464170636,0.3339288669700834,6.851909090909091,0.383954032365155,2.303675758413968,0.5803497776822003,5.11373992901645,0.2599247047892868,2.613876319304329,15987787.878787875,5.206274067930956,2.3962098973281543,0.29181356220195354,1628677.8649162531,5.950000000000029,714943.2273947862,-7608574.178926547,0.0,0.25551662455007823,5869734.914113501,0.0,274794.92580656457
sensitivity_common,longwave_1,summer_zero_recorded_amount,33,0.5,0.0,0.0,42.22374859996717,30.909328617077467,77.4136785500888,0.0,0.0,0.0,0.0,0.0,11.419848484848485,0.383954032365155,2.303675758413968,0.18562600831645562,1.9014204475662342,0.0,0.0,11419848.48484848,0.17717708103528448,0.5794177540090445,0.021165580886873158,1134270.1630887967,0.0,51855.67317283925,-6664805.802355423,0.0,0.0,3649019.737737416,1.463787345880531e-05,-71353.68053068865
sensitivity_common,longwave_1,summer_zero_recorded_amount,33,0.5,0.5,2.975,41.88273360996503,30.787151342000506,74.48366961142133,2.930008938667472,0.7251746190338935,4.633226738266487,0.3410149900021447,0.12217727507696269,11.419848484848485,0.383954032365155,2.303675758413968,0.33729708175639916,2.763007470179682,0.09376264295132779,2.6528198861644263,11419848.48484848,2.852002443033354,2.392670731267085,0.11492822383820095,1115339.8683894316,2.9750000000000143,281574.14840359235,-6591806.273243768,0.0,0.05472628373721916,3478695.405656452,0.0,11071.406974611533
sensitivity_common,longwave_1,summer_zero_recorded_amount,33,0.5,1.0,5.95,41.566390970886104,30.675031107301944,71.78324803879224,5.6304305112965585,0.7164914574840253,9.134359639838223,0.6573576290810749,0.2342975097755234,11.419848484848485,0.383954032365155,2.303675758413968,0.5918622952150846,5.1922069588943,0.18065367269020927,5.012997138268466,11419848.48484848,5.284741098664053,2.39620989818342,0.2018192535770824,1098054.8368891992,5.950000000000029,494457.171263852,-6525729.64470562,0.0,0.2555313849089685,3324117.2451864416,0.0,302268.9954352352
sensitivity_common,longwave_1,summer_reported_rain,17,0.1,0.0,0.0,41.37754209434049,28.631615949128765,83.92213487552253,0.0,0.0,0.0,0.0,0.0,1.2312352941176472,2.573497217607847,9.609664223201106,3.481812142734889,14.118770967486219,0.0,0.0,11081117.647058824,6.27692074066156,1.7676733901125004,0.09620156202422718,805514.534867535,0.0,235693.82695935658,-5658596.952579531,33.32352941176469,26.042232790214662,4335487.647782635,0.000140606262707577,532805.2500480757
sensitivity_common,longwave_1,summer_reported_rain,17,0.1,0.5,2.975,41.04087599345656,28.539085756633476,81.68698902315168,2.2351458523708363,-0.012065376450216547,7.197283964963532,0.3366661008839326,0.09253019249528946,1.2312352941176472,2.573497217607847,9.609664223201106,3.5563417350676607,14.991405361601451,0.07145194905059617,0.0,11081117.647058824,7.777815755057687,2.396074616655985,0.16765351107482335,791760.9446903564,2.9750000000000143,410751.1021333173,-5600699.031684046,33.32352941176469,27.37021562817252,4207972.740321024,0.0,617016.5307703466
sensitivity_common,longwave_1,summer_reported_rain,17,0.1,1.0,5.95,40.7648030916492,28.464267791278427,79.86848986673154,4.053645008790978,-0.024983715320672673,14.052422598386585,0.6127390026912922,0.1673481578503417,1.2312352941176472,2.573497217607847,9.609664223201106,3.6431476092722272,16.170798738297087,0.12812859458257586,0.0,11081117.647058824,8.959102196834142,2.3979676817370494,0.22433015660680303,780823.9655709938,5.950000000000029,549608.8836866674,-5554370.349919789,33.32352941176469,29.020446666659538,4109352.0343402238,0.0,748579.2282499949
sensitivity_common,longwave_1,summer_reported_rain,17,0.3,0.0,0.0,37.86578800817827,27.605969973923397,60.67061668028753,0.0,0.0,0.0,0.0,0.0,3.693705882352941,2.573497217607847,9.609664223201106,3.4842433207228396,14.138347108186581,0.0,0.0,8618647.058823533,6.2965777174979545,1.7678948325112473,0.06948881867067458,523384.2746272472,0.0,170247.6057431527,-5068084.48293701,33.32352941176469,26.046716772481158,2924639.0866497364,0.0,551281.8246880728
sensitivity_common,longwave_1,summer_reported_rain,17,0.3,0.5,2.975,37.623354714560804,27.536679329475383,58.98707144970511,1.6835452305824177,-0.013632466854964775,5.365423191882115,0.24243329361746185,0.06929064444801432,3.693705882352941,2.573497217607847,9.609664223201106,3.5602033153713326,15.027147986088018,0.05290536959331495,0.5516006217884206,8618647.058823533,7.813558383983176,2.396074621094939,0.12239418826398951,512880.26500837767,2.9750000000000143,299865.7612467744,-5026187.974569587,33.32352941176469,27.375870741754177,2828960.5113356328,0.0,642146.926875042
sensitivity_common,longwave_1,summer_reported_rain,17,0.3,1.0,5.95,37.42097974822195,27.480166593930004,57.61729583225566,3.0533208480318783,-0.025731364170532345,10.419915509649087,0.4448082599563141,0.12580337999339117,3.693705882352941,2.573497217607847,9.609664223201106,3.6481292337871474,16.217544311066813,0.09540253064638572,1.0003241607590994,8618647.058823533,9.005847770134947,2.3979676822680833,0.1648913493170603,504463.09822412644,5.950000000000029,403983.8058267978,-4992409.392064067,33.32352941176469,29.028158276133563,2754440.1568264347,0.0,777443.3245283351
sensitivity_common,longwave_1,summer_reported_rain,17,0.5,0.0,0.0,34.33254512545485,26.569439872132044,37.61109671667756,0.0,0.0,0.0,0.0,0.0,6.156176470588235,2.573497217607847,9.609664223201106,3.4862428639293235,14.155901893453775,0.0,0.0,6156176.470588237,6.3143214847066105,1.7680838144527333,0.04561011864376028,238224.38291680338,0.0,111744.79067721267,-4489722.633467686,33.32352941176469,26.050852162092937,1498381.217458182,0.0,568907.5924227168
sensitivity_common,longwave_1,summer_reported_rain,17,0.5,0.5,2.975,34.161147365284705,26.521097290316256,36.44740808659481,1.1636886300827471,-0.011576051103897811,3.755396840791647,0.1713977601701486,0.04834258181578498,6.156176470588235,2.573497217607847,9.609664223201106,3.5635993740286938,15.058482486111666,0.03688402719344223,1.0714572222880885,6156176.470588237,7.844892888318346,2.396074625406436,0.08249414583720249,230111.21528379447,2.9750000000000143,202110.65730114613,-4461433.343773807,33.32352941176469,27.381040221188442,1431286.9284476342,0.0,665446.1437509466
sensitivity_common,longwave_1,summer_reported_rain,17,0.5,1.0,5.95,34.01471582186153,26.481271477619867,35.4823450260697,2.1287516906078614,-0.04339151002677433,7.418606459410526,0.3178293035933265,0.08816839451217551,6.156176470588235,2.573497217607847,9.609664223201106,3.6525043820139818,16.25833010654695,0.06700184294072666,1.9248933181831154,6156176.470588237,9.046633566143342,2.397967682796347,0.11261196158448693,223598.52855438562,5.950000000000029,275899.30588199303,-4438446.442814189,33.32352941176469,29.035276719630918,1378621.1313940254,0.0,803769.3927940709
sensitivity_common,longwave_2,summer_zero_recorded_amount,33,0.1,0.0,0.0,55.49141584398699,37.24908062389611,210.22829053665828,0.0,0.0,0.0,0.0,0.0,2.283969696969697,0.38109813863634734,2.2851315241173076,0.17626386378841644,1.862368140613167,0.0,0.0,20555727.272727273,0.15286371837626628,0.574323680567293,0.053273977784244454,2985322.749498956,0.0,130521.24557139893,-5324201.276397918,0.0,0.0,11856004.65468014,0.001303421312578049,-83821.28499521478
sensitivity_common,longwave_2,summer_zero_recorded_amount,33,0.1,0.5,2.975,54.736501414814725,36.96634208641545,203.45200117757173,6.776289359086544,1.8046563321957763,10.139508420375819,0.7549144291722688,0.28273853748066663,2.283969696969697,0.38109813863634734,2.2851315241173076,0.31428961970083513,2.6069770536921966,0.21963029440863585,0.0,20555727.272727273,2.714515361946063,2.3926698323706455,0.2729042721928803,2941911.4954687296,2.9750000000000143,668615.4668725566,-5141423.645011993,0.0,0.054388884796587995,11471463.955878055,0.0,-52653.87569604483
sensitivity_common,longwave_2,summer_zero_recorded_amount,33,0.1,1.0,5.95,54.071222706089415,36.71165383344211,197.34966935829516,12.878621178363133,1.9001519624973184,19.629419865992787,1.4201931378975732,0.5374267904540035,2.283969696969697,0.38109813863634734,2.2851315241173076,0.5540644747944817,4.942173400438322,0.4176643628517735,0.0,20555727.272727273,5.053251438545427,2.3962095622240334,0.47093834063601797,2902394.818741182,5.950000000000029,1153798.9345582442,-4978492.715250311,0.0,0.2528438846604497,11127416.101484057,0.0,211780.4863894221
sensitivity_common,longwave_2,summer_zero_recorded_amount,33,0.3,0.0,0.0,49.96948573383419,35.31342133180119,163.85745107732527,0.0,0.0,0.0,0.0,0.0,6.851909090909091,0.38109813863634734,2.2851315241173076,0.17991672765581537,1.8717092082949045,0.0,0.0,15987787.878787875,0.16185141855540958,0.574691927174162,0.0399117996282324,2450789.868672775,0.0,97783.90908916938,-4123050.5638932344,0.0,0.0,9219952.43849373,0.0005818072031105562,-78842.50638859882
sensitivity_common,longwave_2,summer_zero_recorded_amount,33,0.3,0.5,2.975,49.41960985633325,35.09340496847683,158.58965813856,5.267792938765284,1.4022203676574634,7.914033894950222,0.5498758775009434,0.22001636332435986,6.851909090909091,0.38109813863634734,2.2851315241173076,0.32269867516894934,2.664950397418196,0.16660574277929646,1.508496420321259,15987787.878787875,2.7724887181896554,2.3926698448882306,0.20651754240752887,2418079.3116663783,2.9750000000000143,505967.97889844567,-3986350.1983447336,0.0,0.05439320287023262,8921833.958516682,0.0,-27713.756943916484
sensitivity_common,longwave_2,summer_zero_recorded_amount,33,0.3,1.0,5.95,48.91832662291443,34.89316420742704,153.79911886575508,10.058332211570198,1.4917946930281971,15.418243679756557,1.0511591109197642,0.42025712437415297,6.851909090909091,0.38109813863634734,2.2851315241173076,0.568274063076214,5.040133822419732,0.3188187564667813,2.820288966792936,15987787.878787875,5.151211862062616,2.3962095637598138,0.3587305560950137,2387686.27006995,5.950000000000029,878889.8624327835,-3863113.199130033,0.0,0.2528816574025306,8652363.506499033,0.0,248454.3771669328
sensitivity_common,longwave_2,summer_zero_recorded_amount,33,0.5,0.0,0.0,44.386171389241554,33.35583412561404,117.01839634814725,0.0,0.0,0.0,0.0,0.0,11.419848484848485,0.38109813863634734,2.2851315241173076,0.18254645147589044,1.880288673375561,0.0,0.0,11419848.48484848,0.1702825056615799,0.575010086030721,0.02838445187095448,1910209.9966000353,0.0,69541.90708383848,-2955323.8405401334,0.0,0.0,6553538.726774227,0.00011527037207778467,-74617.44721508086
sensitivity_common,longwave_2,summer_zero_recorded_amount,33,0.5,0.5,2.975,44.002522532804086,33.19167440470953,113.10603880440907,3.9123575437381946,1.0306289454345716,5.856923390635558,0.38364885643746804,0.1641597209045076,11.419848484848485,0.38109813863634734,2.2851315241173076,0.32997680762135845,2.7146613283010073,0.12113970857779745,2.8639318153483497,11419848.48484848,2.822199661522356,2.392669857338119,0.14952416044875194,1885585.6688996698,2.9750000000000143,366334.19309944223,-2857319.543557134,0.0,0.05439750904390066,6332176.213751768,0.0,-6728.855285061072
sensitivity_common,longwave_2,summer_zero_recorded_amount,33,0.5,1.0,5.95,43.6443931221718,33.040681267991125,109.5121887210901,7.506207627057148,1.1141902596454827,11.50738884711518,0.7417782670697529,0.31515285762291345,11.419848484848485,0.38109813863634734,2.2851315241173076,0.5806479219749433,5.1246781047645715,0.2333904577490855,5.3724135513059865,11419848.48484848,5.235756145938864,2.3962095652912807,0.26177490962003996,1862307.141930252,5.950000000000029,641348.528569098,-2767953.556507936,0.0,0.25291916110252755,6129951.521397973,0.0,278629.61062546837
sensitivity_common,longwave_2,summer_reported_rain,17,0.1,0.0,0.0,43.470699727693685,30.811199318828326,125.78794498108375,0.0,0.0,0.0,0.0,0.0,1.2312352941176472,2.569969810862086,9.580730075149825,3.474150803694876,14.067939379216348,0.0,0.0,11081117.647058824,6.253074947869756,1.7653842687957504,0.15425477013519234,1523995.7341430953,0.0,377924.18683122133,-1782277.1008663194,33.32352941176469,26.012500075933197,7201894.604513474,0.00048137500614229813,375037.6395320334
sensitivity_common,longwave_2,summer_reported_rain,17,0.1,0.5,2.975,43.09358345132896,30.69033181250226,122.88715045406646,2.900794527017274,0.048376913495090434,8.547623182970568,0.3771162763647253,0.12086750632605903,1.2312352941176472,2.569969810862086,9.580730075149825,3.5474830770598125,14.924809711187928,0.08820535602232928,0.0,11081117.647058824,7.74015270249941,2.3960730664598833,0.24246012615752163,1505434.1014041041,2.9750000000000143,594027.309085928,-1707266.2407847953,33.32352941176469,27.33840331691018,7038403.7765416335,0.0,443319.1212013108
sensitivity_common,longwave_2,summer_reported_rain,17,0.1,1.0,5.95,42.78235745490216,30.591517621588096,120.52044134230607,5.267503638777667,0.09252175761641013,16.559478430302107,0.6883422727915267,0.21968169724022393,1.2312352941176472,2.569969810862086,9.580730075149825,3.633266184307015,16.097622576744882,0.1581000528598344,0.0,11081117.647058824,8.914859450852575,2.397966949256291,0.31235482299502676,1489913.5747606405,5.950000000000029,765269.3163378155,-1646388.2828110289,33.32352941176469,28.983018764472348,6909327.936252733,0.0,561338.246807259
sensitivity_common,longwave_2,summer_reported_rain,17,0.3,0.0,0.0,39.98194678029162,29.793770861741088,101.37678139799254,0.0,0.0,0.0,0.0,0.0,3.693705882352941,2.569969810862086,9.580730075149825,3.4775056955003416,14.088576490307373,0.0,0.0,8618647.058823533,6.273461320528593,1.7656138051621277,0.12485928693991294,1244039.3756608227,0.0,305905.2530027867,-1183880.9919682322,33.32352941176469,26.017674019865627,5802172.4110131115,1.1002076115383384e-06,393974.0625963048
sensitivity_common,longwave_2,summer_reported_rain,17,0.3,0.5,2.975,39.696381057866134,29.697373219510595,99.06977282780973,2.3070085701828207,0.04787442102536943,6.50961026363899,0.28556572242549505,0.09639764223049303,3.693705882352941,2.569969810862086,9.580730075149825,3.5517342791489663,14.963467416079093,0.0682553462771779,0.5937859568344526,8618647.058823533,7.778810414645263,2.396073073714561,0.19311463321709085,1229217.7386305816,2.9750000000000143,473130.85138187255,-1126214.4485375795,33.32352941176469,27.344839895615596,5672199.324399941,0.0,469447.0570459551
sensitivity_common,longwave_2,summer_reported_rain,17,0.3,1.0,5.95,39.463637710592224,29.61774073195647,97.16369076105582,4.213090636936725,0.09155132343538241,12.774291605778245,0.518309069699403,0.17603012978461952,3.693705882352941,2.569969810862086,9.580730075149825,3.6387094337187427,16.148231706257892,0.12295839270628012,1.0544130018409428,8618647.058823533,8.96546858126092,2.3979669501516336,0.24781767964619306,1216558.0902739107,5.950000000000029,607153.3151331729,-1078886.3192876235,33.32352941176469,28.991503528001104,5568418.676944465,0.0,591583.1968907703
sensitivity_common,longwave_2,summer_reported_rain,17,0.5,0.0,0.0,36.46199087634117,28.765600570209067,76.71733221534896,0.0,0.0,0.0,0.0,0.0,6.156176470588235,2.569969810862086,9.580730075149825,3.4797926444559226,14.107844460317985,0.0,0.0,6156176.470588237,6.292925714672686,1.76581132950321,0.09818213811536192,961088.2914912975,0.0,240546.23838263671,-597583.9699266695,33.32352941176469,26.022598725382895,4387222.870156547,0.0,411980.18169840286
sensitivity_common,longwave_2,summer_reported_rain,17,0.5,0.5,2.975,36.263263633874885,28.691342579785456,74.94013783371398,1.7771943816349758,0.04737086477209118,4.844641965367643,0.19872724246628065,0.07425799042361385,6.156176470588235,2.569969810862086,9.580730075149825,3.555524978007675,14.997644730152007,0.0509102057702815,1.1236001453822997,6156176.470588237,7.812987735937251,2.396073080933622,0.1490923438856434,949103.8828145677,2.9750000000000143,365276.2425198264,-554748.5098431365,33.32352941176469,27.35089416479635,4287466.13595969,0.0,493590.9022917452
sensitivity_common,longwave_2,summer_reported_rain,17,0.5,1.0,5.95,36.09324252648454,28.629274879496286,73.45441104889086,3.2629211664580935,0.09057883761342111,9.571782543271055,0.3687483498566294,0.13632569071278033,6.156176470588235,2.569969810862086,9.580730075149825,3.643552205495674,16.19282760502772,0.09224219577257338,2.0045824723195764,6156176.470588237,9.010064480923791,2.3979669510446846,0.1904243338879353,938678.3418046514,5.950000000000029,466539.6180254415,-519145.60904523806,33.32352941176469,28.999458202319566,4206735.07080953,0.0,619099.0817726488
sensitivity_common,recharge_1,summer_zero_recorded_amount,33,0.1,0.0,0.0,54.42748924165801,36.039857322366046,184.23963950942277,0.0,0.0,0.0,0.0,0.0,2.283969696969697,0.38277116080265877,2.2952515971635457,0.17760362924452602,1.8750069490449108,0.0,0.0,20555727.272727273,0.15645179317045121,0.5766964412885565,0.04871573838768289,2601290.704337264,0.0,119353.55904982309,-7158104.420256267,0.0,0.0,10421948.635610057,0.0,-81883.21302262649
sensitivity_common,recharge_1,summer_zero_recorded_amount,33,0.1,0.5,2.975,53.71226482595137,35.78152069238986,178.09216546418884,6.147474045233944,1.5631438143497292,9.408860294163588,0.7152244157066299,0.258336629976189,2.283969696969697,0.38277116080265877,2.2952515971635457,0.31867631340483765,2.636200585030236,0.20209925018236233,0.0,20555727.272727273,2.733619295252716,2.3926703073855013,0.2508149885700452,2562041.51780579,2.9750000000000143,614496.7219966109,-6991522.7352371365,0.0,0.05466056357507823,10067595.647605771,0.0,-41880.70643025024
sensitivity_common,recharge_1,summer_zero_recorded_amount,33,0.1,1.0,5.95,53.079425281530206,35.548931201070204,172.54345648472176,11.696183024701005,1.5694306818365362,18.201346265187368,1.3480639601278015,0.4909261212958418,2.283969696969697,0.38277116080265877,2.2952515971635457,0.5607825072297544,4.983518417992943,0.3843580764684178,0.0,20555727.272727273,5.084476560115596,2.3962097392858226,0.43307381485610064,2526551.785620183,5.950000000000029,1061030.8463974467,-6843227.172464563,0.0,0.2544382786012395,9751021.6794161,0.0,226707.71554075272
sensitivity_common,recharge_1,summer_zero_recorded_amount,33,0.3,0.0,0.0,48.898934921588484,34.098369526423035,138.71653113146303,0.0,0.0,0.0,0.0,0.0,6.851909090909091,0.38277116080265877,2.2952515971635457,0.18176944643625997,1.8834895431543908,0.0,0.0,15987787.878787875,0.16529433726142143,0.5770563912700517,0.03570737710497781,2065197.470138383,0.0,87483.07390719566,-5965960.398094878,0.0,0.0,7778175.697276542,0.0,-77059.7984680729
sensitivity_common,recharge_1,summer_zero_recorded_amount,33,0.3,0.5,2.975,48.378058897463774,33.9012077251678,134.03998584330674,4.6765452881562934,1.1754085233517628,7.217378012274452,0.5208760241247112,0.19716180125523375,6.851909090909091,0.38277116080265877,2.2952515971635457,0.3268504221368923,2.692289057487379,0.1508408901671022,1.4709287570776504,15987787.878787875,2.7897077794032015,2.3926703190788174,0.18654826727208002,2036026.5513200932,2.9750000000000143,457043.25481659605,-5843693.698578233,0.0,0.054664691990503646,7508107.281111123,0.0,-17873.506524559507
sensitivity_common,recharge_1,summer_zero_recorded_amount,33,0.3,1.0,5.95,47.90329828360511,33.721889672845585,129.7724766150759,8.944054516387114,1.1761659140780267,14.074602985939691,0.9956366379833745,0.3764798535774425,6.851909090909091,0.38277116080265877,2.2952515971635457,0.5746025840915611,5.078363786412765,0.28866511527447253,2.7521285083138918,15987787.878787875,5.179321929969298,2.396209740719729,0.3243724923794504,2009181.6128858188,5.950000000000029,794712.6063296533,-5733693.997088377,0.0,0.2544741543623834,7264477.546811666,0.0,261831.43037229116
sensitivity_common,recharge_1,summer_zero_recorded_amount,33,0.5,0.0,0.0,43.30494303070712,32.13493152962067,93.0283367164922,0.0,0.0,0.0,0.0,0.0,11.419848484848485,0.38277116080265877,2.2952515971635457,0.18427678613825327,1.8918547634459926,0.0,0.0,11419848.48484848,0.1739695108396564,0.5773663445566899,0.02452486382474946,1523052.9986660518,0.0,60085.91637063616,-4807303.260863082,0.0,0.0,5104017.677605568,0.0,-72970.20928965586
sensitivity_common,recharge_1,summer_zero_recorded_amount,33,0.5,0.5,2.975,42.941498649379426,31.992121822686034,89.6536724971877,3.374664219304501,0.8244650246393519,5.2820244608197555,0.3634443813277007,0.14280970693463457,11.419848484848485,0.38277116080265877,2.2952515971635457,0.33389674715008105,2.7402048652973745,0.10705714205405502,2.772809825929444,11419848.48484848,2.837623598842277,2.3926703307079022,0.13158200587880445,1501389.1917380476,2.9750000000000143,322375.9144030709,-4722138.172951375,0.0,0.05466880893151456,4908626.032100125,0.0,2301.472381876173
sensitivity_common,recharge_1,summer_zero_recorded_amount,33,0.5,1.0,5.95,42.60599872502294,31.8608674298562,86.54496966422556,6.483367052266638,0.8234956756296299,10.345766226836759,0.6989443056841762,0.2740640997644733,11.419848484848485,0.38277116080265877,2.2952515971635457,0.5865880369586177,5.159911413844974,0.2062789593878546,5.212815972434365,11419848.48484848,5.260869558831013,2.396209742149271,0.23080382321260406,1481196.4604166513,5.950000000000029,565469.3668708799,-4644708.822252376,0.0,0.25450974180045544,4730600.287674757,0.0,290643.37549947295
sensitivity_common,recharge_1,summer_reported_rain,17,0.1,0.0,0.0,42.42668191643369,29.726531320352496,101.05296129316937,0.0,0.0,0.0,0.0,0.0,1.2312352941176472,2.5720470489372587,9.596435136968879,3.4785705160770073,14.09543998010739,0.0,0.0,11081117.647058824,6.265557011281329,1.7665521681415512,0.12158221811929859,1166302.2754766361,0.0,297876.4343922816,-3719846.617234948,33.32352941176469,26.029866715224397,5775454.478194559,0.0,453381.8998388859
sensitivity_common,recharge_1,summer_reported_rain,17,0.1,0.5,2.975,42.070113433630134,29.61997680390134,98.50069875788395,2.5522625352854162,0.002802312279925445,7.846460406396886,0.35656848280355624,0.10655451645115184,1.2312352941176472,2.5720470489372587,9.596435136968879,3.552554829108931,14.960313702134414,0.07963360064195367,0.0,11081117.647058824,7.759952432859497,2.3960738676925493,0.20121581876125227,1150190.5931441302,2.9750000000000143,492978.755965068,-3653565.675207974,33.32352941176469,27.356853379972417,5630138.125745504,0.0,529639.4701057775
sensitivity_common,recharge_1,summer_reported_rain,17,0.1,1.0,5.95,41.77446126717741,29.53325105326345,96.42146893879541,4.631492354373966,0.005397052581308515,15.302245909330765,0.6522206492562792,0.1932802670890468,1.2312352941176472,2.5720470489372587,9.596435136968879,3.6388598602224187,16.136369466537335,0.14277730132827776,0.0,11081117.647058824,8.937901658326927,2.39796732875729,0.26435951944757635,1136989.558042903,5.950000000000029,647680.8226465621,-3600090.1237558676,33.32352941176469,29.004455422705206,5516410.181324726,0.0,654396.7393461766
sensitivity_common,recharge_1,summer_reported_rain,17,0.3,0.0,0.0,38.924840450271134,28.705183986640083,76.91495817063787,0.0,0.0,0.0,0.0,0.0,3.693705882352941,2.5720470489372587,9.596435136968879,3.4814975148401106,14.115583696128375,0.0,0.0,8618647.058823533,6.28592638785197,1.7667778286912108,0.09332942042350056,885296.7357230345,0.0,228657.08003757638,-3125471.697421823,33.32352941176469,26.03482313758645,4370433.844314612,0.0,472056.1473672842
sensitivity_common,recharge_1,summer_reported_rain,17,0.3,0.5,2.975,38.65970881936651,28.622491533039668,74.94126859245489,1.9736895781829835,0.002271236791408171,5.973829217282201,0.2651316309046288,0.0826924536004142,3.693705882352941,2.5720470489372587,9.596435136968879,3.5566321112255834,14.997568484825692,0.06037854216742661,0.5785729571024326,8618647.058823533,7.797207221470235,2.3960738736120524,0.15370796259092717,872680.6866434377,2.9750000000000143,376584.5083477716,-3075860.6003010464,33.32352941176469,27.36302916541534,4257803.535868173,0.0,555231.860975791
sensitivity_common,recharge_1,summer_reported_rain,17,0.3,1.0,5.95,38.44428681835405,28.554511264764862,73.31518594143492,3.599772229202959,0.00437180075994803,11.718926659279475,0.4805536319170833,0.1506727218752219,3.693705882352941,2.5720470489372587,9.596435136968879,3.6440950020082385,16.185177334539784,0.10883558825701795,1.031720125171006,8618647.058823533,8.986709526998421,2.3979673294263373,0.2021650086805185,862169.4469521865,5.950000000000029,495304.2712672703,-3035431.4242260195,33.32352941176469,29.01260692301495,4168775.693511978,0.0,683919.2581447752
sensitivity_common,recharge_1,summer_reported_rain,17,0.5,0.0,0.0,35.39896162902753,27.673080351361072,52.652309423397625,0.0,0.0,0.0,0.0,0.0,6.156176470588235,2.5720470489372587,9.596435136968879,3.483653886691958,14.134061677517948,0.0,0.0,6156176.470588237,6.304597754252377,1.7669712137020366,0.06779534864776893,601295.6980159923,0.0,166098.6041870339,-2543248.416949805,33.32352941176469,26.03952947110994,2950177.951780988,0.0,489831.6854611463
sensitivity_common,recharge_1,summer_reported_rain,17,0.5,0.5,2.975,35.214184977913916,27.61195240537177,51.204382277691685,1.4479271457059364,0.0017396063694974373,4.178993857263578,0.18477665111362473,0.06112794598930423,6.156176470588235,2.5720470489372587,9.596435136968879,3.5602434895982604,15.030396018352809,0.04367965323778372,1.1043353895794805,6156176.470588237,7.830034760453541,2.3960738790682314,0.11147500188555266,591297.4003421904,2.9750000000000143,273113.754619604,-2507859.9122590157,33.32352941176469,27.36882320876474,2866970.533239666,0.0,578908.36198793
sensitivity_common,recharge_1,summer_reported_rain,17,0.5,1.0,5.95,35.05619217707829,27.561104752596776,49.99983383571603,2.6524755876815878,0.003345476241769063,8.240088857643912,0.34276945194925024,0.1119755987642988,6.156176470588235,2.5720470489372587,9.596435136968879,3.6487240750325327,16.227914411115663,0.07925673455771007,1.9790167666923775,6156176.470588237,9.029446604241683,2.3979673300937314,0.147052083205479,582856.4767276627,5.950000000000029,360277.6038534236,-2478687.6398322727,33.32352941176469,29.020353698222436,2800400.83218495,0.0,710788.0509252563
sensitivity_common,recharge_2,summer_zero_recorded_amount,33,0.1,0.0,0.0,54.4274417748625,36.03983781726777,184.23909702065578,0.0,0.0,0.0,0.0,0.0,2.283969696969697,0.38277116080265877,2.2952515971635457,0.17939331599630765,1.87318514254427,0.0,0.0,20555727.272727273,0.15649592683463928,0.5766964412885565,0.04874785813654081,2601281.611028351,0.0,119432.25243452498,-7158093.992294988,0.0,0.0,10421922.538247371,0.0018659401648275157,-81888.16115586947
sensitivity_common,recharge_2,summer_zero_recorded_amount,33,0.1,0.5,2.975,53.71226482595137,35.78152069238986,178.09216546418884,6.14693155646697,1.5631438143497292,9.408860294163588,0.7151769489111279,0.25831712487790115,2.283969696969697,0.38277116080265877,2.2952515971635457,0.31867631340483765,2.636200585030236,0.2020671304335044,0.0,20555727.272727273,2.733619295252716,2.3926703073855013,0.2508149885700452,2562041.51780579,2.9750000000000143,614496.7219966109,-6991522.7352371365,0.0,0.05466056357507823,10067595.647605771,0.0,-41880.70643025024
sensitivity_common,recharge_2,summer_zero_recorded_amount,33,0.1,1.0,5.95,53.079425281530206,35.548931201070204,172.54345648472176,11.69564053593403,1.5694306818365362,18.201346265187368,1.3480164933322996,0.490906616197554,2.283969696969697,0.38277116080265877,2.2952515971635457,0.5607825072297544,4.983518417992943,0.3843259567195599,0.0,20555727.272727273,5.084476560115596,2.3962097392858226,0.43307381485610064,2526551.785620183,5.950000000000029,1061030.8463974467,-6843227.172464563,0.0,0.2544382786012395,9751021.6794161,0.0,226707.71554075272
sensitivity_common,recharge_2,summer_zero_recorded_amount,33,0.3,0.0,0.0,48.89892966070076,34.09836450394992,138.71639280348688,0.0,0.0,0.0,0.0,0.0,6.851909090909091,0.38277116080265877,2.2952515971635457,0.18236507028722826,1.8828845106587602,0.0,0.0,15987787.878787875,0.16539828958386674,0.5770563912700517,0.03571678574964123,2065194.7465620695,0.0,87506.12508662105,-5965957.938153283,0.0,0.0,7778169.302286366,0.0007089848180761254,-77061.0977103313
sensitivity_common,recharge_2,summer_zero_recorded_amount,33,0.3,0.5,2.975,48.378058897463774,33.9012077251678,134.03998584330674,4.676406960180165,1.1754085233517628,7.217378012274452,0.5208707632369849,0.19715677878211546,6.851909090909091,0.38277116080265877,2.2952515971635457,0.3268504221368923,2.692289057487379,0.15083148152243878,1.470524596286805,15987787.878787875,2.7897077794032015,2.3926703190788174,0.18654826727208002,2036026.5513200932,2.9750000000000143,457043.25481659605,-5843693.698578233,0.0,0.054664691990503646,7508107.281111123,0.0,-17873.506524559507
sensitivity_common,recharge_2,summer_zero_recorded_amount,33,0.3,1.0,5.95,47.90329828360511,33.721889672845585,129.7724766150759,8.943916188410984,1.1761659140780267,14.074602985939691,0.9956313770956482,0.3764748311043242,6.851909090909091,0.38277116080265877,2.2952515971635457,0.5746025840915611,5.078363786412765,0.2886557066298091,2.751724347523046,15987787.878787875,5.179321929969298,2.396209740719729,0.3243724923794504,2009181.6128858188,5.950000000000029,794712.6063296533,-5733693.997088377,0.0,0.2544741543623834,7264477.546811666,0.0,261831.43037229116
sensitivity_common,recharge_2,summer_zero_recorded_amount,33,0.5,0.0,0.0,43.30494303070712,32.13493107820538,93.02832490761766,0.0,0.0,0.0,0.0,0.0,11.419848484848485,0.38277116080265877,2.2952515971635457,0.1842976958718173,1.8918329575330013,0.0,0.0,11419848.48484848,0.17404386940832736,0.5773663445566899,0.02452576000417149,1523052.5388409488,0.0,60088.11201022013,-4807303.075166805,0.0,0.0,5104017.177002381,9.616448165702227e-05,-72970.31951424273
sensitivity_common,recharge_2,summer_zero_recorded_amount,33,0.5,0.5,2.975,42.941498649379426,31.992121822686034,89.6536724971877,3.3746524104299667,0.8244650246393519,5.2820244608197555,0.3634443813277007,0.14280925551935178,11.419848484848485,0.38277116080265877,2.2952515971635457,0.33389674715008105,2.7402048652973745,0.10705624587463299,2.772279146037005,11419848.48484848,2.837623598842277,2.3926703307079022,0.13158200587880445,1501389.1917380476,2.9750000000000143,322375.9144030709,-4722138.172951375,0.0,0.05466880893151456,4908626.032100125,0.0,2301.472381876173
sensitivity_common,recharge_2,summer_zero_recorded_amount,33,0.5,1.0,5.95,42.60599872502294,31.8608674298562,86.54496966422556,6.4833552433921025,0.8234956756296299,10.345766226836759,0.6989443056841762,0.2740636483491905,11.419848484848485,0.38277116080265877,2.2952515971635457,0.5865880369586177,5.159911413844974,0.2062780632084326,5.212285292541925,11419848.48484848,5.260869558831013,2.396209742149271,0.23080382321260406,1481196.4604166513,5.950000000000029,565469.3668708799,-4644708.822252376,0.0,0.25450974180045544,4730600.287674757,0.0,290643.37549947295
sensitivity_common,recharge_2,summer_reported_rain,17,0.1,0.0,0.0,42.42668191643369,29.726529204135307,101.05291581725301,0.0,0.0,0.0,0.0,0.0,1.2312352941176472,2.5720470489372587,9.596435136968879,3.4787774009078345,14.095227311401546,0.0,0.0,11081117.647058824,6.265854198891608,1.7665521681415512,0.12158800199431419,1166299.69220463,0.0,297890.6048860697,-3719845.744062174,33.32352941176469,26.029866715224397,5775451.854345795,0.0005098563161218377,453381.1258613379
sensitivity_common,recharge_2,summer_reported_rain,17,0.1,0.5,2.975,42.070113433630134,29.61997680390134,98.50069875788395,2.5522170593690494,0.002802312279925445,7.846460406396886,0.35656848280355624,0.10655240023396614,1.2312352941176472,2.5720470489372587,9.596435136968879,3.552554829108931,14.960313702134414,0.07962781676693809,0.0,11081117.647058824,7.759952432859497,2.3960738676925493,0.20121581876125227,1150190.5931441302,2.9750000000000143,492978.755965068,-3653565.675207974,33.32352941176469,27.356853379972417,5630138.125745504,0.0,529639.4701057775
sensitivity_common,recharge_2,summer_reported_rain,17,0.1,1.0,5.95,41.77446126717741,29.53325105326345,96.42146893879541,4.6314468784575995,0.005397052581308515,15.302245909330765,0.6522206492562792,0.19327815087186112,1.2312352941176472,2.5720470489372587,9.596435136968879,3.6388598602224187,16.136369466537335,0.14277151745326216,0.0,11081117.647058824,8.937901658326927,2.39796732875729,0.26435951944757635,1136989.558042903,5.950000000000029,647680.8226465621,-3600090.1237558676,33.32352941176469,29.004455422705206,5516410.181324726,0.0,654396.7393461766
sensitivity_common,recharge_2,summer_reported_rain,17,0.3,0.0,0.0,38.924840450271134,28.705183986640083,76.91495817063787,0.0,0.0,0.0,0.0,0.0,3.693705882352941,2.5720470489372587,9.596435136968879,3.4814975148401106,14.115583696128375,0.0,0.0,8618647.058823533,6.28592638785197,1.7667778286912108,0.09332942042350056,885296.7357230345,0.0,228657.08003757638,-3125471.697421823,33.32352941176469,26.03482313758645,4370433.844314612,0.0,472056.1473672842
sensitivity_common,recharge_2,summer_reported_rain,17,0.3,0.5,2.975,38.65970881936651,28.622491533039668,74.94126859245489,1.9736895781829835,0.002271236791408171,5.973829217282201,0.2651316309046288,0.0826924536004142,3.693705882352941,2.5720470489372587,9.596435136968879,3.5566321112255834,14.997568484825692,0.06037854216742661,0.5785274811860658,8618647.058823533,7.797207221470235,2.3960738736120524,0.15370796259092717,872680.6866434377,2.9750000000000143,376584.5083477716,-3075860.6003010464,33.32352941176469,27.36302916541534,4257803.535868173,0.0,555231.860975791
sensitivity_common,recharge_2,summer_reported_rain,17,0.3,1.0,5.95,38.44428681835405,28.554511264764862,73.31518594143492,3.599772229202959,0.00437180075994803,11.718926659279475,0.4805536319170833,0.1506727218752219,3.693705882352941,2.5720470489372587,9.596435136968879,3.6440950020082385,16.185177334539784,0.10883558825701795,1.0316746492546391,8618647.058823533,8.986709526998421,2.3979673294263373,0.2021650086805185,862169.4469521865,5.950000000000029,495304.2712672703,-3035431.4242260195,33.32352941176469,29.01260692301495,4168775.693511978,0.0,683919.2581447752
sensitivity_common,recharge_2,summer_reported_rain,17,0.5,0.0,0.0,35.39896162902753,27.673080351361072,52.652309423397625,0.0,0.0,0.0,0.0,0.0,6.156176470588235,2.5720470489372587,9.596435136968879,3.483653886691958,14.134061677517948,0.0,0.0,6156176.470588237,6.304597754252377,1.7669712137020366,0.06779534864776893,601295.6980159923,0.0,166098.6041870339,-2543248.416949805,33.32352941176469,26.03952947110994,2950177.951780988,0.0,489831.6854611463
sensitivity_common,recharge_2,summer_reported_rain,17,0.5,0.5,2.975,35.214184977913916,27.61195240537177,51.204382277691685,1.4479271457059364,0.0017396063694974373,4.178993857263578,0.18477665111362473,0.06112794598930423,6.156176470588235,2.5720470489372587,9.596435136968879,3.5602434895982604,15.030396018352809,0.04367965323778372,1.104289913663114,6156176.470588237,7.830034760453541,2.3960738790682314,0.11147500188555266,591297.4003421904,2.9750000000000143,273113.754619604,-2507859.9122590157,33.32352941176469,27.36882320876474,2866970.533239666,0.0,578908.36198793
sensitivity_common,recharge_2,summer_reported_rain,17,0.5,1.0,5.95,35.05619217707829,27.561104752596776,49.99983383571603,2.6524755876815878,0.003345476241769063,8.240088857643912,0.34276945194925024,0.1119755987642988,6.156176470588235,2.5720470489372587,9.596435136968879,3.6487240750325327,16.227914411115663,0.07925673455771007,1.9789712907760109,6156176.470588237,9.029446604241683,2.3979673300937314,0.147052083205479,582856.4767276627,5.950000000000029,360277.6038534236,-2478687.6398322727,33.32352941176469,29.020353698222436,2800400.83218495,0.0,710788.0509252563
sensitivity_common,spinup_1,summer_zero_recorded_amount,33,0.1,0.0,0.0,54.10705974648326,35.94541604795453,181.97113647069432,0.0,0.0,0.0,0.0,0.0,2.283969696969697,0.8034205463931332,7.306188499221358,0.5622258956246231,6.43029844509994,0.0,0.0,20555727.272727273,0.12376979981676173,0.9839537522278181,0.1331309526622722,2556699.749920685,0.0,326170.83402256685,-7098680.318230988,0.0,0.0,10286009.585310668,0.015706101710526346,-151092.00739548265
sensitivity_common,spinup_1,summer_zero_recorded_amount,33,0.1,0.5,2.975,53.40810706151064,35.69118599828857,175.92236142665334,6.048775044040993,0.777045399479789,9.408923340470238,0.6989526849726079,0.25423004966596147,2.283969696969697,0.8034205463931332,7.306188499221358,0.759178062276557,7.52694156410783,0.19938126342479773,0.0,20555727.272727273,2.6153007754311943,2.39427768449515,0.33251221608706993,2517912.0289968452,2.9750000000000143,814654.9294133212,-6935339.599562582,0.0,0.07169951864804382,9938633.23067136,0.00027002604970709655,-58883.93789884092
sensitivity_common,spinup_1,summer_zero_recorded_amount,33,0.1,1.0,5.95,52.863865582722624,35.48769143667062,171.0738640947212,10.897272375973131,0.7817575847442981,18.201426539617984,1.2431941637606323,0.45772461128389974,2.283969696969697,0.8034205463931332,7.306188499221358,0.9717370533955658,9.590329874271267,0.3577404312355245,0.0,20555727.272727273,4.681450653215716,2.39704084652764,0.4908713838977967,2486591.665063482,5.950000000000029,1202634.890549602,-6805762.362979719,0.0,0.6096298875221154,9663711.605522888,0.00026843163801460536,176723.31216391752
sensitivity_common,spinup_1,summer_zero_recorded_amount,33,0.3,0.0,0.0,48.66490476205999,34.028588766251225,137.04192728694505,0.0,0.0,0.0,0.0,0.0,6.851909090909091,0.8034205463931332,7.306188499221358,0.5833787694619729,6.443118565644443,0.0,0.0,15987787.878787875,0.130541259432263,0.9842258183422619,0.09888589216598637,2035154.2508799771,0.0,242270.4358066666,-5923834.224540872,0.0,0.0,7677766.363693888,0.009385374667089023,-139723.54262894628
sensitivity_common,spinup_1,summer_zero_recorded_amount,33,0.3,0.5,2.975,48.15418062085349,33.83427162647235,132.43299876385788,4.608928523087174,0.5857634372342915,7.217406041683148,0.5107241412064988,0.1943171397788739,6.851909090909091,0.8034205463931332,7.306188499221358,0.7708024956758923,7.6000029434592555,0.14893637527087683,1.4398465209538198,15987787.878787875,2.6880957793395037,2.3942776937638364,0.2478222674368632,2006419.2354801057,2.9750000000000143,607164.5552203149,-5803687.7641162155,0.0,0.07170364527882302,7412541.008845595,3.6413379245325695e-06,-30102.941648781
sensitivity_common,spinup_1,summer_zero_recorded_amount,33,0.3,1.0,5.95,47.74402631622594,33.67684573958013,128.6926930484241,8.349234238520951,0.5854177854622691,14.074647087908232,0.9208784458340457,0.3517430266710991,6.851909090909091,0.8034205463931332,7.306188499221358,0.9881882582678199,9.696555027490074,0.26921375082441135,2.548038137452181,15987787.878787875,4.787409308204577,2.3970408476613527,0.3680996429903977,1982515.5703443235,5.950000000000029,901844.1253264744,-5707223.036516884,0.0,0.6097252692047579,7200191.4191918345,1.9322743730654674e-06,215333.6256780375
sensitivity_common,spinup_1,summer_zero_recorded_amount,33,0.5,0.0,0.0,43.146305925277815,32.0872992364428,91.88429391890561,0.0,0.0,0.0,0.0,0.0,11.419848484848485,0.8034205463931332,7.306188499221358,0.596705823339229,6.459272431757698,0.0,0.0,11419848.48484848,0.14280404892358806,0.984460317302704,0.06917047321501878,1507016.1493285405,0.0,169467.659376796,-4779727.641613762,0.0,0.0,5035369.448084623,0.005259799084704886,-130297.16825767832
sensitivity_common,spinup_1,summer_zero_recorded_amount,33,0.5,0.5,2.975,42.78851066686213,31.94626322125619,88.55136822292951,3.332925695976116,0.41265281067529713,5.282039216758989,0.3577952584156832,0.14103601518661574,11.419848484848485,0.8034205463931332,7.306188499221358,0.7803597821219237,7.663215174754136,0.10587815204371642,2.715849348064875,11419848.48484848,2.7513080198429147,2.39427770297945,0.1750486252587352,1485718.9024618429,2.9750000000000143,428869.13188390125,-4695825.259695336,0.0,0.07170776050041616,4843034.874151511,3.641330826246914e-06,-6257.135901741733
sensitivity_common,spinup_1,summer_zero_recorded_amount,33,0.5,1.0,5.95,42.49717336530194,31.830517509977813,85.81592988347265,6.068364035432977,0.4109505079329807,10.345825686722435,0.6491325599758725,0.25678172646499375,11.419848484848485,0.8034205463931332,7.306188499221358,1.001978005820851,9.788606986098783,0.19299308467007517,4.828908340540152,11419848.48484848,4.87946126794284,2.3970408487916917,0.26216355788509393,1467553.418236909,5.950000000000029,642300.7168184802,-4627606.40676374,0.0,0.6098196470179764,4687125.661701764,1.9322735863357323e-06,246911.4210061689
sensitivity_common,spinup_1,summer_reported_rain,17,0.1,0.0,0.0,42.35035168269264,29.70501505839173,100.55020778155115,0.0,0.0,0.0,0.0,0.0,1.2312352941176472,2.684941215513606,11.82506163164934,3.5889009970239636,16.10030994296551,0.0,0.0,11081117.647058824,6.045455107009421,1.7665514360548198,0.14159720952345609,1153347.1708527151,0.0,346913.16333246743,-3706760.033999386,33.32352941176469,26.236172673362965,5741044.260041135,0.003655359641412033,429391.2287898776
sensitivity_common,spinup_1,summer_reported_rain,17,0.1,0.5,2.975,42.00481807187903,29.601760179456647,98.07800840616257,2.4721993753885774,0.0028013085754849953,7.846469175328821,0.3455336108136149,0.10325487893508037,1.2312352941176472,2.684941215513606,11.82506163164934,3.66910441745409,16.922132107319943,0.07669796350280375,0.0,11081117.647058824,7.493144342675864,2.396073867008067,0.2182951730262598,1137633.1659221959,2.9750000000000143,534823.1739143366,-3642645.184884011,33.32352941176469,27.602926694122218,5601338.427797298,0.0,501930.4381679715
sensitivity_common,spinup_1,summer_reported_rain,17,0.1,1.0,5.95,41.725089700987795,29.52018840842574,96.12225507714767,4.427952704403486,0.005395136074938023,15.302261496107917,0.6252619817048457,0.18482664996599288,1.2312352941176472,2.684941215513606,11.82506163164934,3.748091870032014,18.027539699864988,0.1352550178052863,0.0,11081117.647058824,8.600445396602753,2.3979673283901763,0.2768522273287424,1125069.66689174,5.950000000000029,678287.9569554188,-3592407.5113572325,33.32352941176469,29.33308113331497,5496185.862344484,0.0,618560.9145704987
sensitivity_common,spinup_1,summer_reported_rain,17,0.3,0.0,0.0,38.86877601236405,28.689191615805882,76.54168519115494,0.0,0.0,0.0,0.0,0.0,3.693705882352941,2.684941215513606,11.82506163164934,3.5978955966043786,16.119329118494033,0.0,0.0,8618647.058823533,6.062636474580792,1.7667770940507364,0.10829108610781427,876031.2103853526,0.0,265313.160964145,-3116095.91382962,33.32352941176469,26.241239363673714,4344851.853541422,0.0015918936883202387,449257.31525539706
sensitivity_common,spinup_1,summer_reported_rain,17,0.3,0.5,2.975,38.61137313209803,28.608966597780128,74.627886794334,1.9137983968209473,0.002270232658950988,5.973839456549342,0.2574028802660211,0.08022501802575543,3.693705882352941,2.684941215513606,11.82506163164934,3.6737648678241888,16.962999065457275,0.05817894451811228,0.558400978567631,8618647.058823533,7.53401130673276,2.3960738729276674,0.16647003062592655,863729.696010644,2.9750000000000143,407851.57503352006,-3068033.4088459364,33.32352941176469,27.609224422095558,4236404.56322533,0.0,528535.0406469475
sensitivity_common,spinup_1,summer_reported_rain,17,0.3,1.0,5.95,38.4077031683344,28.54490522566255,73.09590306668339,3.4457821244715547,0.004369883436552868,11.718943241468963,0.46107284402965204,0.14428639014333408,3.693705882352941,2.684941215513606,11.82506163164934,3.75375943164097,18.0789573354707,0.10321590382831491,0.9821705799319297,8618647.058823533,8.651863032877547,2.397967329059226,0.2115069899361292,853671.4600689696,5.950000000000029,518192.12534351647,-3029978.0154102147,33.32352941176469,29.341341172823828,4153897.011727375,0.0,648865.2989127851
sensitivity_common,spinup_1,summer_reported_rain,17,0.5,0.0,0.0,35.360962788888344,27.662177008061775,52.398113400522675,0.0,0.0,0.0,0.0,0.0,6.156176470588235,2.684941215513606,11.82506163164934,3.604435628341582,16.137869650250334,0.0,0.0,6156176.470588237,6.079956012823524,1.7669704769565886,0.07820507422955938,595662.8333175,0.0,191602.43186242055,-2537089.4470770233,33.32352941176469,26.24605142915263,2932697.9203287996,0.00017751726890255723,467994.7656614068
sensitivity_common,spinup_1,summer_reported_rain,17,0.5,0.5,2.975,35.18119990615287,27.602750990283557,50.991221028106196,1.4068923724164744,0.0017386018180971519,4.179014070947105,0.17976288273547383,0.05942601777822114,6.156176470588235,2.684941215513606,11.82506163164934,3.6779032553583644,16.999051645974404,0.04216255572327829,1.0653070029721037,6156176.470588237,7.5700638927061465,2.396073878383902,0.12036762995283767,585888.2818499473,2.9750000000000143,294900.69338445226,-2502723.596031528,33.32352941176469,27.615135849261087,2852371.6402216544,0.0,553035.9801558637
sensitivity_common,spinup_1,summer_reported_rain,17,0.5,1.0,5.95,35.0312517103061,27.55468996202305,49.853151580191536,2.5449618203311397,0.003343558121351009,8.240116493612845,0.3297110785822407,0.10748704603872362,6.156176470588235,2.684941215513606,11.82506163164934,3.7587804238209275,18.12402862476838,0.07535878850112271,1.8829908840723453,6156176.470588237,8.696934322842583,2.3979673297266224,0.1535638627306821,577753.9727906203,5.950000000000029,376231.46369017113,-2475176.8451910987,33.32352941176469,29.34919201788429,2790435.903873358,0.0,676381.994042114
sensitivity_common,storage_1,summer_zero_recorded_amount,33,0.1,0.0,0.0,54.36457657240691,36.0589837455401,184.5187545237485,0.0,0.0,0.0,0.0,0.0,2.283969696969697,0.1519115185861303,1.8095148988999081,0.058224171541699836,1.3671280149270861,0.0,0.0,20555727.272727273,0.06737347182616839,0.5044386098685684,0.03163562114814616,2606538.9257207834,0.0,77507.2718129581,-7167932.676081939,0.0,0.0,10452803.019831365,0.0053217459298838385,-69722.99218623046
sensitivity_common,storage_1,summer_zero_recorded_amount,33,0.1,0.5,1.4875,54.12284589974612,35.94977007521331,181.93032487880743,2.588429644941077,0.9349657248213248,3.9489652576272363,0.24173067266079265,0.10921367032678733,2.283969696969697,0.1519115185861303,1.8095148988999081,0.07301045737798145,1.6120828685752489,0.08361598307342424,0.0,20555727.272727273,1.4441922638730522,1.6387292600591634,0.11525160422157041,2586581.2523014275,1.4875000000000071,282366.4303428475,-7098189.204008183,0.0,0.009852227251492842,10304701.148512872,0.002895034137959439,-74775.28197180916
sensitivity_common,storage_1,summer_zero_recorded_amount,33,0.1,1.0,2.975,53.87736409911123,35.84102041129303,179.34915694423907,5.1695975795094125,1.3980468011355924,8.06196063072909,0.4872124732956805,0.21796333424706088,2.283969696969697,0.1519115185861303,1.8095148988999081,0.10817012167582336,2.1589435159319197,0.1682141844172384,0.0,20555727.272727273,2.747788043144363,2.395854633388641,0.19984980556538456,2564748.8255285695,2.9750000000000143,489632.0236351922,-7029047.222258636,0.0,0.07360834092348117,10157890.052956512,0.0025047927229095083,-33167.02104580006
sensitivity_common,storage_1,summer_zero_recorded_amount,33,0.3,0.0,0.0,48.84659543903509,34.11276696373865,138.86425871490934,0.0,0.0,0.0,0.0,0.0,6.851909090909091,0.1519115185861303,1.8095148988999081,0.06134744457806683,1.3718804796425468,0.0,0.0,15987787.878787875,0.07008987195216503,0.5046285549052678,0.023569938359625908,2069380.3436378178,0.0,57746.348981083465,-5973296.65426623,0.0,0.0,7800906.179499408,0.0030957363037275366,-66176.1498755013
sensitivity_common,storage_1,summer_zero_recorded_amount,33,0.3,0.5,1.4875,48.66855698516452,34.028672053335654,136.8831808004855,1.9810779144238673,0.7975352123782926,3.093121527448858,0.17803845387057834,0.08409491040299923,6.851909090909091,0.1519115185861303,1.8095148988999081,0.0762244312130503,1.6215711455700266,0.06292438056595563,0.6073517305172089,15987787.878787875,1.4680277256180223,1.6547801107796223,0.08649431892558154,2053830.429851579,1.4875000000000071,211911.08136767478,-5921563.087567798,0.0,0.00985641099716634,7687001.96460252,0.0011913681676839801,-64354.67230742016
sensitivity_common,storage_1,summer_zero_recorded_amount,33,0.3,1.0,2.975,48.48441193902972,33.94446691021967,134.89529535652753,3.9689633583818145,1.0137524436392482,6.329749350330985,0.36218350000537625,0.16830005351898422,6.851909090909091,0.1519115185861303,1.8095148988999081,0.11271763344953334,2.203436292601433,0.12722091100212252,1.2006342211275975,15987787.878787875,2.790708861127861,2.3958546361514226,0.1507908493617484,2036868.569037908,2.9750000000000143,369437.5809362837,-5870010.4355277205,0.0,0.07362700592110516,7573490.638493066,0.0009328312741070305,-13203.554483830223
sensitivity_common,storage_1,summer_zero_recorded_amount,33,0.5,0.0,0.0,43.2603360064731,32.14564323765506,93.0544249148242,0.0,0.0,0.0,0.0,0.0,11.419848484848485,0.1519115185861303,1.8095148988999081,0.0640183131182449,1.3762705748521171,0.0,0.0,11419848.48484848,0.07291906475745485,0.5047939212195999,0.016343608295546416,1526510.0413536099,0.0,40041.84032408873,-4812785.026958566,0.0,0.0,5120121.6988291675,0.0013694675851161305,-63040.70772906191
sensitivity_common,storage_1,summer_zero_recorded_amount,33,0.5,0.5,1.4875,43.1346128930049,32.08427878331433,91.61916264639771,1.4352622684264884,0.660367673560188,2.2751879162836843,0.12572311346820064,0.06136445434072742,11.419848484848485,0.1519115185861303,1.8095148988999081,0.07802555031519434,1.6309507881608072,0.044936613915416146,1.1531673765145887,11419848.48484848,1.490416731248344,1.668809274699831,0.06128022221096256,1514366.1782699465,1.4875000000000071,150136.5444168583,-4776420.370988175,0.0,0.009860582098650844,5037120.0547380615,0.00017156728701442917,-55048.312063038764
sensitivity_common,storage_1,summer_zero_recorded_amount,33,0.5,1.0,2.975,43.00456891577347,32.02241466954008,90.17305202313122,2.881372891692982,0.6864217331634279,4.670554149369181,0.25576709069963455,0.12322856811497625,11.419848484848485,0.1519115185861303,1.8095148988999081,0.11570117341889208,2.2434682038954428,0.09141328293397603,2.288224687816431,11419848.48484848,2.8299436233377167,2.3958546389059663,0.10775689122952245,1501293.1205162837,2.9750000000000143,264004.38351233,-4739959.139306666,0.0,0.07364551003542082,4953877.913216449,0.00013567943540939142,4125.768917993893
sensitivity_common,storage_1,summer_reported_rain,17,0.1,0.0,0.0,42.45921257159911,29.741656105059764,101.39668764904658,0.0,0.0,0.0,0.0,0.0,1.2312352941176472,1.2931809307740192,8.904152119584936,1.682689087504466,12.993257550037344,0.0,0.0,11081117.647058824,5.872827815199643,1.7815279691401755,0.10608358026405887,1169205.197615158,0.0,259904.77164694425,-3728092.563712947,33.32352941176469,26.957304275176142,5805107.571555684,0.002194415605546898,354874.972207239
sensitivity_common,storage_1,summer_reported_rain,17,0.1,0.5,1.4875,42.3284261267161,29.69752637034981,100.34239018262859,1.0542974664179847,0.0014202052949130461,3.141086435382249,0.1307864448830122,0.044129734709956216,1.2312352941176472,1.2931809307740192,8.904152119584936,1.6936890539700666,13.279315014124933,0.031530113133811474,0.0,11081117.647058824,6.6528730627130965,2.2766927919483613,0.13761369339787036,1160569.5744079438,1.4875000000000071,337153.5488247823,-3700965.9822307387,33.32352941176469,27.621051908680446,5746690.072036138,0.0010173762227030075,370750.9080155718
sensitivity_common,storage_1,summer_reported_rain,17,0.1,1.0,2.975,42.202863769754174,29.65567496938052,99.34134539922316,2.055342249823422,0.002784134244741665,6.463856944520842,0.2563488018449423,0.08598113567924415,1.2312352941176472,1.2931809307740192,8.904152119584936,1.7151055753157056,13.824657184426016,0.06196618161935257,0.0,11081117.647058824,7.319056142232408,2.398014683921781,0.16804976188341145,1152604.78587895,2.9750000000000143,411721.916614358,-3675256.3635602393,33.32352941176469,28.39003525657437,5691646.962135516,0.00053639346709024,424202.48299660225
sensitivity_common,storage_1,summer_reported_rain,17,0.3,0.0,0.0,38.95143566043685,28.715812659427876,77.1528068842357,0.0,0.0,0.0,0.0,0.0,3.693705882352941,1.2931809307740192,8.904152119584936,1.6852895634198926,13.010356238728924,0.0,0.0,8618647.058823533,5.8887992094269395,1.7817054085601365,0.08231985111359817,887430.7095334256,0.0,201683.63522831557,-3131140.1871053437,33.32352941176469,26.96119140029963,4391932.246348642,0.000889681721302732,373690.04288140906
sensitivity_common,storage_1,summer_reported_rain,17,0.3,0.5,1.4875,38.857793140666246,28.6814044022966,76.33397523941699,0.8188316448187014,0.001143786832834337,2.4070338311781256,0.09364251977060496,0.03440825713127266,3.693705882352941,1.2931809307740192,8.904152119584936,1.6954580448772014,13.299253360145007,0.0239835742275952,0.23546582159928273,8618647.058823533,6.677222138027926,2.281991457393005,0.10630342534119336,880401.2098539947,1.4875000000000071,260443.39208592376,-3110700.961384621,33.32352941176469,27.62535617436526,4346394.13543379,0.00012944007280045737,392365.1548632602
sensitivity_common,storage_1,summer_reported_rain,17,0.3,1.0,2.975,38.7659119233503,28.648603244135916,75.55078558679742,1.602021297438275,0.0022416480897291535,4.970911790901397,0.1855237370865473,0.06720941529195577,3.693705882352941,1.2931809307740192,8.904152119584936,1.7166698816302404,13.856655244367294,0.047349482709072965,0.4533209523851468,8618647.058823533,7.350527688584782,2.398014685139868,0.12966933382267112,873965.0336491665,2.9750000000000143,317689.8678655443,-3091238.3788479012,33.32352941176469,28.394853317161147,4303254.704034757,9.87866004674161e-06,448725.51612210186
sensitivity_common,storage_1,summer_reported_rain,17,0.5,0.0,0.0,35.41807469323426,27.679935319290827,52.798639452667985,0.0,0.0,0.0,0.0,0.0,6.156176470588235,1.2931809307740192,8.904152119584936,1.6865259354282955,13.026981001722294,0.0,0.0,6156176.470588237,5.904819597130512,1.7818642736600148,0.060559925780889874,602839.1129774814,0.0,148371.8181631802,-2546833.0709717623,33.32352941176469,26.964931325530703,2964636.090540637,0.00012644133164964926,391819.79616572906
sensitivity_common,storage_1,summer_reported_rain,17,0.5,0.5,1.4875,35.34979645131698,27.654410756511936,52.19773914029571,0.600900312372272,0.0008671087817972989,1.6619789765776858,0.06827824191728382,0.02552456277889239,6.156176470588235,1.2931809307740192,8.904152119584936,1.696282038524,13.318070043941372,0.01736732940424611,0.4533971540457107,6156176.470588237,6.700508836995159,2.286590870565613,0.07792725518513599,597071.574397977,1.4875000000000071,190921.77520358318,-2532173.5589750228,33.32352941176469,27.629492253905532,2930843.5504832235,4.207105194017838e-08,413056.1985297224
sensitivity_common,storage_1,summer_reported_rain,17,0.5,1.0,2.975,35.28256369827294,27.62990460041243,51.61952189667728,1.1791175559907108,0.0016986521195505588,3.4280114495724376,0.13551099496132246,0.050030718878398474,6.156176470588235,1.2931809307740192,8.904152119584936,1.717792665771692,13.885527124023561,0.03450597280895018,0.8762246938327126,6156176.470588237,7.379389723973801,2.398014686355106,0.09506589858984006,591831.5251607563,2.9750000000000143,232911.4515451082,-2518125.5815218054,33.32352941176469,28.399462087381036,2898598.168915798,3.3177571799943156e-08,471849.5271925292
sensitivity_common,storage_2,summer_zero_recorded_amount,33,0.1,0.0,0.0,54.521296278321095,36.02606424873524,184.09869227087023,0.0,0.0,0.0,0.0,0.0,2.283969696969697,0.6627370568831739,2.6536049180173897,0.3517829011271723,2.284443588990693,0.0,0.0,20555727.272727273,0.24913695969386251,0.6182982887202862,0.06181719606213945,2598089.0446546962,0.0,151452.13035224166,-7151435.470358229,0.0,0.0,10396753.037713293,0.0,-89679.75168744264
sensitivity_common,storage_2,summer_zero_recorded_amount,33,0.1,0.5,4.55,53.40814620805883,35.65829183097802,175.3064039263417,8.792288344528522,1.3869323557068753,13.503382736087474,1.1131500702622716,0.36777241775721775,2.283969696969697,0.6627370568831739,2.6536049180173897,0.8863028942748836,4.133811642184328,0.28762196128114037,0.0,20555727.272727273,3.8729328227977624,2.3927260986312335,0.3494391573432798,2544293.1440051347,4.550000000000018,856125.9354910356,-6914000.507642451,0.0,0.10406218246725882,9894149.634512674,0.0,105791.30890872577
sensitivity_common,storage_2,summer_zero_recorded_amount,33,0.1,1.0,9.1,52.50310845315856,35.34399966735703,167.7756585553452,16.32303371552502,1.3925190517499573,25.576507826746735,2.0181878251625385,0.6820645813782097,2.283969696969697,0.6627370568831739,2.6536049180173897,1.5257933043131409,7.38876618244004,0.5310994195090696,0.0,20555727.272727273,7.1313922588332055,2.396230994410981,0.592916615571209,2497598.8499499355,9.100000000000035,1452645.708149462,-6714988.718280963,0.0,0.5126348781656471,9470093.233905189,0.0,512853.3943467597
sensitivity_common,storage_2,summer_zero_recorded_amount,33,0.3,0.0,0.0,48.96539454687327,34.08773573632542,138.67505612630623,0.0,0.0,0.0,0.0,0.0,6.851909090909091,0.6627370568831739,2.6536049180173897,0.3557748033936574,2.2967438560168056,0.0,0.0,15987787.878787875,0.2617979026294283,0.6186589646297332,0.04516435086008872,2062407.0383891896,0.0,110652.65960721736,-5960762.554284777,0.0,0.0,7759255.137822005,0.0,-83882.55914349951
sensitivity_common,storage_2,summer_zero_recorded_amount,33,0.3,0.5,4.55,48.16152569598692,33.80772041362189,131.9833227560021,6.691733370304123,1.0502463885429734,10.287305855106581,0.8038688508863541,0.2800153227035338,6.851909090909091,0.6627370568831739,2.6536049180173897,0.9072801897431352,4.202771091646115,0.21433417649471956,2.1005549742243987,15987787.878787875,3.9418922801713974,2.392726106543076,0.2594985273548083,2022728.82430817,4.550000000000018,635771.3920192802,-5786995.082839104,0.0,0.10406605961385167,7377161.355152443,0.0,136240.18152262524
sensitivity_common,storage_2,summer_zero_recorded_amount,33,0.3,1.0,9.1,47.47685263453685,33.56488900039691,126.16069719366175,12.514358932644502,1.0491632012778354,19.748989283027527,1.4885419123364199,0.5228467359285109,6.851909090909091,0.6627370568831739,2.6536049180173897,1.560567953881699,7.502687783498943,0.39899981549780095,3.8086747828805207,15987787.878787875,7.245313860920891,2.396230995439769,0.4441641663578897,1987280.1008382367,9.100000000000035,1088202.20757683,-5639078.800112826,0.0,0.512691075722727,7050123.963929881,0.0,557887.291574249
sensitivity_common,storage_2,summer_zero_recorded_amount,33,0.5,0.0,0.0,43.35277276261077,32.12672875389112,93.06999150858451,0.0,0.0,0.0,0.0,0.0,11.419848484848485,0.6627370568831739,2.6536049180173897,0.35919799562887755,2.307190918519808,0.0,0.0,11419848.48484848,0.272551433969359,0.6189654334666643,0.030987627284937123,1520454.5428853934,0.0,75919.68684809595,-4803188.317157275,0.0,0.0,5090333.991055548,0.0,-79043.39817222589
sensitivity_common,storage_2,summer_zero_recorded_amount,33,0.5,0.5,4.55,42.79672523713952,31.924153069098104,88.22410594567292,4.84588556291158,0.7451965854223488,7.5566571665040385,0.55604752547125,0.20257568479301027,11.419848484848485,0.6627370568831739,2.6536049180173897,0.925184971616795,4.261173098743337,0.15220023620174403,3.9464027816169445,11419848.48484848,4.000294295134398,2.3927261144088416,0.18318786348668115,1491299.981203514,4.550000000000018,448810.2655423688,-4682370.374511693,0.0,0.10406992664531245,4814113.325474316,0.0,161203.68327832824
sensitivity_common,storage_2,summer_zero_recorded_amount,33,0.5,1.0,9.1,42.308066857081386,31.74591049180857,83.9529266705969,9.117064837987606,0.7423783726352582,14.542945051757997,1.0447059055293804,0.38081826208254876,11.419848484848485,0.6627370568831739,2.6536049180173897,1.5905293884734462,7.600102073095126,0.28574526963479974,7.205968877537417,11419848.48484848,7.3427281515426,2.3962309964652917,0.3167328969197369,1464613.638429555,9.100000000000035,775995.5974533553,-4578006.351454697,0.0,0.5127466199474194,4574374.746959408,0.0,594256.4902258575
sensitivity_common,storage_2,summer_reported_rain,17,0.1,0.0,0.0,42.42755757974534,29.722045284723897,100.94907023550626,0.0,0.0,0.0,0.0,0.0,1.2312352941176472,3.974685004296948,9.930610649920325,5.439833380026222,14.654812701655448,0.0,0.0,11081117.647058824,6.48046594163591,1.756263889900296,0.12725526099048695,1164808.250964111,0.0,311775.389426693,-3717805.157194839,33.32352941176469,25.25065983340904,5762065.866415174,0.0,534763.7141239047
sensitivity_common,storage_2,summer_reported_rain,17,0.1,0.5,4.55,41.891014659294875,29.570403842060383,97.31208413235832,3.636986103147935,0.004215746382776331,11.522230788760226,0.5365429204504615,0.1516414426635111,1.2312352941176472,3.974685004296948,9.930610649920325,5.668104281594805,16.08116251744207,0.11235355900297374,0.0,11081117.647058824,8.546580741082977,2.3960288735606423,0.2396088199934607,1142519.9190072466,4.550000000000018,587041.6089839786,-3623500.0870560477,33.32352941176469,27.393920573390396,5558051.309817074,0.0,681885.6471243348
sensitivity_common,storage_2,summer_reported_rain,17,0.1,1.0,9.1,41.45501491111481,29.449976572837716,94.42080429787283,6.528265937633417,0.007984714848689123,22.06579794178282,0.9725426686305243,0.2720687118861773,1.2312352941176472,3.974685004296948,9.930610649920325,5.901864710330403,17.76297135014371,0.19952358227353137,0.0,11081117.647058824,10.230300724802465,2.3979400245787716,0.3267788432640183,1124525.7399429732,9.100000000000035,800608.1659968449,-3549819.1976253767,33.32352941176469,29.939270137664742,5401786.125814161,0.0,874403.8451786793
sensitivity_common,storage_2,summer_reported_rain,17,0.3,0.0,0.0,38.927297773857376,28.702257886248418,76.8517940040813,0.0,0.0,0.0,0.0,0.0,3.693705882352941,3.974685004296948,9.930610649920325,5.44441054976089,14.673698257757174,0.0,0.0,8618647.058823533,6.499659822028787,1.756572214191435,0.09720494674438968,884002.5529897456,0.0,238152.11952375472,-3124180.8472121865,33.32352941176469,25.2569390975276,4360656.319961446,0.0,553178.2039442188
sensitivity_common,storage_2,summer_reported_rain,17,0.3,0.5,4.55,38.52301123034084,28.584588506367655,74.03838320419825,2.8134107998830555,0.0034357392091948213,8.810113780733644,0.40428654351653015,0.11766937988076683,3.693705882352941,3.974685004296948,9.930610649920325,5.676910537860511,16.120578716963685,0.08520115958527676,0.8235753032648793,8618647.058823533,8.585996944793031,2.3960288777490715,0.18240610632966645,866637.0351398558,4.550000000000018,446894.9605076829,-3053650.45271697,33.32352941176469,27.402900827078433,4202707.070798033,0.0,709502.7795766932
sensitivity_common,storage_2,summer_reported_rain,17,0.3,1.0,9.1,38.20077462481184,28.48980178028245,71.76686205084337,5.084931953237933,0.006501657636654556,17.01439186183316,0.7265231490455316,0.21245610596597309,3.693705882352941,3.974685004296948,9.930610649920325,5.913779731640536,17.81711245505741,0.1524560653066898,1.4433339843954858,8618647.058823533,10.284441830195501,2.3979400250581264,0.24966101205107946,852237.6163907172,9.100000000000035,611669.4795251447,-2997723.7755930023,33.32352941176469,29.9503318421745,4079980.30431414,0.0,907241.2584233122
sensitivity_common,storage_2,summer_reported_rain,17,0.5,0.0,0.0,35.39534222319253,27.67136765607021,52.62106222791107,0.0,0.0,0.0,0.0,0.0,6.156176470588235,3.974685004296948,9.930610649920325,5.4484665756551625,14.690485430134466,0.0,0.0,6156176.470588237,6.516703882924863,1.7568291027102314,0.07018950957590667,600119.0425234352,0.0,171964.29846097133,-2542514.2364584403,33.32352941176469,25.262854447905728,2943524.074313957,0.0,570616.9743513534
sensitivity_common,storage_2,summer_reported_rain,17,0.5,0.5,4.55,35.1166408875118,27.58428236619974,50.54876443907202,2.072297788839044,0.0026548563402712944,6.272921906749289,0.2787013356807272,0.08708528987047218,6.156176470588235,3.974685004296948,9.930610649920325,5.684638639519356,16.154994295677547,0.06178636673931036,1.5646883143088919,6156176.470588237,8.620412527342415,2.3960288815845954,0.13197587631521704,586485.814880357,4.550000000000018,323340.89697228174,-2492177.904398999,33.32352941176469,27.411187372884655,2826741.93675133,0.0,734693.9974216546
sensitivity_common,storage_2,summer_reported_rain,17,0.5,1.0,9.1,34.8798767791457,27.513021903460423,48.857239493118925,3.7638227347921407,0.005016932557253995,12.117957752939745,0.5154654440468366,0.1583457526097898,6.156176470588235,3.974685004296948,9.930610649920325,5.924264021218952,17.864420021184042,0.11153130691354834,2.764443202841279,6156176.470588237,10.331749396800207,2.3979400255362036,0.181720816489455,574904.0609655055,9.100000000000035,445216.0003991648,-2451633.05990942,33.32352941176469,29.960480181553,2734534.3246934493,0.0,936705.055505824
sensitivity_common,thermal_pair_1,summer_zero_recorded_amount,33,0.1,0.0,0.0,54.962100079721175,36.06709760650084,185.68384714529344,0.0,0.0,0.0,0.0,0.0,2.283969696969697,0.3827255929569314,2.294313873262653,0.17849560176666987,1.8725211275353206,0.0,0.0,20555727.272727273,0.15576923928718395,0.5764531086023789,0.049569628314693484,2543485.9416939495,0.0,121445.58937099906,-7183941.35979658,0.0,0.0,10459867.85356455,0.001108876411616012,-81917.3345611646
sensitivity_common,thermal_pair_1,summer_zero_recorded_amount,33,0.1,0.5,2.975,54.19751843183826,35.80378427082587,179.40917168164478,6.27467546364867,1.5807683087131466,9.695035069241555,0.7645816478829139,0.2633133356749601,2.283969696969697,0.3827255929569314,2.294313873262653,0.3180505944634793,2.6291968150155256,0.2078980754761485,0.0,20555727.272727273,2.727553232352029,2.392670290598625,0.25746770379084194,2506326.022520044,2.9750000000000143,630795.8742875628,-7010782.4405557625,0.0,0.05465406235060028,10095137.210003218,0.0,-42808.260756934564
sensitivity_common,thermal_pair_1,summer_zero_recorded_amount,33,0.1,1.0,5.95,53.50874008845173,35.56623090467511,173.73906555745404,11.944781587839433,1.5897165565093871,18.674549567771294,1.4533599912694444,0.5008667018257194,2.283969696969697,0.3827255929569314,2.294313873262653,0.5598109660723686,4.9725403167357,0.39452818241433235,0.0,20555727.272727273,5.07443617693842,2.3962097334649934,0.4440978107290258,2472847.9043955607,5.950000000000029,1088039.6362861134,-6857364.580258266,0.0,0.25438063921714754,9770622.98044368,0.0,224601.9382954045
sensitivity_common,thermal_pair_1,summer_zero_recorded_amount,33,0.3,0.0,0.0,49.31503816771758,34.11738992571924,140.0266347166808,0.0,0.0,0.0,0.0,0.0,6.851909090909091,0.3827255929569314,2.294313873262653,0.18205314344144197,1.8818831626979922,0.0,0.0,15987787.878787875,0.16481685409699012,0.5768268557572187,0.0362763043223986,2019117.2723757944,0.0,88876.94558987657,-5983067.04472867,0.0,0.0,7806694.52994654,0.0004207089038992109,-77039.01881852926
sensitivity_common,thermal_pair_1,summer_zero_recorded_amount,33,0.3,0.5,2.975,48.75690888281622,33.91689492254646,135.26782553351006,4.75880918317072,1.1893642860618314,7.3040356869038305,0.5581292849013697,0.20049500317277752,6.851909090909091,0.3827255929569314,2.294313873262653,0.32641047261637257,2.687162217342185,0.15486147281444662,1.5158662804779468,15987787.878787875,2.785518649622142,2.3926703055420604,0.1911377771368452,1991781.7042614284,2.9750000000000143,468287.55398527073,-5856225.250483347,0.0,0.05465869358158926,7529169.283125076,0.0,-18308.693044141713
sensitivity_common,thermal_pair_1,summer_zero_recorded_amount,33,0.3,1.0,5.95,48.25352556482965,33.73401491299876,130.9164756912523,9.11015902542851,1.1918858280954368,14.269405614527642,1.0615126028879303,0.38337501272048363,6.851909090909091,0.3827255929569314,2.294313873262653,0.573932597793607,5.07043944895321,0.29576031769657724,2.8346225624109227,15987787.878787875,5.1723353110056,2.396209735314688,0.3320366220189759,1966655.258137311,5.950000000000029,813489.723946491,-5742610.352348657,0.0,0.2544210621387861,7279747.946953997,0.0,260637.59952338377
sensitivity_common,thermal_pair_1,summer_zero_recorded_amount,33,0.5,0.0,0.0,43.60372567851695,32.145044623054,94.18554673354004,0.0,0.0,0.0,0.0,0.0,11.419848484848485,0.3827255929569314,2.294313873262653,0.18421707578549462,1.8908031666657434,0.0,0.0,11419848.48484848,0.17369218157684552,0.5771481262471524,0.024871097520674883,1488650.3940539234,0.0,60934.188925653456,-4816379.750807716,0.0,0.0,5122238.89667647,5.4761926084089114e-05,-72922.20512798213
sensitivity_common,thermal_pair_1,summer_zero_recorded_amount,33,0.5,0.5,2.975,43.225622329365734,32.00027211176114,90.76269269122531,3.4228540423147242,0.8326739819145672,5.332985681783953,0.3781033491512193,0.14477251129285393,11.419848484848485,0.3827255929569314,2.294313873262653,0.33360391173238707,2.7366111481387354,0.10961967777937798,2.851821421333945,11419848.48484848,2.8349675952582722,2.3926703203816424,0.13449077530005285,1468468.3911067846,2.9750000000000143,329502.39948512946,-4728263.350588142,0.0,0.054663310666238085,4921885.197128977,0.0,2175.3555075589516
sensitivity_common,thermal_pair_1,summer_zero_recorded_amount,33,0.5,1.0,5.95,42.87638027951365,31.866705989368064,87.59809980603508,6.587446927504955,0.8323704462222707,10.484085554010534,0.7273453990033037,0.2783386336859352,11.419848484848485,0.3827255929569314,2.294313873262653,0.5861607205359969,5.154517083957087,0.21081968437383536,5.357334660334479,11419848.48484848,5.2564129478519765,2.3962097371572146,0.23569078189451026,1449637.7769161516,5.950000000000029,577442.4156415501,-4648477.40140431,0.0,0.2544611426744819,4739958.7287225975,0.0,290077.2768957072
sensitivity_common,thermal_pair_1,summer_reported_rain,17,0.1,0.0,0.0,42.91278221667566,29.748246395903095,101.81122558287694,0.0,0.0,0.0,0.0,0.0,1.2312352941176472,2.571994423516098,9.595229660887048,3.478625825996731,14.0928220754103,0.0,0.0,11081117.647058824,6.264299772240324,1.766417207014823,0.12306517836428332,1144319.5650183922,0.0,301509.6869924941,-3735777.944975269,33.32352941176469,26.029823209380503,5785302.449908309,0.0002901507009631588,458054.31644970435
sensitivity_common,thermal_pair_1,summer_reported_rain,17,0.1,0.5,2.975,42.5378916624764,29.639385601686026,99.20527674100714,2.6059488418698087,0.0025417157770988297,8.015391899000207,0.37489055419925443,0.10886079421706917,1.2312352941176472,2.571994423516098,9.595229660887048,3.5523616703969165,14.955717899743009,0.0818518076605038,0.0,11081117.647058824,7.756562114909307,2.396073876051944,0.2049169860247871,1129110.6623521792,2.9750000000000143,502046.61576072837,-3666832.6981279836,33.32352941176469,27.35668306394993,5636046.873677319,0.0,533907.8491269686
sensitivity_common,thermal_pair_1,summer_reported_rain,17,0.1,1.0,5.95,42.23049445258025,29.550583563248342,97.07531905162011,4.735906531256826,0.0048794736688151374,15.64638597214227,0.6822877640954035,0.19766283265475337,1.2312352941176472,2.571994423516098,9.595229660887048,3.6385948446120366,16.1304855139457,0.14652572676055126,0.0,11081117.647058824,8.933223187884327,2.397967334824524,0.2695909051248346,1116660.7572429646,5.950000000000029,660497.7175558447,-3611409.5238796286,33.32352941176469,29.00411489765978,5519592.404676074,0.0,658285.6408358141
sensitivity_common,thermal_pair_1,summer_reported_rain,17,0.3,0.0,0.0,39.315437247112584,28.72099611897844,77.54512098274657,0.0,0.0,0.0,0.0,0.0,3.693705882352941,2.571994423516098,9.595229660887048,3.4814641845269705,14.113573126663026,0.0,0.0,8618647.058823533,6.284993618245043,1.766650152467781,0.09423504192492267,868992.553462741,0.0,230875.85271606056,-3136465.8256807975,33.32352941176469,26.03483099058395,4376631.114419672,0.0,476100.07265351276
sensitivity_common,thermal_pair_1,summer_reported_rain,17,0.3,0.5,2.975,39.036823769951134,28.63671862293159,75.53395515064533,2.011165832101233,0.001982869572351831,6.084818987946761,0.27861347716144763,0.08427749604685154,3.693705882352941,2.571994423516098,9.595229660887048,3.5565031025195672,14.994060574524113,0.06193414771887684,0.5947830097685758,8618647.058823533,7.794904797571437,2.39607388393298,0.1561691896437995,857158.9482802252,2.9750000000000143,382614.5146273088,-3084977.026702103,33.32352941176469,27.362946745546115,4261148.134689543,0.0,559062.6524201866
sensitivity_common,thermal_pair_1,summer_reported_rain,17,0.3,1.0,5.95,38.80552152331819,28.56723273218887,73.87308958501461,3.6720313977319488,0.0038054339092070677,11.963243424407949,0.509915723794402,0.15376338678957235,3.693705882352941,2.571994423516098,9.595229660887048,3.643919047893611,16.18075715529563,0.11147784247189174,1.0638751335248786,8618647.058823533,8.983494830097342,2.3979673356875866,0.2057128843968144,847289.876922138,5.950000000000029,503996.56677219545,-3043157.9433896784,33.32352941176469,29.012397072893204,4170124.988785748,0.0,687536.0906307825
sensitivity_common,thermal_pair_1,summer_reported_rain,17,0.5,0.0,0.0,35.67877978244258,27.682540735673737,53.164851646874304,0.0,0.0,0.0,0.0,0.0,6.156176470588235,2.571994423516098,9.595229660887048,3.4836350830957685,14.13245338657588,0.0,0.0,6156176.470588237,6.304072999187419,1.7668492734973293,0.06823721208652686,590610.327566046,0.0,167181.16961199083,-2549563.7148721167,33.32352941176469,26.039578540911158,2952189.458648029,0.0,493195.10555467795
sensitivity_common,thermal_pair_1,summer_reported_rain,17,0.5,0.5,2.975,35.48667468736617,27.620445256961215,51.687280738627656,1.4775709082466477,0.0014221407650509832,4.371597850615146,0.19210509507641216,0.06209547871252517,6.156176470588235,2.571994423516098,9.595229660887048,3.560163679302186,15.027779781894136,0.04468605106125406,1.1283779336231614,6156176.470588237,7.828624012124443,2.3960738911159547,0.11292326314778092,581237.2194944205,2.9750000000000143,276661.9947120633,-2512944.6889839596,33.32352941176469,27.368812880706514,2867073.575301828,0.0,582195.9300370219
sensitivity_common,thermal_pair_1,summer_reported_rain,17,0.5,1.0,5.95,35.321196798597555,27.568607685712053,50.45947991711562,2.7053717297586837,0.0027277669634884205,8.530080197768058,0.35758298384501813,0.11393304996168752,6.156176470588235,2.571994423516098,9.595229660887048,3.648617914441862,16.22469714901393,0.08097378364658703,2.0305348014981415,6156176.470588237,9.027434824675941,2.39796733654791,0.1492109957331139,573306.7802994507,5.950000000000029,365566.93954612897,-2482853.2335816585,33.32352941176469,29.020260100430033,2799160.720183488,0.0,713993.9846933769
sensitivity_common,water_reference_1,summer_zero_recorded_amount,33,0.1,0.0,0.0,54.177382356891115,36.040470597681264,183.8943971556065,0.0,0.0,0.0,0.0,0.0,2.283969696969697,0.382787631447236,2.2957508318749054,0.1786723553789282,1.874705639158808,0.0,0.0,20555727.272727273,0.15684114769250626,0.5768216791967297,0.04833878958715211,2599687.4286066056,0.0,118430.03448852268,-7153624.92146551,0.0,0.0,10423820.339106325,0.001064661211350654,-81772.74920241302
sensitivity_common,water_reference_1,summer_zero_recorded_amount,33,0.1,0.5,2.975,53.48606387190966,35.78514900587621,177.81938257673002,6.075014578876469,1.5582233822167666,9.264794258935353,0.6913184849814492,0.25532159180504815,2.283969696969697,0.382787631447236,2.2957508318749054,0.3189916204240783,2.6402160537295245,0.19865686589572645,0.0,20555727.272727273,2.737135535749631,2.3926703138944845,0.24699565548287855,2560927.59694896,2.9750000000000143,605139.3559330525,-6990487.735564286,0.0,0.0546648197906658,10074636.93047932,0.0,-40901.26732993518
sensitivity_common,water_reference_1,summer_zero_recorded_amount,33,0.1,1.0,5.95,52.856195147092954,35.55514453787903,172.33385170638704,11.560545449219484,1.5625586542047927,17.970017781869643,1.321187209798155,0.48532605980223115,2.283969696969697,0.382787631447236,2.2957508318749054,0.5612751318683514,4.9898866060174925,0.3783582619410134,0.0,20555727.272727273,5.09034551491887,2.396209740775919,0.4266970515281655,2525613.5459741005,5.950000000000029,1045407.7762440057,-6844786.532070809,0.0,0.2544699331318775,9761810.868732642,0.0,228343.96506342088
sensitivity_common,water_reference_1,summer_zero_recorded_amount,33,0.3,0.0,0.0,48.70072440185967,34.10008125389748,138.35141686129305,0.0,0.0,0.0,0.0,0.0,6.851909090909091,0.382787631447236,2.2957508318749054,0.18216985728971466,1.8837496049712028,0.0,0.0,15987787.878787875,0.1655769452490533,0.5771735946149887,0.03544540644571786,2065314.6484917349,0.0,86841.24579200872,-5963888.875319897,0.0,0.0,7780135.70622347,0.00040457753724953483,-76995.82942296161
sensitivity_common,water_reference_1,summer_zero_recorded_amount,33,0.3,0.5,2.975,48.18724397649119,33.9049864289908,133.7209661728354,4.630450688457624,1.1717085318006184,7.166063003951024,0.5134804253684803,0.19509482490667993,6.851909090909091,0.382787631447236,2.2957508318749054,0.32707426585476684,2.695249428671827,0.14843042615346316,1.4445638904188458,15987787.878787875,2.7921689206019766,2.3926703238045226,0.18387583259918103,2036378.0353255756,2.9750000000000143,450495.7898679935,-5844030.111949264,0.0,0.054668612391328385,7513760.820789983,0.0,-17271.902706089786
sensitivity_common,water_reference_1,summer_zero_recorded_amount,33,0.3,1.0,5.95,47.71554715295978,33.72753006264037,129.49529926488117,8.856117596411874,1.171441093945603,13.98127836518887,0.9851772488998884,0.37255119125711106,6.851909090909091,0.382787631447236,2.2957508318749054,0.5749457508523221,5.08300555139234,0.2844292612601424,2.7044278528076107,15987787.878787875,5.183464461502028,2.3962097419842543,0.3198746677058602,2009565.168434432,5.950000000000029,783692.9358793576,-5735870.363814143,0.0,0.25450275138705897,7272852.908746622,0.0,262862.3053154003
sensitivity_common,water_reference_1,summer_zero_recorded_amount,33,0.5,0.0,0.0,43.15123758989527,32.137989313965704,92.62148688267725,0.0,0.0,0.0,0.0,0.0,11.419848484848485,0.382787631447236,2.2957508318749054,0.1843159005987618,1.8923859971407258,0.0,0.0,11419848.48484848,0.1741625732048707,0.5774769013349204,0.024359664247213638,1524989.0207389258,0.0,59681.177405673414,-4807332.601946247,0.0,0.0,5106399.176609062,5.050660360934668e-05,-72942.26607836311
sensitivity_common,water_reference_1,summer_zero_recorded_amount,33,0.5,0.5,2.975,42.796276095379966,31.996455830110722,89.27481849269694,3.346668389980318,0.8239553820734073,5.27025133325705,0.3549614945153087,0.1415334838549823,11.419848484848485,0.382787631447236,2.2957508318749054,0.334048208513548,2.7422964736897937,0.10549138803041827,2.7283461888961527,11419848.48484848,2.839215975483027,2.392670333667592,0.1298510522776319,1503387.7182280514,2.9750000000000143,318135.0780801982,-4723735.899947992,0.0,0.05467239517304925,4913462.397445818,0.0,2620.467022327343
sensitivity_common,water_reference_1,summer_zero_recorded_amount,33,0.5,1.0,5.95,42.465746151431034,31.866419885540548,86.200864879506,6.4206220031712515,0.8223696814043677,10.172722285125744,0.6854914384642402,0.2715694284251616,11.419848484848485,0.382787631447236,2.2957508318749054,0.5868108469747616,5.163111274812686,0.20351163118481105,5.139923446048233,11419848.48484848,5.2635701861272866,2.3962097431891904,0.22787129543202467,1483137.1633985112,5.950000000000029,558284.6738084605,-4647515.5683848765,0.0,0.25453530291320026,4737266.326531119,0.0,291217.58954591426
sensitivity_common,water_reference_1,summer_reported_rain,17,0.1,0.0,0.0,42.12251479473031,29.719273650224547,100.77640054407449,0.0,0.0,0.0,0.0,0.0,1.2312352941176472,2.5720684255260395,9.5971161950237,3.4786838865054373,14.096689789070133,0.0,0.0,11081117.647058824,6.2664872667311196,1.7666307408503095,0.12080462584647167,1165199.02212957,0.0,295971.3333238556,-3714038.027972481,33.32352941176469,26.029904990040876,5779981.087302389,0.00028293183308458433,450210.2895560456
sensitivity_common,water_reference_1,summer_reported_rain,17,0.1,0.5,2.975,41.782654051395056,29.61415786102905,98.26063799708592,2.515762546988574,0.002788600874296776,7.740405797154892,0.33986074333525224,0.10511578919549519,1.2312352941176472,2.5720684255260395,9.5971161950237,3.5526403210163844,14.962926947130256,0.07829839409893782,0.0,11081117.647058824,7.761884613499602,2.3960738613916495,0.1991030199454095,1149237.68253416,2.9750000000000143,487802.39886625326,-3649197.0238133343,33.32352941176469,27.35696988282948,5636650.069778758,0.0,526884.2496065464
sensitivity_common,water_reference_1,summer_reported_rain,17,0.1,1.0,5.95,41.50459626251375,29.528593144126916,96.21043842047806,4.565962123596434,0.005385249883488541,15.095872698402843,0.617918532216558,0.19068050609762927,1.2312352941176472,2.5720684255260395,9.5971161950237,3.638985017716912,16.139765962810927,0.14052801494928419,0.0,11081117.647058824,8.940617092224823,2.397967324436398,0.26133264079575586,1136090.6703597438,5.950000000000029,640264.9699496019,-3596753.1653741263,33.32352941176469,29.004663086553418,5524232.144769514,0.0,651917.7371960309
sensitivity_common,water_reference_1,summer_reported_rain,17,0.3,0.0,0.0,38.693928819660016,28.699552195259862,76.67823836153816,0.0,0.0,0.0,0.0,0.0,3.693705882352941,2.5720684255260395,9.5971161950237,3.4815009141858755,14.116681363302334,0.0,0.0,8618647.058823533,6.286417474036777,1.7668523057568688,0.09284162887755461,885355.8908517433,0.0,227461.99075000876,-3121359.9663789435,33.32352941176469,26.034837820190614,4374081.451508862,0.0,469384.8156028206
sensitivity_common,water_reference_1,summer_reported_rain,17,0.3,0.5,2.975,38.438173336620444,28.617882668659078,74.72652591114021,1.9517124503979555,0.0022791371341597255,5.9083528345028355,0.25575548303957435,0.0816695266007822,3.693705882352941,2.5720684255260395,9.5971161950237,3.5566890412566026,14.999580180587996,0.05942811719721014,0.5640500965906178,8618647.058823533,7.798537851783669,2.396073866217994,0.15226974607476476,872799.5982195466,2.9750000000000143,373060.87788317364,-3072774.696878537,33.32352941176469,27.36310119817583,4262893.005961172,0.0,552831.6361072332
sensitivity_common,water_reference_1,summer_reported_rain,17,0.3,1.0,5.95,38.223365552569305,28.550758783458576,73.11904824428562,3.559190117252547,0.004398685245348588,11.59638188512875,0.4705632670907103,0.14879341180128716,3.693705882352941,2.5720684255260395,9.5971161950237,3.6441786406869685,16.18775519651223,0.10722362885850284,1.006772006343886,8618647.058823533,8.988606326490158,2.3979673250004625,0.20006525773605746,862291.106755452,5.950000000000029,490159.88145334076,-3033090.0445312494,33.32352941176469,29.012747612377705,4174828.0757314283,0.0,681697.7783440984
sensitivity_common,water_reference_1,summer_reported_rain,17,0.5,0.0,0.0,35.226028588948026,27.66928006509093,52.4568298871033,0.0,0.0,0.0,0.0,0.0,6.156176470588235,2.5720684255260395,9.5971161950237,3.4836549143468614,14.134951711431787,0.0,0.0,6156176.470588237,6.304877979130168,1.7670424627208148,0.06753946249734549,602589.9820356625,0.0,165471.68311849647,-2540714.777585406,33.32352941176469,26.03952548131645,2953178.9608580745,0.0,487688.734331218
sensitivity_common,water_reference_1,summer_reported_rain,17,0.5,0.5,2.975,35.040461535265834,27.608818223046335,51.02105541558971,1.4357744715135896,0.0017691019190380075,4.1470085173147595,0.18556705368219142,0.06046184204459739,6.156176470588235,2.5720684255260395,9.5971161950237,3.5602797093400995,15.031915235238321,0.04304702326115472,1.0799880754749842,6156176.470588237,7.8308729110141355,2.3960738707981424,0.11058648575850022,592591.3915113941,2.9750000000000143,270936.8901083256,-2506011.186042303,33.32352941176469,27.36885873117814,2870947.457294157,0.0,576920.4200117465
sensitivity_common,water_reference_1,summer_reported_rain,17,0.5,1.0,5.95,34.882675884116935,27.558552303311387,49.82816445496919,2.6286654321341043,0.003411012933696611,8.191570803846687,0.3433527048310888,0.11072776177954491,6.156176470588235,2.5720684255260395,9.5971161950237,3.6487762506634085,16.22982070277712,0.07817802833082256,1.937296691462332,6156176.470588237,9.030671833317921,2.3979673255633482,0.14571749082816807,584120.6305806614,5.950000000000029,357007.8525290118,-2477340.852964197,33.32352941176469,29.020432262481417,2805034.5114589697,0.0,708899.4188585066
sensitivity_common,water_reference_2,summer_zero_recorded_amount,33,0.1,0.0,0.0,54.71506064522675,36.04175927276799,184.66456665103416,0.0,0.0,0.0,0.0,0.0,2.283969696969697,0.3827530770141154,2.294741960810521,0.17861052027237587,1.873203095096203,0.0,0.0,20555727.272727273,0.1561124544823284,0.5765668735466878,0.04911454890884142,2603474.2859381293,0.0,120330.64482666146,-7163328.512469491,0.0,0.0,10418386.73156187,0.0010844466494302767,-81995.90480757445
sensitivity_common,water_reference_2,summer_zero_recorded_amount,33,0.1,0.5,2.975,53.96609491644066,35.78168744049249,178.47025862261086,6.194308028423274,1.5632235562995618,9.581208741986927,0.7489657287860894,0.26007183227550484,2.283969696969697,0.3827530770141154,2.294741960810521,0.3183615916431602,2.6321537603250897,0.20553876496547388,0.0,20555727.272727273,2.730082096750861,2.3926702972357625,0.2546533138743153,2563724.964943458,2.9750000000000143,623900.6189920724,-6993202.150587416,0.0,0.054656074745796944,10058957.830537915,0.0,-42864.61316650922
sensitivity_common,water_reference_2,summer_zero_recorded_amount,33,0.1,1.0,5.95,53.29618764475021,35.547075966903954,172.87044298804162,11.79412366299254,1.5717071234672062,18.45665601691934,1.418873000476536,0.4946833058640389,2.283969696969697,0.3827530770141154,2.294741960810521,0.5602912888021678,4.977105411864119,0.39037075312128405,0.0,20555727.272727273,5.078573188460266,2.3962097374062883,0.4394853020301255,2528041.7628055485,5.950000000000029,1076738.9899738072,-6842230.2334231865,0.0,0.2544032977215857,9738716.475157559,0.0,225065.5459737548
sensitivity_common,water_reference_2,summer_zero_recorded_amount,33,0.3,0.0,0.0,49.11629760947962,34.09874275924222,139.15751023189003,0.0,0.0,0.0,0.0,0.0,6.851909090909091,0.3827530770141154,2.294741960810521,0.1821271239429227,1.8824606392210712,0.0,0.0,15987787.878787875,0.16506212273901616,0.5769349513458352,0.035972323314284085,2065608.445581885,0.0,88132.19211999598,-5968704.656938203,0.0,0.0,7774879.205428202,0.00040849298210696904,-77123.9135181927
sensitivity_common,water_reference_2,summer_zero_recorded_amount,33,0.3,0.5,2.975,48.572059696314255,33.900522430695204,134.45552338392096,4.70198684796906,1.1762957593583678,7.231399746285604,0.5442379131653657,0.19822032854701546,6.851909090909091,0.3827530770141154,2.294741960810521,0.3266253564396852,2.6892954566957408,0.15327099143115294,1.4923211804542138,15987787.878787875,2.7872238073905766,2.392670311504816,0.18924331474543704,2036193.1056506082,2.9750000000000143,463646.1211263208,-5843939.241899792,0.0,0.05466059843843383,7501166.316991435,0.0,-18482.190080489305
sensitivity_common,water_reference_2,summer_zero_recorded_amount,33,0.3,1.0,5.95,48.08170679235026,33.71978401816882,130.15578010341073,9.001730128479297,1.1785147825814164,14.131480085191754,1.0345908171293572,0.3789587410733908,6.851909090909091,0.3827530770141154,2.294741960810521,0.5742580059307694,5.073673951039453,0.2929382608545612,2.7923935345132422,15987787.878787875,5.175141729399693,2.396209739170412,0.3289105841688453,2009304.307285989,5.950000000000029,805830.9312136709,-5732028.408000321,0.0,0.254442757514844,7254869.923631737,0.0,260790.9040555511
sensitivity_common,water_reference_2,summer_zero_recorded_amount,33,0.5,0.0,0.0,43.45753946494706,32.1335092859188,93.48222006823308,0.0,0.0,0.0,0.0,0.0,11.419848484848485,0.3827530770141154,2.294741960810521,0.18425971925161688,1.8912960077984273,0.0,0.0,11419848.48484848,0.17385708968916083,0.5772516432806549,0.02468766749341371,1521588.682225581,0.0,60484.78535886357,-4807843.237058288,0.0,0.0,5100671.625917641,5.1399420076319663e-05,-72998.15237420639
sensitivity_common,water_reference_2,summer_zero_recorded_amount,33,0.5,0.5,2.975,43.08844400972672,31.99018223465322,90.09557591014385,3.3866441580892195,0.8237065079090087,5.281224703062065,0.36909545522034165,0.14332705126557782,11.419848484848485,0.3827530770141154,2.294741960810521,0.3337429604713784,2.7380807623173,0.10864821327499564,2.807663870334054,11419848.48484848,2.8360091271869448,2.3926703256796222,0.13333588076840935,1499855.796921501,2.9750000000000143,326672.90788260294,-4721036.181436073,0.0,0.05466510858740045,4902848.385643171,0.0,1974.4126000921044
sensitivity_common,water_reference_2,summer_zero_recorded_amount,33,0.5,1.0,5.95,42.74622602320375,31.85803839391223,86.96572701174854,6.516493056484538,0.8233154687816864,10.374982681926156,0.7113134417433196,0.2754708920065643,11.419848484848485,0.3827530770141154,2.294741960810521,0.5863621457013816,5.156664763379396,0.20908882792061614,5.277630606508002,11419848.48484848,5.258132543497439,2.396209740928252,0.23377649541402984,1479714.3623678987,5.950000000000029,572752.413764373,-4642340.353242015,0.0,0.2544818924013016,4723026.956611112,0.0,290058.3868995851
sensitivity_common,water_reference_2,summer_reported_rain,17,0.1,0.0,0.0,42.72719720260203,29.735275265850582,101.36045010823786,0.0,0.0,0.0,0.0,0.0,1.2312352941176472,2.572024888039327,9.595746300269917,3.4786928337769236,14.093930325761868,0.0,0.0,11081117.647058824,6.264928490091289,1.766471076235418,0.12238807711060469,1167798.093040288,0.0,299850.78892098146,-3726094.6080536083,33.32352941176469,26.02981828718794,5770271.9844656605,0.0002733883626411859,456595.1500387281
sensitivity_common,water_reference_2,summer_reported_rain,17,0.1,0.5,2.975,42.36346691348309,29.62776267390273,98.78641373071895,2.57403637751891,0.0028256750173909495,7.901391546825408,0.36373028911893757,0.10751259194785318,1.2312352941176472,2.572024888039327,9.595746300269917,3.5524651529294777,14.957667915655932,0.08097955496455661,0.0,11081117.647058824,7.757995486461336,2.3960738710739418,0.20336763207516131,1151534.492948979,2.9750000000000143,498250.6985841453,-3658337.0503873187,33.32352941176469,27.356726028338183,5623004.312169856,0.0,532463.5631929717
sensitivity_common,water_reference_2,summer_reported_rain,17,0.1,1.0,5.95,42.06326179983882,29.540077794673838,96.68261629504342,4.67783381319445,0.005424375499451628,15.432072534646096,0.6639354027632054,0.19519747117674455,1.2312352941176472,2.572024888039327,9.595746300269917,3.6387311017323793,16.132934970182518,0.14504731814731828,0.0,11081117.647058824,8.935156002476706,2.397967332562959,0.267435395257923,1138275.1267429015,5.950000000000029,655216.7183819113,-3603801.9066702374,33.32352941176469,29.004231800337195,5507981.58647367,0.0,656946.8990500442
sensitivity_common,water_reference_2,summer_reported_rain,17,0.3,0.0,0.0,39.16746541953846,28.71206615471464,77.18518864758776,0.0,0.0,0.0,0.0,0.0,3.693705882352941,2.572024888039327,9.595746300269917,3.481491305528278,14.114474371754461,0.0,0.0,8618647.058823533,6.285429077083857,1.766701005598073,0.09383339566975873,885610.2593946757,0.0,229891.81939090896,-3129981.951683849,33.32352941176469,26.034800521522214,4366295.03927716,0.0,474771.277827088
sensitivity_common,water_reference_2,summer_reported_rain,17,0.3,0.5,2.975,38.89656688737418,28.628739916381896,75.19703281419619,1.9881558333915617,0.002273843376549678,6.003590687775102,0.27089853216427534,0.08332623833274552,3.693705882352941,2.572024888039327,9.595746300269917,3.556571777853639,14.995529399515364,0.061343624529527754,0.5858805441273477,8618647.058823533,7.795856977862005,2.396073878615181,0.1551770201992865,872932.5902170502,2.9750000000000143,380183.6994882519,-3079313.8012219383,33.32352941176469,27.36294852388923,4252244.0758039495,0.0,557695.748980944
sensitivity_common,water_reference_2,summer_reported_rain,17,0.3,1.0,5.95,38.669202449799954,28.5600665672924,73.55567830634699,3.6295103412407603,0.004362852003325202,11.801146422400564,0.4982629697385015,0.1519995874222447,3.693705882352941,2.572024888039327,9.595746300269917,3.64400826104953,16.182566288807802,0.11047150155597611,1.0483234719536905,8618647.058823533,8.984787321924891,2.3979673333858327,0.20430489722573486,862416.4804270494,5.950000000000029,500546.99820305035,-3038116.2040810776,33.32352941176469,29.01245381960405,4162262.952818973,0.0,686206.1324176367
sensitivity_common,water_reference_2,summer_reported_rain,17,0.5,0.0,0.0,35.57173209795411,27.67788535107199,52.893580490437586,0.0,0.0,0.0,0.0,0.0,6.156176470588235,2.572024888039327,9.595746300269917,3.483650969484774,14.133162353707675,0.0,0.0,6156176.470588237,6.304313842053494,1.766897788614511,0.06806265836692489,600349.4401860272,0.0,166753.51299896595,-2546129.084442729,33.32352941176469,26.03952682989892,2946857.243436279,0.0,492019.1950497215
sensitivity_common,water_reference_2,summer_reported_rain,17,0.5,0.5,2.975,35.381637851563234,27.61639361992185,51.4299924843274,1.4635880061101862,0.0017214691377205327,4.3267534226525015,0.19009424639087122,0.06149173115013983,6.156176470588235,2.572024888039327,9.595746300269917,3.5602048025475783,15.028854437391246,0.0443243577854768,1.1104483714087234,6156176.470588237,7.829182022618153,2.3960738854954475,0.1123870161524017,590351.2953222188,2.9750000000000143,275348.1895733842,-2510030.860595371,33.32352941176469,27.368780458486025,2862686.051520573,0.0,580954.077913393
sensitivity_common,water_reference_2,summer_reported_rain,17,0.5,1.0,5.95,35.222638184977754,27.565091406578144,50.216984202730515,2.6765962877070697,0.0033002829299988434,8.398428106857864,0.3490939129763491,0.11279394449384984,6.156176470588235,2.572024888039327,9.595746300269917,3.6486695327033107,16.22598025677539,0.08035562424796187,2.001237525487381,6156176.470588237,9.02820129071283,2.3979673342061973,0.14841828261488677,581939.8538298123,5.950000000000029,363624.79240647255,-2480337.377730945,33.32352941176469,29.020265193773174,2795464.6758503933,0.0,712735.7996696115
sensitivity_common,wind_1,summer_zero_recorded_amount,33,0.1,0.0,0.0,59.35433784581,37.79428704061149,225.83590801500432,0.0,0.0,0.0,0.0,0.0,2.283969696969697,0.3836423036200675,2.3023956678289506,0.18031057419493873,1.8826762984369616,0.0,0.0,20555727.272727273,0.15988742324766123,0.578750092192479,0.044301006624119746,3135593.80211567,0.0,108537.46622909338,-8273181.936869668,0.0,0.0,8730264.46791964,0.000856700446652288,-84004.31714982998
sensitivity_common,wind_1,summer_zero_recorded_amount,33,0.1,0.5,2.975,58.549324332354935,37.50334929781397,218.88763617836764,6.94827183663664,1.9109902127179055,10.25006287058693,0.8050135134550694,0.2909377427975193,2.283969696969697,0.3836423036200675,2.3023956678289506,0.32298593375095774,2.6685910473565615,0.17779417828701322,0.0,20555727.272727273,2.7588661207935488,2.392670741265401,0.22209518491113298,3092708.4463404035,2.9750000000000143,544133.2030322758,-8079940.575816187,0.0,0.054695064164447665,8455871.467821462,0.0,-47640.35960593
sensitivity_common,wind_1,summer_zero_recorded_amount,33,0.1,1.0,5.95,57.822853625831776,37.24324969751819,212.6504796451968,13.185428369807461,1.917322786705256,19.755056148486574,1.5314842199782215,0.5510373430932992,2.283969696969697,0.3836423036200675,2.3023956678289506,0.5680192450358117,5.035225148658605,0.337180095120145,0.0,20555727.272727273,5.129039409778609,2.396209928948585,0.38148110174426475,3054059.433136262,5.950000000000029,934628.6992734488,-7908887.088689505,0.0,0.25510254706141133,8212205.326406256,0.0,222807.11249719383
sensitivity_common,wind_1,summer_zero_recorded_amount,33,0.3,0.0,0.0,52.74032592053656,35.437651221161104,170.4990888591682,0.0,0.0,0.0,0.0,0.0,6.851909090909091,0.3836423036200675,2.3023956678289506,0.18362030981436114,1.8920156472596958,0.0,0.0,15987787.878787875,0.16896381560574217,0.5790979951912446,0.03130401918319487,2488951.695022051,0.0,76694.84699882743,-6783627.655423015,0.0,0.0,6539288.158995184,0.000245840983229654,-78504.51950000995
sensitivity_common,wind_1,summer_zero_recorded_amount,33,0.3,0.5,2.975,52.158660082362054,35.22024612736053,165.3134590602446,5.185629798923609,1.4181430355098712,7.660829699071371,0.5816658381745109,0.21740509380057269,6.851909090909091,0.3836423036200675,2.3023956678289506,0.3310809994452396,2.723286592500274,0.12799762626937108,1.7626420377130345,15987787.878787875,2.8135616746464436,2.392670749974572,0.15930164545256595,2458310.499249559,2.9750000000000143,390289.0313587866,-6645735.18994099,0.0,0.054697984075836814,6334417.411642779,0.0,-21125.3157667998
sensitivity_common,wind_1,summer_zero_recorded_amount,33,0.3,1.0,5.95,51.623308256803,35.023837291455386,160.60488599501997,9.894202864148273,1.41753762356322,14.916777814872177,1.1170176637335696,0.4138139297057121,6.851909090909091,0.3836423036200675,2.3023956678289506,0.5816469472472906,5.127294609630517,0.24445328719142606,3.291225505659193,15987787.878787875,5.2211088718116585,2.3962099300097717,0.2757573063746209,2430197.530633345,5.950000000000029,675605.4006178213,-6522312.840526939,0.0,0.2551291781865275,6150640.303526204,0.0,260882.61412952136
sensitivity_common,wind_1,summer_zero_recorded_amount,33,0.5,0.0,0.0,45.997658152554415,33.04209377546356,114.72850195342423,0.0,0.0,0.0,0.0,0.0,11.419848484848485,0.3836423036200675,2.3023956678289506,0.18542669673796228,1.9006409218142548,0.0,0.0,11419848.48484848,0.17763716829644052,0.5793869720625764,0.0205833808337093,1831727.487967554,0.0,50429.28304258778,-5338968.4045778485,0.0,0.0,4311633.615351895,4.942248043861303e-06,-73926.075492521
sensitivity_common,wind_1,summer_zero_recorded_amount,33,0.5,0.5,2.975,45.60157315382055,32.88872712407862,111.0664843703164,3.6620175831078203,0.9782540576733112,5.465803513338102,0.39608499873386227,0.15336665138494374,11.419848484848485,0.3836423036200675,2.3023956678289506,0.33779631964743223,2.7682036203305094,0.08708299697311372,3.2862542535288237,11419848.48484848,2.858478711137056,2.392670758634947,0.10766637780682303,1809902.1883997973,2.9750000000000143,263782.6256267164,-5246117.282912565,0.0,0.0547008950287745,4167222.13211199,0.0,773.2092775792935
sensitivity_common,wind_1,summer_zero_recorded_amount,33,0.5,1.0,5.95,45.238549207693374,32.74878977293799,107.70589982740438,7.022602126019857,0.9752486354467749,10.716724722087221,0.7591089448610409,0.29330400252557787,11.419848484848485,0.3836423036200675,2.3023956678289506,0.5930372679625805,5.203506508447789,0.16754531857752156,6.162826243787606,11419848.48484848,5.297320771686418,2.396209931067275,0.18812869941123084,1789685.3448207288,5.950000000000029,460915.3135575156,-5162175.318391873,0.0,0.25515556455986843,4036449.5610677144,0.0,291366.40963493666
sensitivity_common,wind_1,summer_reported_rain,17,0.1,0.0,0.0,45.30218097916295,30.71538274496298,124.55379381227733,0.0,0.0,0.0,0.0,0.0,1.2312352941176472,2.5730368368093672,9.606380995267235,3.4806685809018254,14.113911849666229,0.0,0.0,11081117.647058824,6.275336379076684,1.7676600763587975,0.10504399430263854,1479041.696313091,0.0,257357.78604146442,-4305771.822235443,33.32352941176469,26.035662742610647,4876280.28869014,0.0001454483176527929,434726.568297542
sensitivity_common,wind_1,summer_reported_rain,17,0.1,0.5,2.975,44.91386590520767,30.595477760315443,121.67821611471848,2.875577697558852,0.0047327937594587866,8.58480869177302,0.38831507395527315,0.119904984647545,1.2312352941176472,2.5730368368093672,9.606380995267235,3.5553032445809443,14.988957593184788,0.0689720830587211,0.0,11081117.647058824,7.778650939356063,2.3960743414371213,0.17401607736135966,1461464.995251574,2.9750000000000143,426339.3895353311,-4229258.963122581,33.32352941176469,27.36359598727583,4763674.776805557,0.0,509500.5610332213
sensitivity_common,wind_1,summer_reported_rain,17,0.1,1.0,5.95,44.59326099857178,30.499145875972363,119.36445969000802,5.189334122269314,0.009079387573038389,16.705740084445495,0.7089199805911723,0.2162368689906223,1.2312352941176472,2.5730368368093672,9.606380995267235,3.6422378024875757,16.170949633144968,0.12324631894820681,0.0,11081117.647058824,8.962536197228186,2.3979675593492877,0.22829031325084537,1447146.769105928,5.950000000000029,559311.2674645712,-4168316.834160439,33.32352941176469,29.013501935607632,4675980.612740006,0.0,633962.5111616149
sensitivity_common,wind_1,summer_reported_rain,17,0.3,0.0,0.0,41.1763918309389,29.469556875667653,95.04139003134289,0.0,0.0,0.0,0.0,0.0,3.693705882352941,2.5730368368093672,9.606380995267235,3.483169888830433,14.133085379096784,0.0,0.0,8618647.058823533,6.294587650623694,1.7678832667929325,0.07871643398102295,1138714.5491452045,0.0,192855.26325350621,-3564618.3396562343,33.32352941176469,26.040092275139003,3703960.560947292,0.0,457074.6261187507
sensitivity_common,wind_1,summer_reported_rain,17,0.3,0.5,2.975,40.88431928825897,29.378065228630387,92.85057155505476,2.1908184762881326,0.004059104914567513,6.441490334297754,0.2920725426799193,0.09149164703726828,3.693705882352941,2.5730368368093672,9.606380995267235,3.5592304690035763,15.024153793836172,0.050599989563637315,0.6847592212707203,8618647.058823533,7.813847144224289,2.396074345653986,0.12931642354466025,1125351.1097785858,2.9750000000000143,316825.23768441763,-3508683.2281608316,33.32352941176469,27.369172211801672,3618192.6091396976,0.0,539327.2355879843
sensitivity_common,wind_1,summer_reported_rain,17,0.3,1.0,5.95,40.63969495342275,29.303773572255114,91.06798957764506,3.9734004536978262,0.007780154350754742,12.617105452211064,0.5366968775161451,0.16578330341253783,3.693705882352941,2.5730368368093672,9.606380995267235,3.6472892463813715,16.21699120541519,0.09095561517951446,1.2159336685714892,8618647.058823533,9.008577769985031,2.397967559835932,0.16967204916053744,1114263.9617845875,5.950000000000029,415696.5204433166,-3463638.7596815834,33.32352941176469,29.021027183047305,3550682.158671721,0.0,667889.0048900256
sensitivity_common,wind_1,summer_reported_rain,17,0.5,0.0,0.0,36.978415259406894,28.20557242041822,65.29541425618942,0.0,0.0,0.0,0.0,0.0,6.156176470588235,2.5730368368093672,9.606380995267235,3.48518246445334,14.149893913215715,0.0,0.0,6156176.470588237,6.311579906578023,1.7680669886283025,0.055569695303627875,793419.5056894096,0.0,136145.7534938883,-2839596.5611044867,33.32352941176469,26.04423418223916,2514089.974985567,0.0,478382.49222471955
sensitivity_common,wind_1,summer_reported_rain,17,0.5,0.5,2.975,36.770411280221516,28.13937450456419,63.714366423927885,1.5810478322615262,0.003384198205154121,4.469813094774366,0.2080039791853816,0.06619791585402916,6.156176470588235,2.5730368368093672,9.606380995267235,3.5626060738342145,15.054188148391582,0.03520251575971609,1.294529865297326,6156176.470588237,7.843881502749463,2.3960743496237775,0.09077221106334397,783133.7765963364,2.9750000000000143,222391.91710519273,-2800812.3712292314,33.32352941176469,27.374306460927176,2452131.14917739,0.0,566921.9387144311
sensitivity_common,wind_1,summer_reported_rain,17,0.5,1.0,5.95,36.59694690421871,28.0849643771238,62.41648929436075,2.878924961828662,0.006478569780711041,8.76125815348918,0.3814683551881842,0.12060804329442058,6.156176470588235,2.5730368368093672,9.606380995267235,3.6516217542152756,16.25608961966137,0.06373504298456245,2.3104091604406545,6156176.470588237,9.047676184716659,2.397967560321363,0.11930473828819033,774482.355392445,5.950000000000029,292296.6088060663,-2769199.0164332255,33.32352941176469,29.027963571354103,2402749.330503465,0.0,698736.4679770606
sensitivity_common,wind_2,summer_zero_recorded_amount,33,0.1,0.0,0.0,51.055522061755006,34.84425773548106,155.79914284755108,0.0,0.0,0.0,0.0,0.0,2.283969696969697,0.382110869381194,2.2900886035526744,0.1775028330306303,1.8679196035158532,0.0,0.0,20555727.272727273,0.1542114212982825,0.575167824865885,0.05160921152097352,2236506.488823052,0.0,126442.56822638512,-6416417.191125036,0.0,0.0,11556318.889155187,0.0012125964686919015,-80330.25480262024
sensitivity_common,wind_2,summer_zero_recorded_amount,33,0.1,0.5,2.975,50.40258197555038,34.61312970200807,150.31436475213167,5.484778095419387,1.31436802615778,8.6246032286125,0.6529400862046201,0.23112803347298902,2.283969696969697,0.382110869381194,2.2900886035526744,0.31553879690671527,2.613064294797224,0.21968586148319594,0.0,20555727.272727273,2.71564561433493,2.3926699230898523,0.27129507300416944,2200818.7731189206,2.9750000000000143,664672.9288602152,-6270350.246788277,0.0,0.054631385135398836,11141432.860095713,0.0,-37502.92532119636
sensitivity_common,wind_2,summer_zero_recorded_amount,33,0.1,1.0,5.95,49.809017264336234,34.40357891793705,145.33888307185435,10.460259775696715,1.3201925435046178,16.753889825924972,1.2465047974187728,0.44067881754401333,2.283969696969697,0.382110869381194,2.2900886035526744,0.5554092863379285,4.946067973521554,0.4189756005907929,0.0,20555727.272727273,5.05218894611464,2.396209576145382,0.4705848121117664,2168340.779673426,5.950000000000029,1152932.7896738278,-6139542.235716863,0.0,0.253927824816886,10768556.398720969,0.0,230011.53127465915
sensitivity_common,wind_2,summer_zero_recorded_amount,33,0.3,0.0,0.0,46.27313255147596,33.19421304303793,117.11960681626186,0.0,0.0,0.0,0.0,0.0,6.851909090909091,0.382110869381194,2.2900886035526744,0.18096070389717117,1.8768577589965827,0.0,0.0,15987787.878787875,0.16283453939672582,0.5755288969890912,0.0388521130504913,1778879.6103119398,0.0,95187.67697370368,-5424082.676160427,0.0,0.0,8603992.90241143,0.000536486963194234,-76039.11958309192
sensitivity_common,wind_2,summer_zero_recorded_amount,33,0.3,0.5,2.975,45.78040960017331,33.01442930652427,112.87590263841797,4.243704177843888,1.0007667851809572,6.769290388160385,0.4927229513026618,0.17978373651365276,6.851909090909091,0.382110869381194,2.2900886035526744,0.32358845978720086,2.668949448040688,0.16850296999470618,1.2410739175755003,15987787.878787875,2.7715307822097586,2.392669937721206,0.20735508304519748,1751440.945198239,2.9750000000000143,508019.9534607338,-5314240.643293606,0.0,0.054636544339055584,8281625.341474445,0.0,-15647.333104974176
sensitivity_common,wind_2,summer_zero_recorded_amount,33,0.3,1.0,5.95,45.3309021288881,32.84985416464043,108.9848135136984,8.134793302563452,1.0020028020331466,13.236349032257209,0.9422304225878679,0.34435887839749185,6.851909090909091,0.382110869381194,2.2900886035526744,0.5690687315750813,5.040939469007025,0.3231578150616728,2.3254664731332664,15987787.878787875,5.147060443405408,2.396209577950672,0.3620099281121641,1726038.3904165502,5.950000000000029,886924.3238748019,-5214892.459610537,0.0,0.25397176628857254,7989248.475824551,0.0,262424.21463199053
sensitivity_common,wind_2,summer_zero_recorded_amount,33,0.5,0.0,0.0,41.447297664696876,31.530548931409722,78.38178182547085,0.0,0.0,0.0,0.0,0.0,11.419848484848485,0.382110869381194,2.2900886035526744,0.1833757864136317,1.8853942365567884,0.0,0.0,11419848.48484848,0.1712616604010262,0.575847772501894,0.02758167746103204,1317457.47183044,0.0,67575.10977952852,-4457433.393541469,0.0,0.0,5626928.025376563,0.0001082548944945115,-72343.15608627559
sensitivity_common,wind_2,summer_zero_recorded_amount,33,0.5,0.5,2.975,41.10641404266664,31.397131902672548,75.25616268322268,3.125619142248167,0.7146338424737309,5.0895944335937315,0.3408836220302384,0.13341702873717604,11.419848484848485,0.382110869381194,2.2900886035526744,0.3307142015717189,2.718011240614268,0.12358071053308722,2.359158953171219,11419848.48484848,2.8205925893355936,2.392669952273458,0.15116238799411927,1296311.9694738756,2.9750000000000143,370347.8505855922,-4378619.689481373,0.0,0.05464169047978144,5387861.054797507,0.0,3013.250007843658
sensitivity_common,wind_2,summer_zero_recorded_amount,33,0.5,1.0,5.95,40.79668106000622,31.27371003035232,72.3703298273616,6.011451998109245,0.7145004168898907,9.906413194057663,0.6506166046906522,0.256838901057401,11.419848484848485,0.382110869381194,2.2900886035526744,0.581220036972667,5.124667708836853,0.2385050739991532,4.448807777587473,11419848.48484848,5.230788685035354,2.396209579750855,0.26608675146018523,1276457.350986865,5.950000000000029,651912.5410774538,-4306582.029875128,0.0,0.25401539591301947,5168883.248123968,0.0,289558.03934666817
sensitivity_common,wind_2,summer_reported_rain,17,0.1,0.0,0.0,40.41977210331078,29.064586450862308,85.31066282405997,0.0,0.0,0.0,0.0,0.0,1.2312352941176472,2.5712812138440633,9.589058615853535,3.4771943802019014,14.082054863281515,0.0,0.0,11081117.647058824,6.259072676011597,1.7657033891391056,0.1334695105494986,956317.0953648323,0.0,327000.30084627157,-3333873.9037787234,33.32352941176469,26.025447098289106,6368029.937433661,0.0003730394432527989,465342.8746630989
sensitivity_common,wind_2,summer_reported_rain,17,0.1,0.5,2.975,40.09196994783464,28.968863906512304,83.02110268243796,2.2895601416220224,0.0018879493958863236,7.160494385234017,0.327802155476139,0.09572254435000109,1.2312352941176472,2.5712812138440633,9.589058615853535,3.5504925370702543,14.939533176267945,0.08762266508679206,0.0,11081117.647058824,7.7465480103491,2.396073449933235,0.2210921756362907,941543.56065611,2.9750000000000143,541675.8303089122,-3275356.346292313,33.32352941176469,27.351677902553263,6197422.35849054,0.0,542737.11115509
sensitivity_common,wind_2,summer_reported_rain,17,0.1,1.0,5.95,39.818683256813934,28.89010599406103,81.13741645815874,4.173246365901239,0.0036468559951217117,13.985440511886083,0.6010888464968427,0.1744804568012776,1.2312352941176472,2.5712812138440633,9.589058615853535,3.636300978237823,16.111041638660716,0.15761542836677184,0.0,11081117.647058824,8.919950148375866,2.3979671255674933,0.2910849389162704,929348.1859607837,5.950000000000029,713158.1003448626,-3227655.120881389,33.32352941176469,28.997474560078967,6062925.608937797,0.0,667729.0382922563
sensitivity_common,wind_2,summer_reported_rain,17,0.3,0.0,0.0,37.36833026940003,28.19735837383433,64.82848437909244,0.0,0.0,0.0,0.0,0.0,3.693705882352941,2.5712812138440633,9.589058615853535,3.4801987463754664,14.102706014065163,0.0,0.0,8618647.058823533,6.2795732331897245,1.765925834976861,0.1043356108834337,716592.5972127031,0.0,255622.24666441255,-2837210.124470576,33.32352941176469,26.030703035160226,4806045.680772373,0.0,481537.65114282566
sensitivity_common,wind_2,summer_reported_rain,17,0.3,0.5,2.975,37.118075434844464,28.121890219680125,63.03121864544369,1.7972657336487554,0.001453714118042626,5.543181221911709,0.2502548345555714,0.07546815415420148,3.693705882352941,2.5712812138440633,9.589058615853535,3.5545988670163933,14.97756047755215,0.06811532162055446,0.49229440797326746,8618647.058823533,7.784575319371595,2.3960734576715876,0.17245093250398816,704706.2693983581,2.9750000000000143,422504.784634771,-2792493.904022586,33.32352941176469,27.358185506716918,4671543.329882969,0.0,565334.8473560873
sensitivity_common,wind_2,summer_reported_rain,17,0.3,1.0,5.95,36.91215976511897,28.05920678971483,61.535576233417835,3.292908145674611,0.002807680781749866,10.896878984338159,0.45617050428106654,0.1381515841194995,3.693705882352941,2.5712812138440633,9.589058615853535,3.6415670609820943,16.160810815441383,0.12313083952092982,0.880338220226628,8618647.058823533,8.96971932600486,2.397967126415804,0.22746645040436353,694742.2660372636,5.950000000000029,557292.8034906905,-2755701.7726459824,33.32352941176469,29.00605778821761,4564517.073964744,0.0,694050.4595472391
sensitivity_common,wind_2,summer_reported_rain,17,0.5,0.0,0.0,34.29788666569745,27.323138002692776,44.29826331969572,0.0,0.0,0.0,0.0,0.0,6.156176470588235,2.5712812138440633,9.589058615853535,3.4824217338413486,14.122059321192872,0.0,0.0,6156176.470588237,6.299122522854155,1.7661218175135542,0.07752601813334886,474891.83819630934,0.0,189938.74442670468,-2349977.043357169,33.32352941176469,26.03574035078,3231140.0379101797,0.0,496960.99784312386
sensitivity_common,wind_2,summer_reported_rain,17,0.5,0.5,2.975,34.122783616722295,27.266201328246353,42.95827537250709,1.339987947188633,0.0010182989870557435,3.89936693994386,0.17510304897515117,0.056936674446425306,6.156176470588235,2.5712812138440633,9.589058615853535,3.5583135657951943,15.011802169005133,0.05079219107480787,0.9495721944333901,6156176.470588237,7.818817017901125,2.396073464748126,0.12831820920815673,465207.12685929,2.9750000000000143,314379.612559984,-2317259.242164386,33.32352941176469,27.36436183270442,3129560.3332355698,0.0,586293.1203667261
sensitivity_common,wind_2,summer_reported_rain,17,0.5,1.0,5.95,33.97181214036666,27.218369688475736,41.83420029959944,2.464063020096287,0.001966219742847386,7.721313097388759,0.3260745253307878,0.10476831421704096,6.156176470588235,2.5712812138440633,9.589058615853535,3.646323808299163,16.205484130504427,0.09238441136062883,1.7091833458049503,6156176.470588237,9.014392641914105,2.3979671272620324,0.1699104294939777,456986.44360012107,5.950000000000029,416280.5522602454,-2290041.6388419233,33.32352941176469,29.014183745901693,3047791.146911462,0.0,718110.201471726
